user,1,2,3,4,5,6,7,8,9,10,11,12,13,14,15,16,17,18,19,20,21,22,23,24,25,26,27,28,29,30,31,32,33,34,35,36,37,38,39,40,41,42,43,44,45,46,47,48,49,50,51,52,53,54,55,56,57,58,59,60,61,62,63,64,65,66,67,68,69,70,71,72,73,74,75,76,77,78,79,80,81,82,83,84,85,86,87,88,89,90,91,92,93,94,95,96,97,98,99,100,101,102,103,104,105,106,107,108,109,110,111,112,113,114,115,116,117,118,119,120,121,122,123,124,125,126,127,128,129,130,131,132,133,134,135,136,137,138,139,140,141,142,143,144,145,146,147,148,149,150,151,152,153,154,155,156,157,158,159,160,161,162,163,164,165,166,167,168,169,170,171,172,173,174,175,176,177,178,179,180,181,182,183,184,185,186,187,188,189,190,191,192,193,194,195,196,197,198,199,200,201,202,203,204,205,206,207,208,209,210,211,212,213,214,215,216,217,218,219,220,221,222,223,224,225,226,227,228,229,230,231,232,233,234,235,236,237,238,239,240,241,242,243,244,245,246,247,248,249,250,251,252,253,254,255,256,257,258,259,260,261,262,263,264,265,266,267,268,269,270,271,272,273,274,275,276,277,278,279,280,281,282,283,284,285,286,287,288,289,290,291,292,293,294,295,296,297,298,299,300,301,302,303,304,305,306,307,308,309,310,311,312,313,314,315,316
1,3,4,0,1,1,0,1,0,4,4,0,4,4,4,2,3,1,2,4,0,4,3,4,0,3,4,3,1,1,4,3,0,4,1,1,4,3,1,3,1,1,2,1,0,4,4,3,1,0,3,2,3,3,1,2,3,0,0,4,2,2,4,3,2,0,0,1,2,3,4,4,3,1,4,2,1,2,0,1,4,1,1,1,1,2,0,3,1,4,1,4,2,4,3,0,4,4,0,3,1,4,0,2,0,2,3,1,0,4,3,0,4,0,2,0,0,0,3,0,4,2,2,0,3,3,4,0,2,3,0,3,3,2,1,4,4,2,3,0,3,2,4,3,4,0,4,4,1,1,1,4,2,4,2,2,1,3,0,1,1,3,0,4,4,1,0,1,2,1,1,4,4,4,2,4,0,3,0,0,4,3,3,3,2,4,3,2,1,1,2,2,4,4,1,3,1,3,3,4,0,0,2,4,3,0,3,0,0,0,4,1,3,4,4,4,4,4,2,3,4,3,2,2,3,0,1,0,0,0,4,2,0,2,3,1,3,3,4,1,3,3,1,1,3,1,3,3,4,0,3,2,0,0,0,4,3,4,3,4,4,2,4,1,2,4,0,1,1,1,2,4,4,0,0,1,0,2,4,1,0,2,2,0,4,0,1,0,2,0,4,3,0,4,4,2,4,4,4,4,1,1,2,0,4,0,0,2,4,4,3,0,0,1,3,1,1
2,1,2,2,1,3,0,3,4,2,0,0,4,4,1,2,2,3,1,1,1,1,2,2,1,3,0,0,3,1,2,0,4,4,3,1,0,1,0,3,3,4,1,4,1,4,2,2,2,2,0,2,3,3,0,2,2,2,4,1,4,1,2,2,4,4,1,3,1,4,4,0,4,0,3,1,1,0,1,4,2,0,1,0,0,2,4,0,1,3,0,0,2,4,3,1,3,1,4,1,2,2,2,2,3,4,1,1,2,2,0,4,3,1,0,0,1,3,0,0,4,3,0,3,1,2,0,4,1,3,1,0,3,2,1,0,4,3,1,1,2,2,4,4,0,0,4,4,3,2,0,2,2,4,3,1,3,3,2,3,0,2,0,1,2,1,2,4,3,4,1,3,2,3,0,3,0,3,0,1,4,2,3,4,2,2,0,1,1,4,1,3,1,4,1,3,0,4,0,0,0,2,2,0,4,3,3,1,4,2,0,1,3,2,2,0,3,4,2,0,4,3,2,4,4,4,2,2,1,3,0,4,1,0,1,2,4,0,0,0,0,0,1,4,2,2,2,2,1,3,4,0,3,2,3,4,0,0,4,4,2,0,3,1,1,4,2,1,0,4,3,4,3,4,4,4,3,3,4,1,2,2,2,3,3,1,2,2,4,3,2,1,1,2,3,1,4,1,0,0,3,2,3,3,3,3,4,4,1,0,3,1,0,2,4,0,2
3,0,4,4,1,3,0,0,2,4,0,4,0,1,3,0,4,1,0,2,3,0,1,2,1,1,2,1,2,0,2,2,3,2,2,0,3,4,0,0,4,2,1,3,1,4,0,0,3,0,0,3,3,4,0,0,4,2,2,2,4,0,4,4,2,1,0,2,1,1,3,0,1,2,3,0,4,2,1,1,2,1,3,0,3,1,4,0,0,2,2,4,0,4,2,2,0,3,1,2,2,3,3,4,4,1,1,0,4,2,4,2,3,4,3,1,1,0,4,3,2,1,1,2,3,3,4,4,0,1,4,3,2,3,1,3,0,1,2,0,1,2,0,0,1,4,0,0,2,3,1,1,4,4,1,4,2,1,4,1,3,0,1,0,4,0,1,3,4,1,4,2,0,2,1,3,4,0,4,1,4,0,1,4,3,1,1,3,2,0,2,4,3,2,1,4,4,2,2,3,0,2,2,1,4,0,1,3,3,2,2,3,2,0,2,4,2,1,0,1,1,4,0,0,0,0,0,4,2,1,0,2,2,1,4,3,3,2,1,3,2,4,3,2,2,0,4,0,1,0,0,3,2,4,0,4,0,1,0,3,2,1,0,4,1,1,0,1,4,1,4,0,2,1,2,4,1,3,2,1,2,1,0,2,3,3,4,1,2,4,2,1,3,0,3,4,0,4,1,0,4,1,3,1,2,1,1,2,4,4,1,2,2,3,4,0,4
4,4,3,0,3,0,1,0,3,4,0,0,2,4,1,3,1,4,0,0,4,0,0,0,3,3,2,1,4,4,4,2,3,2,4,1,0,3,3,2,3,4,4,2,4,1,2,1,0,1,0,0,1,2,4,4,0,0,2,3,1,0,4,2,1,2,1,1,0,2,2,4,4,0,0,3,4,1,2,0,2,2,3,4,0,2,0,1,3,1,0,0,4,2,2,1,3,2,4,1,1,4,3,4,3,4,4,0,1,4,4,2,1,2,1,2,4,4,0,2,3,0,2,2,0,4,2,4,0,4,1,3,2,3,4,2,4,1,0,2,1,1,2,4,1,3,1,4,4,3,1,4,2,0,0,0,1,3,4,2,2,1,0,1,3,3,4,4,3,3,3,1,3,2,0,3,0,1,0,1,2,1,1,4,3,3,2,2,3,4,3,4,2,0,2,2,1,1,1,1,4,3,0,2,4,0,4,4,2,3,1,3,2,2,2,0,3,3,4,4,4,2,3,2,0,4,2,2,0,1,3,1,4,2,0,0,3,1,3,2,3,0,0,4,4,2,1,3,2,4,3,4,3,1,2,3,0,0,3,3,3,0,0,3,4,4,1,2,4,0,4,1,1,2,4,0,0,3,0,2,2,0,0,3,0,3,3,0,1,1,3,0,1,0,0,0,4,0,4,3,1,1,1,1,1,1,1,3,0,2,4,2,2,0,0,0,1
5,3,1,3,3,2,2,3,3,1,1,2,0,3,1,2,1,3,3,4,0,4,2,1,2,3,4,4,4,2,3,1,1,2,4,0,2,2,3,1,2,2,4,4,0,3,0,4,1,4,3,4,3,3,3,3,3,1,0,2,0,3,1,4,1,3,1,1,3,1,2,2,1,4,3,2,4,1,4,0,2,1,3,1,3,1,4,4,4,0,3,4,0,3,1,0,2,0,0,3,1,2,4,4,0,3,3,4,2,1,2,1,4,1,3,0,0,4,3,2,3,0,0,3,3,0,2,4,4,3,4,0,0,3,3,3,2,4,3,1,1,0,4,3,1,4,0,2,4,4,2,4,0,0,2,3,1,3,4,1,2,2,1,0,1,4,0,2,1,3,3,4,3,1,1,3,1,4,0,4,4,1,0,1,2,1,1,1,0,1,0,3,2,0,3,0,0,2,4,4,0,1,3,1,1,0,0,0,0,4,0,4,4,0,2,3,1,4,3,2,1,1,4,0,2,4,2,0,0,4,0,3,1,4,2,3,4,0,0,0,0,2,3,1,2,2,1,1,0,2,4,1,1,3,4,4,1,0,3,4,1,4,3,3,2,1,3,2,2,4,4,2,4,3,0,3,2,2,3,4,4,2,1,4,3,4,3,2,4,3,2,1,3,1,1,0,4,3,1,0,2,3,1,4,0,1,4,1,3,3,3,0,3,4,1,2,4
6,4,3,0,1,0,1,1,0,4,1,0,1,2,4,3,1,2,3,3,1,0,1,2,3,1,0,1,4,0,2,3,1,0,4,0,4,2,3,2,1,0,4,4,0,0,1,2,4,1,2,1,4,0,0,2,3,2,3,1,1,4,3,4,0,3,2,0,0,2,0,3,4,0,3,1,3,4,3,2,4,1,2,3,4,1,2,1,3,1,0,2,1,3,3,1,3,4,4,4,0,1,0,3,0,3,3,2,4,3,2,4,3,3,0,0,4,3,1,0,4,3,3,1,4,3,0,1,4,1,0,4,1,2,0,0,0,2,2,3,1,3,1,2,2,3,4,3,1,3,0,1,1,4,2,1,2,3,0,4,2,1,2,1,2,1,3,1,1,0,1,0,4,0,3,0,4,3,2,2,0,0,4,4,1,4,1,3,0,3,4,3,3,3,4,3,1,4,3,4,2,1,3,2,2,4,2,1,1,0,1,2,1,4,0,2,0,2,4,0,3,2,3,0,3,3,0,4,3,3,4,3,3,3,1,4,3,4,2,2,3,4,4,4,1,2,4,4,1,1,4,0,4,4,1,1,4,4,4,1,4,4,3,0,2,0,3,2,4,3,4,1,3,1,3,3,1,2,0,4,3,4,1,4,1,4,0,0,0,0,0,0,1,3,4,0,1,1,1,3,4,3,2,1,2,0,0,3,4,2,4,3,0,4,4,0,2
7,0,4,2,2,0,4,3,4,1,3,2,3,2,2,3,2,2,1,4,4,1,3,0,0,0,1,1,2,0,3,3,0,0,0,1,1,1,4,3,3,2,1,4,4,3,1,2,1,0,1,0,0,2,3,1,0,1,3,3,4,3,2,0,4,2,1,0,3,0,1,4,4,4,3,2,2,0,3,4,4,1,1,4,4,3,2,1,2,3,4,2,4,4,0,2,2,4,3,0,4,1,1,0,3,4,2,0,3,2,1,1,2,0,1,4,2,2,1,0,4,0,3,3,1,1,1,3,0,0,1,4,0,3,2,2,2,4,1,3,4,3,3,1,2,1,4,4,4,1,3,3,0,4,3,0,3,4,2,4,1,3,3,1,1,2,3,3,2,0,2,4,3,1,4,3,2,4,3,0,0,1,3,0,2,3,2,2,0,3,4,0,0,3,3,2,3,2,0,1,4,0,3,4,1,1,2,4,2,0,4,0,2,4,2,4,2,1,2,1,2,4,4,4,3,0,4,1,4,3,1,3,1,2,0,0,3,0,3,3,3,0,3,0,3,4,3,1,3,2,3,1,1,0,4,3,0,4,3,2,3,1,1,2,0,4,3,1,0,2,1,2,3,4,1,1,3,0,4,1,4,1,4,2,1,4,0,2,2,0,4,3,0,4,0,0,1,4,3,1,0,0,0,4,4,1,3,1,2,0,0,0,1,1,0,1,4
8,4,1,0,1,1,1,2,4,3,3,2,1,2,2,0,4,3,1,3,3,4,3,3,2,4,0,1,3,1,0,1,0,2,3,0,1,3,2,3,0,2,1,2,2,4,2,2,3,1,3,3,0,3,4,4,0,1,1,3,3,3,1,2,4,2,2,1,2,0,3,0,4,3,2,4,3,2,0,3,2,0,4,4,4,4,1,3,3,1,2,2,4,0,2,0,3,0,3,1,1,4,2,4,3,4,0,3,1,2,3,3,0,2,1,3,3,0,4,1,2,3,3,1,4,3,1,0,4,2,3,1,0,2,1,1,2,0,0,4,3,2,2,2,0,3,4,1,1,2,3,0,3,3,0,2,3,1,0,4,2,0,4,4,3,3,3,0,0,2,3,4,1,2,0,2,2,2,2,1,3,4,2,2,2,3,0,0,1,0,2,2,2,1,2,0,3,3,4,0,2,3,0,3,2,3,4,4,3,0,0,0,3,0,2,4,2,0,2,0,3,2,3,3,1,0,4,0,4,0,3,2,2,1,4,4,4,3,4,2,3,0,4,4,0,4,0,3,2,0,1,0,4,3,3,0,2,1,3,4,4,2,3,0,4,2,3,3,3,3,3,4,2,3,1,1,2,0,0,0,1,0,4,3,1,2,2,3,1,0,0,4,4,0,2,2,4,3,0,4,4,0,0,2,3,3,0,1,4,4,0,1,2,0,0,4,0
9,0,0,4,2,2,0,4,2,2,2,4,4,0,3,2,3,4,4,4,3,4,0,4,1,3,1,4,0,2,4,0,3,1,1,1,3,0,3,1,4,2,3,3,0,0,3,1,2,0,1,4,0,1,1,2,2,4,1,1,2,0,0,3,2,3,2,4,1,4,2,1,0,0,3,2,2,0,4,1,4,4,0,0,0,3,4,2,1,3,2,4,0,4,1,3,3,1,2,2,3,3,0,2,1,2,0,3,3,0,1,3,4,3,4,0,0,3,2,4,1,3,1,3,2,2,2,2,0,0,4,1,3,3,0,3,0,4,1,4,2,2,2,4,3,1,2,2,2,1,2,1,2,4,4,1,4,1,4,4,1,3,4,2,3,1,3,0,0,4,4,2,3,0,4,3,4,4,0,0,4,1,4,4,2,2,2,1,1,4,2,1,0,4,3,4,3,2,3,2,0,3,4,2,4,1,2,3,2,4,0,2,3,1,0,1,2,4,4,3,4,0,4,3,2,2,4,1,2,4,3,4,2,3,4,0,3,0,1,3,0,2,2,1,3,3,3,1,3,2,0,2,2,0,2,1,0,2,4,2,1,3,2,3,4,2,0,3,4,0,0,0,0,2,2,2,4,4,4,1,4,2,2,1,1,4,3,1,0,2,0,2,2,1,1,0,2,0,3,0,4,0,4,4,4,3,0,0,3,2,1,0,1,3,2,2,2
10,3,4,4,1,4,4,2,2,1,0,1,1,3,3,1,1,1,4,3,1,2,2,4,4,0,0,0,4,4,4,2,4,2,0,0,0,1,1,3,3,3,1,1,3,3,4,3,4,2,1,3,1,1,1,2,0,3,0,0,0,1,4,1,1,0,1,0,4,3,0,4,3,2,0,0,2,2,0,2,1,3,3,3,1,2,4,2,0,3,2,4,0,1,1,4,0,3,2,0,1,4,4,2,4,4,0,3,2,0,3,0,0,4,3,2,2,3,4,1,0,4,3,0,2,1,2,3,0,3,0,4,1,4,4,3,1,0,0,2,0,3,4,4,4,1,0,3,1,2,3,3,3,4,3,0,3,4,3,2,2,4,0,0,1,4,3,4,1,4,4,1,0,3,1,2,0,2,0,3,3,4,2,0,3,1,3,1,0,3,3,0,3,1,3,2,4,1,2,0,1,4,4,0,0,1,3,0,3,2,4,3,4,3,2,0,2,0,0,4,2,3,2,4,0,4,1,1,3,4,3,3,1,3,1,0,4,3,1,2,3,0,0,2,1,3,1,0,1,0,1,2,4,2,2,4,4,3,3,2,2,0,0,3,3,0,0,1,1,0,1,4,3,3,0,2,0,1,2,1,4,1,4,4,1,1,4,2,4,3,4,2,3,0,0,2,4,1,2,3,3,0,3,2,3,2,1,0,3,2,4,0,1,2,1,1,3
11,3,2,4,2,4,1,0,2,2,4,1,1,4,1,3,0,2,0,2,3,1,4,3,0,4,1,3,4,3,3,1,2,4,1,3,1,2,4,2,0,4,2,3,4,4,1,3,0,2,1,2,0,0,4,0,2,3,3,4,2,2,0,2,1,0,1,4,3,4,3,4,2,1,3,0,1,0,1,1,4,3,3,1,2,2,0,0,4,1,0,0,1,4,0,4,3,4,2,2,4,2,3,1,2,2,4,3,1,4,4,3,1,3,1,3,4,4,0,2,3,0,2,3,1,2,4,0,2,2,4,3,1,4,1,3,2,1,0,0,4,3,4,4,4,0,0,4,0,3,4,0,1,4,4,3,2,2,3,3,3,2,3,0,4,4,1,1,4,0,2,2,0,2,3,4,4,0,2,1,1,2,1,0,0,2,1,0,0,3,3,0,2,4,4,0,0,0,2,3,0,0,1,2,0,1,4,0,0,1,2,0,4,0,4,3,3,4,2,0,0,3,4,0,0,2,1,3,3,1,0,2,2,3,2,1,0,1,4,3,2,4,2,0,0,0,2,4,0,4,2,4,2,2,3,2,2,1,0,3,3,3,1,2,0,4,2,1,2,2,1,3,3,0,0,3,4,2,4,2,3,0,0,4,0,3,4,2,0,1,0,2,4,2,1,3,0,4,3,2,4,3,4,1,1,0,0,1,4,1,0,1,1,4,3,0,4
12,1,1,3,0,0,2,0,3,2,2,1,1,0,2,1,3,1,1,2,2,4,3,2,0,3,3,2,3,2,1,4,1,2,2,1,0,0,0,2,3,2,3,1,4,3,0,2,1,0,1,4,2,2,4,2,3,1,0,4,3,0,0,4,3,0,0,3,2,0,1,3,0,4,1,0,1,1,2,1,2,3,2,4,0,3,3,4,2,0,2,1,2,3,0,2,0,0,1,1,3,4,0,4,3,0,0,4,2,1,2,4,1,2,1,0,2,1,1,1,2,3,2,4,2,1,0,2,2,1,0,0,4,2,0,0,3,3,0,4,0,1,2,4,1,4,1,2,2,3,1,3,1,3,2,4,3,1,1,2,1,0,4,3,4,2,3,3,0,2,1,0,0,4,4,4,0,1,3,4,1,2,4,3,2,2,3,4,0,3,3,3,2,1,0,4,4,1,3,0,4,4,3,1,0,1,1,0,0,4,4,0,2,4,2,0,4,1,0,3,2,0,0,4,4,4,3,4,0,4,1,4,3,1,0,0,2,1,2,1,1,3,2,3,1,0,1,3,2,2,3,2,4,0,0,0,2,2,1,1,0,4,1,1,2,4,0,1,4,4,0,4,4,4,1,0,4,4,1,0,2,1,0,4,0,0,0,2,0,2,4,2,4,4,2,1,3,0,3,0,0,4,0,0,2,3,2,0,4,2,2,1,0,4,2,2,4
13,0,1,2,1,3,0,3,3,3,0,0,4,1,1,4,4,3,4,2,1,4,2,2,2,2,3,2,3,3,2,1,2,2,2,1,0,0,3,3,1,4,0,3,0,1,1,4,4,1,3,0,2,4,2,3,4,2,3,0,3,4,1,0,2,4,1,3,1,4,4,1,3,1,4,4,2,2,0,4,2,1,3,1,3,2,0,1,1,1,3,2,1,1,0,0,2,2,4,0,4,3,4,1,4,2,3,1,4,3,3,1,4,3,3,0,3,0,4,4,4,2,4,3,1,0,2,4,4,1,1,2,0,4,2,3,3,2,4,2,4,1,2,4,2,2,4,4,0,2,3,2,2,4,2,2,3,4,2,1,0,3,2,1,2,2,4,4,4,1,2,0,3,4,4,2,2,1,1,4,2,0,3,2,2,1,3,4,2,4,2,4,3,1,3,0,1,3,0,2,2,4,1,2,1,2,4,3,4,0,2,0,0,1,2,0,3,0,3,1,0,4,1,3,1,0,2,2,3,3,2,3,1,4,4,1,4,0,1,3,1,2,3,2,3,4,1,0,3,3,2,4,2,2,4,0,2,2,3,4,1,0,0,4,3,3,4,3,0,0,1,4,2,2,1,1,3,1,1,2,3,1,1,3,4,3,2,4,0,3,2,4,3,1,3,0,3,4,4,3,4,1,3,1,1,2,3,4,1,2,3,3,0,0,1,0,1
14,4,1,0,4,0,1,2,3,0,1,4,0,0,3,1,2,4,1,4,0,3,3,2,3,0,2,1,3,2,0,4,4,0,0,4,2,4,0,3,1,3,3,0,4,2,3,4,2,3,2,4,1,4,0,2,1,2,2,3,0,2,4,4,3,0,0,4,1,3,3,4,4,1,1,0,3,3,4,0,3,0,0,4,0,1,1,2,4,2,1,2,4,4,0,3,0,4,1,1,0,4,1,4,1,4,2,4,4,0,2,3,0,3,1,3,4,3,0,0,3,0,0,3,2,2,1,0,3,0,4,0,0,2,3,0,2,1,2,2,2,0,0,1,4,4,4,1,4,4,2,0,0,2,2,2,0,4,2,1,2,3,2,0,2,3,1,4,2,3,3,1,0,2,3,1,4,3,1,0,0,3,3,2,1,3,2,2,3,0,1,1,0,3,1,3,3,2,0,3,4,0,1,2,1,1,0,1,3,1,2,2,4,2,1,2,0,2,3,0,4,3,1,1,1,3,3,3,0,0,1,2,1,4,0,3,0,3,4,4,0,3,4,1,1,3,0,4,0,1,4,0,2,3,3,2,1,4,3,2,2,1,1,0,3,0,2,4,4,1,4,4,4,2,4,4,4,0,2,1,0,3,2,2,3,3,3,1,4,2,4,4,3,1,0,1,4,1,3,0,3,0,4,0,0,0,1,1,4,0,2,4,0,0,1,4,0
15,0,4,2,4,4,2,4,0,4,2,3,4,1,0,0,1,1,4,1,3,2,1,1,3,0,0,4,3,2,2,3,2,0,2,2,3,3,2,1,3,4,4,0,2,1,0,2,3,4,1,4,3,2,3,3,4,1,3,4,1,2,2,0,4,1,3,2,1,4,0,2,1,1,1,4,4,4,3,1,2,4,4,1,4,3,3,4,1,1,1,0,4,1,3,2,2,1,2,2,0,3,3,0,0,2,4,2,0,3,2,4,2,1,2,0,3,3,0,1,0,2,0,0,1,2,4,4,3,0,3,1,4,0,1,1,0,1,0,0,2,3,1,1,2,2,2,4,4,4,0,1,3,0,1,1,2,2,0,2,1,2,4,2,1,0,3,2,1,3,3,4,3,1,1,2,2,2,3,3,4,2,0,4,0,3,4,4,1,3,3,4,3,4,1,4,3,3,4,4,4,2,3,3,2,4,1,4,4,2,3,4,3,0,3,1,1,4,3,4,2,1,4,2,4,3,3,3,3,0,2,2,3,0,3,0,3,1,1,4,3,2,4,1,3,4,3,1,4,1,0,1,3,2,1,2,0,4,4,2,4,1,2,3,1,1,1,3,0,4,2,0,2,4,3,1,1,3,0,0,2,3,0,3,4,1,1,1,3,3,2,1,2,1,2,2,4,2,3,2,1,2,0,1,0,1,3,3,3,0,4,1,3,1,0,4,0
16,1,4,4,0,3,1,2,2,0,1,1,0,1,3,0,3,1,0,1,0,1,3,3,1,0,2,3,3,2,1,0,1,4,3,4,3,3,4,4,1,4,1,1,1,3,3,4,3,4,3,0,0,4,3,3,1,2,4,2,2,4,3,4,2,3,0,4,4,3,0,0,3,1,4,4,2,3,2,2,0,4,2,0,3,2,4,2,3,2,4,0,4,0,1,4,4,3,2,0,0,3,3,2,2,4,1,2,3,2,0,1,4,0,0,1,4,3,4,2,0,2,3,2,4,2,3,3,3,4,3,0,3,2,2,2,4,2,4,4,3,0,3,3,4,4,2,2,3,1,1,2,1,2,4,3,0,3,2,2,3,2,1,1,2,2,1,2,2,3,0,1,3,0,2,2,3,2,4,3,0,3,1,3,2,2,4,4,4,0,4,0,4,0,3,3,2,0,1,2,3,0,4,1,3,2,0,1,0,4,2,0,3,2,3,0,2,3,4,4,0,2,1,2,4,3,1,0,1,0,1,0,0,1,1,0,4,1,2,3,0,0,3,4,3,1,3,0,3,2,1,3,0,1,0,4,2,4,2,3,1,3,2,2,2,0,1,3,3,4,2,2,2,3,4,0,1,0,3,2,1,3,3,3,1,1,4,4,0,1,1,1,4,3,2,4,1,4,0,1,0,1,4,3,2,0,4,3,4,0,2,4,1,3,4,3,1
17,2,2,1,3,4,1,0,3,2,1,2,3,2,1,3,0,1,4,1,3,1,0,0,4,2,3,3,2,0,0,1,4,4,4,1,4,2,1,2,1,4,2,2,2,1,3,4,2,3,4,4,2,2,1,3,3,2,4,2,4,4,2,0,3,4,4,0,1,0,0,4,3,0,1,2,0,0,1,3,0,0,3,1,0,3,0,2,4,2,0,1,4,2,3,1,2,3,0,3,2,2,0,3,3,0,3,0,1,2,1,4,4,4,0,3,1,1,1,1,4,1,3,4,1,0,2,2,2,4,1,4,3,0,0,2,2,2,1,3,3,3,3,2,0,2,3,2,3,4,0,4,1,2,1,2,4,3,3,2,3,4,3,4,1,4,0,0,0,2,2,2,4,2,1,0,4,0,2,4,3,1,2,2,1,1,3,2,2,0,4,4,0,4,1,4,4,0,3,4,4,3,0,3,0,1,0,1,1,0,2,0,4,4,2,1,2,4,2,0,2,1,0,3,4,4,2,0,3,0,4,0,3,2,1,0,1,4,2,2,0,2,0,0,1,2,0,1,3,1,1,0,4,4,4,1,0,2,1,1,0,3,1,3,3,4,0,3,0,4,0,1,3,0,2,0,3,4,4,3,1,1,4,4,3,1,4,1,4,0,2,0,4,2,2,4,4,1,4,3,4,3,4,1,3,0,3,1,3,4,4,1,2,4,0,1,3
18,3,0,4,1,0,4,1,3,1,2,1,2,1,2,3,4,2,2,3,2,0,3,0,3,2,0,2,3,2,0,0,2,1,3,3,2,1,0,4,4,2,1,1,3,0,1,4,0,0,2,1,2,1,3,2,2,4,2,1,4,2,2,3,2,0,4,0,4,3,2,2,2,4,2,0,2,3,0,2,2,1,4,0,1,3,4,0,2,0,2,4,2,3,2,3,4,4,0,3,3,1,1,1,2,1,3,2,4,0,1,4,3,0,4,0,1,3,0,4,1,1,4,4,0,2,1,0,4,0,4,3,4,4,4,2,4,1,1,0,2,0,1,1,3,4,1,0,0,4,4,3,2,0,4,0,4,1,0,1,0,2,3,1,4,2,0,1,0,0,0,3,3,4,1,2,2,2,0,3,1,0,3,3,1,1,1,0,4,1,4,0,4,2,4,1,0,1,2,1,1,1,3,2,1,1,1,0,3,0,3,1,2,4,4,1,0,2,3,1,2,2,3,2,0,0,0,2,0,3,2,4,2,3,4,2,0,1,1,0,1,1,0,0,2,2,0,3,1,2,1,4,0,3,4,4,4,0,2,0,2,4,4,3,2,4,1,3,0,3,1,2,0,0,2,3,4,3,1,4,3,2,1,1,1,4,0,4,3,0,3,0,4,1,2,1,4,0,1,4,3,2,1,0,3,4,2,0,4,4,1,1,0,4,1,2,2
19,4,1,0,0,0,2,1,1,2,0,0,4,3,1,1,1,3,4,3,0,0,1,2,1,2,3,0,2,3,0,2,1,1,1,3,1,4,0,3,1,0,2,1,0,4,2,4,0,4,0,0,4,0,1,0,3,0,3,0,0,4,1,1,2,4,4,1,4,1,4,0,1,1,3,4,4,1,0,0,0,4,3,1,2,3,2,3,0,4,2,3,4,2,1,3,1,0,1,1,3,0,1,4,2,1,0,1,2,0,3,0,3,0,2,2,0,1,2,3,3,4,3,4,0,0,0,1,1,4,3,3,0,2,1,1,0,1,0,4,3,2,3,3,4,1,2,1,3,0,3,1,3,0,4,1,3,1,4,3,3,1,1,0,4,0,3,1,3,3,2,2,3,1,3,2,1,3,4,4,3,1,3,3,2,4,2,2,3,2,4,2,4,2,4,2,2,1,4,4,4,0,2,4,0,1,4,4,0,2,1,4,2,1,3,3,1,0,1,1,0,0,2,2,0,3,3,1,4,1,1,4,0,3,1,4,2,1,3,0,1,1,4,2,2,0,3,0,1,1,2,3,4,3,1,4,3,3,4,1,3,4,1,4,4,3,1,3,0,0,1,4,3,3,1,1,0,2,1,2,1,4,4,0,0,2,1,3,0,3,3,1,2,1,0,3,1,1,1,0,2,1,0,3,4,0,4,1,1,0,4,1,3,2,2,1,4
20,1,4,3,4,1,3,0,2,1,1,1,3,0,4,0,3,1,2,1,4,2,1,2,0,3,1,4,0,1,0,4,1,4,2,4,2,1,2,1,1,3,1,2,3,3,1,4,4,3,1,4,1,1,3,3,0,4,4,4,2,1,3,4,0,4,1,1,3,2,3,4,0,3,2,3,1,4,4,4,4,4,4,0,2,4,2,4,3,4,1,0,3,3,1,4,0,3,0,3,4,3,3,2,4,1,1,4,1,4,1,2,1,3,4,0,0,4,2,1,2,0,4,4,2,2,1,3,3,1,3,0,3,1,3,4,2,0,4,4,1,2,2,0,1,0,3,4,0,4,1,3,1,3,3,4,1,1,0,1,0,2,2,2,1,1,0,3,0,2,0,3,1,0,2,2,1,0,3,1,0,4,2,3,3,3,2,0,1,0,1,3,0,3,4,3,3,1,4,3,3,4,4,0,1,4,4,2,4,1,3,3,3,3,2,4,3,0,3,4,3,2,1,1,4,1,1,0,4,4,1,1,1,2,3,2,4,0,3,0,4,4,0,0,0,4,1,0,3,4,2,2,3,1,0,4,0,4,2,0,3,1,3,1,0,0,1,2,4,3,3,3,0,3,4,4,1,0,4,2,0,0,4,2,1,4,2,0,2,0,4,4,3,3,3,4,1,4,2,4,4,0,0,0,4,1,2,2,1,1,2,3,0,0,2,1,3
21,2,0,4,1,4,2,0,3,4,3,0,4,3,3,4,0,3,2,4,1,1,0,2,3,1,0,2,2,0,0,3,0,3,3,4,2,2,2,4,3,3,0,4,0,4,0,1,2,2,3,1,2,3,1,2,0,4,1,3,1,3,1,3,2,0,2,0,2,2,1,4,3,3,3,0,3,3,1,2,3,4,3,0,0,0,3,1,4,3,1,1,3,3,1,1,1,3,1,0,3,0,2,3,2,1,1,4,1,2,1,3,1,4,1,2,2,1,2,2,4,3,4,0,4,1,3,1,0,3,2,4,1,0,2,4,2,4,3,2,2,2,3,0,4,2,3,0,4,3,4,2,0,3,0,2,0,0,1,0,4,3,1,3,3,2,2,1,2,2,2,3,1,3,4,3,4,0,0,4,4,3,4,1,0,0,4,2,2,4,1,2,4,1,1,3,1,2,2,4,4,1,0,3,0,1,1,0,3,0,4,2,4,2,1,3,0,3,0,4,4,0,3,0,1,4,1,4,4,2,1,1,2,3,1,0,2,1,3,1,4,0,2,4,3,4,4,3,4,2,1,4,2,1,1,4,2,4,3,1,4,1,2,0,4,4,1,2,3,2,4,3,2,0,1,2,2,0,4,1,2,3,2,1,2,0,2,2,3,0,0,2,3,2,2,1,1,3,4,1,4,0,1,1,3,4,1,1,3,3,4,0,0,2,1,4,1
22,4,4,4,1,3,1,4,2,0,4,2,3,4,2,4,1,2,1,1,2,0,2,0,4,4,2,4,3,1,1,0,4,0,1,1,4,3,3,4,4,0,4,3,4,0,0,0,0,2,4,1,4,2,0,2,3,3,4,4,1,1,3,0,2,1,1,0,0,4,2,0,1,1,3,0,4,2,4,1,4,1,1,1,1,1,3,4,3,3,0,0,0,2,0,4,3,4,0,2,2,3,4,1,4,0,1,2,3,3,2,0,2,0,1,2,0,1,2,3,2,4,2,4,1,2,1,1,0,1,1,2,2,3,0,1,0,4,1,0,3,3,1,4,3,3,4,0,3,2,3,0,0,1,2,0,4,2,2,4,3,4,4,3,3,3,3,3,4,1,1,0,1,1,4,3,3,4,1,4,0,3,2,0,0,4,1,3,2,0,2,1,1,2,3,1,2,0,2,2,4,1,3,3,4,3,2,4,0,1,1,1,2,0,4,4,1,0,0,0,3,3,1,0,0,4,4,1,0,1,4,4,3,1,1,0,0,3,2,2,2,1,1,4,1,1,1,3,1,0,0,4,3,0,3,3,4,3,1,3,4,4,4,0,1,0,2,1,3,4,2,1,0,4,0,1,1,2,3,0,2,4,3,2,0,1,4,0,3,3,1,1,4,4,1,1,3,1,2,0,1,4,2,4,2,1,0,4,2,3,1,0,1,3,0,3,1
23,2,1,1,1,4,3,3,3,4,2,1,2,4,3,1,0,0,2,3,0,2,4,2,2,2,1,2,2,1,1,4,3,0,0,2,4,2,0,1,3,4,1,3,4,4,0,1,4,4,3,0,2,0,2,1,1,4,1,4,0,1,0,0,1,0,1,1,1,2,0,3,1,0,4,1,1,3,2,2,1,0,4,4,0,1,4,2,0,3,1,0,4,1,2,1,1,2,2,1,2,0,2,2,1,0,3,3,4,2,2,0,3,4,0,2,3,4,1,3,4,0,1,4,4,2,3,2,1,4,2,3,1,0,2,1,0,2,1,1,2,1,4,2,1,0,0,4,2,1,1,0,4,0,0,4,2,1,2,3,3,3,4,0,2,1,3,2,3,3,1,4,0,4,2,4,2,2,0,1,0,4,2,3,3,2,0,1,0,2,2,1,4,4,1,4,3,4,4,4,3,4,3,1,0,1,0,1,0,0,2,0,0,2,4,4,2,3,0,0,2,2,3,4,1,4,0,2,3,4,3,4,0,1,3,3,1,3,3,4,4,1,0,3,0,1,1,4,3,2,1,3,0,4,0,1,1,0,1,3,1,4,3,2,1,1,4,4,0,0,0,4,0,0,2,0,1,4,3,2,4,4,1,0,1,0,0,4,0,2,2,2,4,1,3,0,3,1,1,4,2,2,1,4,4,0,2,1,3,2,0,4,1,2,3,0,0
24,2,3,0,1,0,3,4,4,2,3,0,0,4,4,1,4,1,0,1,1,2,4,1,0,3,1,4,2,0,2,3,1,1,4,1,0,3,2,3,1,2,4,3,2,2,2,0,3,2,3,2,4,4,4,1,2,1,3,1,3,3,3,1,2,1,2,2,3,1,2,4,2,4,1,1,1,2,0,2,2,3,3,2,4,3,2,0,4,1,2,2,4,3,3,3,1,4,4,3,3,0,0,2,2,4,4,1,1,0,2,0,0,2,1,2,3,3,3,4,1,1,4,0,3,3,0,2,2,1,4,1,2,0,1,3,3,0,2,3,3,4,1,2,1,2,3,4,1,3,2,1,1,3,1,4,4,3,2,3,4,0,0,1,1,0,4,1,3,3,4,1,3,1,1,3,0,3,4,2,3,1,1,3,2,3,2,2,4,1,1,2,1,0,2,1,0,4,1,0,3,3,0,2,2,1,3,2,2,3,4,2,0,1,2,2,4,0,1,2,1,3,2,2,3,4,2,1,0,1,4,0,1,1,3,4,3,0,3,4,2,2,0,2,3,0,4,0,0,1,1,0,2,1,4,3,1,0,2,3,1,2,2,2,0,4,2,3,1,3,0,0,3,4,0,0,3,0,4,4,4,1,4,4,1,2,0,4,0,3,0,1,0,0,0,2,2,3,1,0,0,0,0,2,3,4,1,0,3,4,3,2,4,3,2,3,3
25,4,2,0,1,4,2,3,2,1,1,0,0,1,4,4,3,0,3,0,1,4,4,1,3,3,2,0,3,1,3,4,0,2,0,4,4,4,4,1,2,4,4,3,2,0,2,2,2,4,4,1,0,3,2,0,0,1,3,2,3,1,4,0,2,4,1,3,0,2,4,4,0,3,1,3,3,3,0,0,1,3,0,1,1,3,2,3,2,1,0,4,1,0,1,3,2,1,0,3,4,3,2,3,4,0,1,2,4,2,3,2,4,1,1,2,0,2,3,1,1,1,0,0,4,2,2,3,1,0,3,3,0,2,1,2,3,1,4,3,2,2,2,0,3,1,2,2,0,1,3,4,0,3,4,2,2,1,4,2,2,1,3,2,0,0,3,4,1,0,0,3,4,4,3,0,1,0,4,0,1,2,0,3,2,3,3,3,0,4,2,1,4,0,3,1,2,4,4,1,0,2,1,3,2,4,1,4,4,4,0,4,3,3,2,4,4,1,0,2,4,1,0,2,2,4,2,1,2,3,1,0,0,4,4,3,0,0,0,0,2,1,1,3,2,0,0,4,4,3,0,3,2,1,0,2,0,4,3,4,1,4,0,4,0,1,4,3,3,3,4,4,4,0,1,3,0,3,0,4,3,4,3,2,0,2,0,1,3,1,1,0,2,4,0,4,1,4,2,0,2,2,0,2,3,3,3,4,2,0,0,4,0,3,2,0,0
26,1,1,1,2,3,3,3,2,2,1,0,4,4,0,1,0,0,4,1,2,4,2,1,0,3,3,1,3,2,3,1,1,2,3,3,0,4,1,0,1,0,4,0,1,3,1,2,2,2,2,4,3,3,1,0,1,1,1,1,3,0,1,3,1,2,1,1,4,2,0,1,0,2,1,4,3,4,4,3,3,3,1,0,0,3,4,2,3,4,4,1,1,0,0,2,2,2,2,4,4,0,1,1,3,4,2,2,3,1,2,1,3,1,1,1,2,0,4,1,1,1,0,3,2,0,1,0,0,0,3,4,2,3,3,4,3,0,0,1,3,1,2,0,2,4,0,2,4,2,4,4,0,1,4,4,0,1,3,3,1,2,0,1,3,4,3,4,0,4,1,4,2,1,0,1,2,0,3,2,0,4,1,0,1,4,0,3,2,0,4,0,1,0,3,0,2,0,1,0,3,4,0,0,2,3,4,1,0,4,1,3,3,4,1,3,4,3,3,3,2,1,4,4,1,1,1,1,0,4,0,3,3,4,3,1,0,1,3,0,1,4,1,3,0,4,0,4,0,3,4,2,0,0,1,4,2,3,1,2,4,2,0,0,1,4,4,2,1,4,0,2,3,0,1,4,0,3,3,1,0,2,0,3,1,1,2,1,1,1,1,1,3,0,4,1,4,4,3,1,4,1,2,2,2,4,2,3,3,4,1,0,1,1,1,1,0
27,2,1,3,4,4,3,1,0,2,4,2,0,4,2,0,2,1,0,2,1,1,0,3,4,0,1,1,0,3,4,2,0,4,4,1,2,0,1,1,3,4,0,0,0,1,3,2,1,2,3,4,0,2,1,2,4,0,2,4,1,3,1,0,1,1,1,1,0,4,2,3,2,2,3,0,3,0,2,0,4,3,4,2,3,2,4,2,3,3,2,3,3,2,4,3,3,3,3,2,4,4,0,3,3,0,4,1,1,4,3,1,2,2,0,4,4,1,3,4,1,1,4,1,0,0,4,3,0,0,4,2,1,0,2,3,2,4,3,3,2,4,0,2,0,2,0,2,3,1,3,0,4,3,1,0,3,2,4,0,3,0,2,1,3,0,0,0,1,0,4,4,0,4,3,4,0,2,3,1,0,1,2,1,0,0,2,0,2,2,0,4,2,0,4,2,4,3,3,4,2,0,1,0,1,1,2,4,0,4,3,2,2,3,0,3,0,1,2,0,4,4,2,3,3,0,3,2,0,1,3,3,0,4,3,2,3,1,3,4,3,0,3,4,0,2,0,1,0,2,3,0,0,0,0,2,4,4,0,2,2,0,1,0,1,0,1,1,0,1,3,4,2,1,1,2,1,2,0,3,3,4,1,4,0,3,0,0,1,0,3,4,3,1,3,2,4,2,2,1,0,2,3,0,3,3,0,0,3,1,4,4,1,0,3,4,3
28,1,3,1,0,1,1,4,3,4,2,1,2,4,3,4,3,3,0,1,4,3,4,4,3,2,1,1,0,0,0,1,2,1,1,1,1,2,0,4,0,0,4,1,2,2,0,4,3,1,0,2,4,4,0,3,2,0,3,4,1,2,2,3,0,4,3,1,1,1,3,4,2,0,2,4,2,3,1,4,4,2,3,2,2,4,2,1,2,1,4,3,1,3,3,1,4,0,3,3,4,4,2,4,3,1,0,2,1,0,0,0,1,2,2,0,1,0,4,2,3,0,4,2,1,2,1,1,0,0,2,4,2,3,1,1,0,4,0,3,2,2,4,0,0,3,2,0,4,2,3,4,1,3,4,0,1,3,0,1,2,0,4,3,1,0,2,3,3,0,2,1,0,1,3,1,2,4,2,1,0,3,4,0,0,2,1,2,1,2,0,3,1,4,4,0,2,2,0,4,4,2,1,3,1,4,1,3,1,1,1,1,0,4,3,4,0,0,0,0,1,4,2,3,0,4,0,0,0,0,0,3,4,0,0,0,0,1,1,2,0,2,3,2,4,1,1,0,0,3,3,4,0,0,3,3,3,1,2,2,0,1,3,0,1,4,1,0,2,3,4,1,0,0,3,0,0,3,4,2,2,1,4,1,2,3,0,2,4,2,4,4,4,1,3,2,3,0,2,3,3,0,4,2,2,0,4,2,2,2,4,0,2,3,4,1,0
29,3,2,1,0,4,1,1,3,0,3,3,2,4,1,0,4,4,0,4,2,4,2,1,1,3,2,1,4,0,0,2,3,4,2,0,2,4,1,4,1,1,1,2,0,2,0,4,3,4,2,2,0,2,1,2,0,0,1,0,3,4,2,3,2,3,2,1,0,0,1,3,4,3,0,4,2,4,3,1,2,3,2,4,0,3,1,4,3,1,3,4,3,2,4,3,0,3,2,1,1,1,0,2,4,1,2,3,0,2,2,4,2,4,0,0,3,4,4,1,1,3,0,1,2,0,2,4,0,3,4,4,2,4,1,0,1,2,2,0,4,3,2,0,3,4,2,0,0,0,2,3,0,4,0,3,2,0,0,4,4,0,0,4,3,1,1,0,4,2,2,1,3,1,0,3,2,4,4,0,1,0,4,2,4,3,4,4,3,1,4,0,4,0,3,4,3,3,1,4,0,0,4,1,1,1,0,3,1,0,0,3,4,4,1,1,3,1,3,0,1,0,2,3,2,1,0,1,2,1,4,2,1,0,1,0,4,1,4,2,0,2,0,4,3,1,4,0,0,0,0,1,2,3,1,0,1,4,0,3,0,3,3,2,2,1,1,3,0,4,4,0,0,2,4,3,1,2,4,0,4,3,2,0,3,1,2,3,3,0,1,3,2,3,4,2,2,3,0,2,4,0,0,0,2,0,3,0,4,1,4,2,0,0,3,0,4
30,2,1,0,1,0,2,4,2,1,0,1,4,2,1,1,4,0,1,4,0,0,2,4,0,2,3,4,3,0,4,2,0,4,4,3,0,2,2,0,0,1,3,0,0,1,1,4,2,3,4,0,1,2,4,2,1,4,4,2,1,0,4,0,1,4,4,0,3,0,0,3,1,1,4,2,2,4,2,0,0,3,3,4,4,4,0,2,4,4,0,0,0,2,4,1,1,4,4,4,4,2,1,3,1,1,0,4,4,4,0,2,2,3,2,2,4,1,2,2,0,3,0,4,1,3,0,2,2,3,2,0,0,2,2,4,1,3,0,3,4,0,4,4,2,3,3,2,3,2,0,4,4,3,1,4,2,1,1,4,4,4,2,1,3,2,0,4,1,2,0,2,2,3,3,2,0,1,1,4,4,1,2,2,3,3,4,1,2,1,0,1,0,3,3,4,1,1,0,3,0,3,0,3,0,3,0,1,4,0,4,1,1,3,4,2,3,4,0,0,1,2,0,4,4,0,4,4,1,2,1,2,4,2,4,4,1,1,3,0,3,3,2,4,4,4,0,2,2,4,3,0,3,1,2,2,3,0,2,3,0,3,0,4,0,1,4,3,4,4,3,3,1,3,2,2,1,0,0,2,3,1,0,0,4,2,3,1,0,4,2,2,1,0,1,1,4,2,3,2,2,4,3,0,3,0,3,1,3,4,0,2,4,0,0,2,1
31,4,2,2,1,4,2,1,4,3,0,1,0,3,2,2,4,1,1,4,0,2,2,1,1,4,3,0,3,3,1,1,1,3,0,1,2,0,2,0,1,4,1,3,3,0,3,1,2,1,0,3,2,4,2,2,1,4,0,0,2,2,3,4,2,3,4,0,3,4,3,2,1,0,2,2,4,3,0,2,4,0,3,2,2,2,0,0,0,0,4,1,4,2,4,3,0,3,3,2,0,3,2,0,1,2,4,0,3,3,4,4,3,0,2,4,4,4,1,0,0,0,0,0,3,4,3,1,2,4,1,3,2,1,2,1,3,2,1,3,4,3,3,4,3,4,4,4,1,2,1,4,2,2,4,2,2,1,2,4,0,0,0,4,0,1,4,4,4,2,2,2,3,1,4,4,2,4,4,0,4,3,2,1,1,0,1,1,2,2,3,0,1,3,0,1,1,2,4,0,1,0,3,3,4,1,2,1,0,3,0,4,3,2,3,1,1,3,4,1,1,2,3,1,4,0,3,2,1,4,3,4,4,2,3,1,2,1,0,4,0,4,2,1,1,2,3,0,0,1,1,1,2,3,0,4,2,0,3,2,0,2,0,0,3,4,3,0,2,3,4,0,3,3,3,3,2,4,4,0,1,2,0,0,3,1,1,2,1,0,1,1,4,0,1,1,3,1,1,4,0,2,0,3,0,1,3,0,3,2,0,1,3,4,3,4,1
32,2,4,2,3,1,4,3,0,3,2,1,1,3,0,2,3,3,1,2,0,1,3,1,1,4,1,1,2,1,0,3,2,1,0,3,2,0,1,4,4,2,0,3,0,4,2,1,0,4,3,2,1,0,3,1,4,4,3,4,2,3,4,0,4,2,1,1,4,1,4,2,1,0,4,1,2,2,0,2,2,1,4,3,2,2,3,2,1,1,3,2,2,4,2,1,0,0,0,0,2,2,4,2,0,3,3,1,1,2,3,0,0,0,2,2,4,0,0,2,2,4,4,1,3,0,0,4,4,1,3,1,3,0,1,4,1,1,0,4,4,2,2,2,0,1,4,4,1,4,1,0,0,0,1,1,3,4,4,3,3,0,3,1,2,1,3,4,1,4,1,4,1,4,2,0,1,2,0,1,2,2,2,3,4,0,4,4,4,2,4,3,1,2,0,1,1,1,4,4,2,4,4,4,2,2,3,3,3,3,1,1,3,3,0,1,0,0,4,2,1,3,3,2,1,3,3,4,0,3,1,2,4,1,4,0,3,1,2,0,0,4,0,1,4,0,2,1,2,2,4,3,4,1,1,4,3,4,1,3,1,3,3,4,4,4,3,3,1,2,4,1,1,0,4,1,0,4,3,0,3,2,2,2,2,1,2,1,1,4,1,1,2,1,3,2,0,2,1,3,2,3,0,0,4,4,2,4,3,4,3,4,4,4,1,1,4
33,3,2,0,1,4,0,1,2,3,4,2,1,4,0,3,1,3,4,2,3,0,1,0,3,2,2,0,4,4,2,0,0,0,3,4,4,3,1,3,0,3,0,2,0,4,3,0,1,2,1,1,1,2,2,2,2,1,4,4,2,3,0,3,3,3,4,0,3,2,4,2,2,3,2,0,2,3,2,4,4,4,1,4,4,1,4,3,4,4,1,3,2,0,3,2,3,2,2,3,1,3,3,2,0,2,4,3,3,1,2,1,3,2,2,4,4,0,4,2,4,0,3,4,2,3,2,3,2,4,4,0,3,0,1,4,3,0,0,1,0,2,4,0,0,1,2,0,4,4,0,2,4,4,2,2,0,3,1,3,3,4,2,4,1,0,1,4,4,4,4,3,0,3,4,2,3,4,4,0,1,3,3,3,4,0,4,4,2,0,3,1,3,4,0,0,0,2,3,2,1,4,2,2,4,0,4,3,4,0,4,2,1,2,1,4,3,4,0,4,1,2,3,4,4,2,3,4,4,1,1,0,2,3,4,4,0,4,2,0,2,0,4,0,1,3,4,3,4,3,1,3,0,3,4,2,3,3,3,4,3,4,4,2,0,4,1,3,1,3,2,4,0,4,3,0,4,0,3,2,2,4,1,3,4,4,2,0,3,0,3,1,2,1,4,2,4,1,3,4,0,3,3,1,1,2,2,0,3,0,0,1,0,0,4,2,2
34,3,2,3,4,2,4,2,2,4,0,0,0,0,2,1,4,1,1,3,0,2,0,0,1,3,0,4,4,0,1,1,2,3,1,2,4,4,4,0,3,2,3,0,2,2,1,3,3,1,4,0,3,1,2,1,4,0,4,2,2,2,2,1,2,2,1,2,4,4,3,4,0,0,0,1,4,0,3,1,3,4,2,3,2,1,3,3,1,1,0,4,3,3,1,1,4,1,2,2,2,2,4,3,2,1,2,4,1,2,3,1,1,3,1,2,1,2,3,0,3,2,4,3,4,4,2,2,0,1,3,2,3,4,1,0,3,1,0,3,1,2,3,1,0,1,2,3,3,3,2,0,3,0,1,0,0,3,4,4,2,2,4,1,3,3,1,1,4,2,1,2,0,3,4,3,4,0,3,0,4,1,3,0,3,3,3,2,0,0,3,1,3,2,4,2,1,3,0,3,1,0,2,4,4,3,2,1,4,2,3,0,3,3,2,4,2,0,2,1,3,4,0,3,2,1,2,3,0,4,3,0,3,1,2,4,0,4,4,4,0,0,4,2,3,4,1,4,0,3,1,3,3,1,4,4,4,2,4,1,2,4,2,1,4,0,1,3,3,1,3,1,0,1,4,4,2,3,3,1,3,4,0,1,3,4,2,3,0,0,3,3,4,3,2,4,1,2,4,4,0,4,2,3,2,1,4,4,4,4,0,0,3,4,1,3,4
35,0,1,3,1,4,2,1,1,0,4,1,4,0,4,0,0,3,4,2,3,0,2,1,1,3,2,4,2,3,4,4,1,2,4,3,1,4,2,1,2,2,2,1,4,0,4,1,0,0,0,3,1,3,0,3,3,1,2,3,3,0,0,0,4,3,0,1,4,2,3,3,1,2,2,4,3,0,1,1,1,1,0,0,4,3,0,4,2,3,0,2,4,0,0,2,0,1,0,3,2,3,4,3,1,1,3,4,0,1,3,3,3,0,2,4,2,4,4,3,1,3,0,4,1,4,4,3,1,1,4,1,1,3,2,0,2,1,4,0,0,4,0,4,0,2,0,3,4,0,4,3,0,0,3,3,3,4,3,4,2,0,0,1,2,3,3,2,3,1,4,0,2,0,4,2,4,3,3,3,4,4,4,0,4,3,1,4,1,3,4,0,0,1,0,0,0,3,0,2,4,0,0,0,2,0,0,4,2,2,0,2,1,2,2,2,3,3,3,2,1,2,0,1,3,4,1,3,1,1,2,0,4,3,1,4,1,0,4,3,1,0,4,1,1,3,0,2,1,4,3,3,1,1,1,2,1,0,4,1,2,4,3,1,4,3,2,0,1,0,2,4,4,2,2,1,3,0,0,4,4,1,2,0,1,4,4,0,4,4,3,2,4,3,1,4,1,4,0,3,3,0,2,3,1,3,2,1,1,0,4,0,4,0,4,3,1
36,4,3,2,0,2,3,2,2,3,1,4,0,4,0,4,2,1,2,1,3,0,0,3,4,3,3,1,3,0,2,1,1,4,2,1,3,1,1,1,4,1,1,4,2,0,4,4,1,1,0,1,3,1,1,3,0,3,4,3,2,4,1,4,0,0,3,4,1,0,1,2,0,3,2,4,1,0,2,2,0,4,4,3,4,3,2,0,4,3,2,4,1,2,4,2,0,0,0,1,0,1,0,2,4,4,0,4,0,0,3,3,3,1,3,0,2,3,3,2,0,1,3,2,0,4,1,2,2,2,3,4,1,0,0,4,2,2,2,2,2,4,3,1,2,3,0,4,3,2,2,2,3,2,3,2,0,0,1,2,2,3,3,2,1,2,3,2,3,2,4,3,1,4,2,3,4,1,3,4,4,4,0,2,3,3,3,4,2,1,3,2,2,0,3,4,2,2,1,0,2,2,4,4,1,1,1,4,4,0,3,3,0,3,4,3,4,0,1,0,3,4,3,3,1,3,1,4,4,1,0,4,0,4,4,2,3,3,0,3,0,4,2,2,4,1,1,3,0,2,3,4,2,0,0,1,3,4,2,0,2,4,2,3,1,2,1,4,1,2,2,0,2,1,0,2,2,4,0,4,4,4,3,4,1,2,3,4,2,0,0,2,1,2,2,3,0,0,4,2,2,1,0,1,3,4,1,0,3,2,3,1,0,1,2,2,0
37,4,3,3,2,1,1,4,1,3,1,4,3,1,3,2,2,2,1,4,3,0,2,2,0,0,1,3,2,4,1,1,4,4,4,0,2,0,2,0,3,2,1,2,2,2,3,0,1,0,0,4,3,4,3,0,0,3,0,0,1,4,4,4,2,1,4,4,1,0,4,0,4,3,2,4,3,1,3,1,4,1,3,2,0,0,2,0,4,4,3,3,1,3,4,3,0,1,1,4,3,0,3,2,3,4,3,1,0,4,2,0,0,1,1,1,4,3,0,3,3,1,3,0,0,2,4,3,4,4,4,4,0,3,2,4,2,0,0,1,4,1,2,3,1,0,4,2,0,3,4,3,3,4,4,3,2,4,0,1,2,4,4,2,1,3,0,4,1,0,2,4,3,2,4,1,0,0,4,2,3,1,4,1,0,3,1,4,3,2,4,1,3,4,3,3,3,1,4,0,0,1,1,3,4,4,2,2,0,2,2,0,0,2,4,2,3,3,3,1,3,4,1,1,3,2,0,2,2,1,1,1,4,4,0,1,3,1,4,1,4,1,3,0,3,4,2,3,1,0,1,1,3,0,2,1,0,2,1,0,3,1,1,0,1,2,1,4,2,0,2,4,4,1,1,3,2,3,4,1,1,1,0,4,1,4,1,2,4,3,0,3,4,1,4,0,4,1,3,2,3,1,1,0,4,4,3,2,2,0,1,0,4,1,0,3,4
38,2,0,4,4,2,2,2,0,2,3,4,2,4,1,1,2,4,1,2,4,2,4,1,2,1,2,0,1,1,3,1,4,2,0,4,4,4,4,0,3,1,4,1,1,4,3,1,2,1,4,0,1,3,2,2,0,0,1,4,3,2,0,3,4,2,2,4,2,4,2,1,4,3,1,3,2,3,1,4,0,3,0,3,3,4,2,1,1,1,2,0,1,0,2,2,4,1,4,1,2,2,3,3,2,2,0,0,4,3,3,2,2,4,3,0,1,4,1,0,0,1,4,1,4,4,2,3,3,0,2,3,4,4,1,1,4,4,1,3,0,1,3,3,3,2,2,3,4,2,1,2,4,0,2,3,3,3,0,4,1,4,0,3,4,1,3,1,2,1,3,2,3,3,2,1,0,0,0,0,4,0,2,0,3,0,1,2,2,4,3,2,1,0,2,1,0,4,2,2,1,3,4,3,2,3,0,4,3,0,1,3,4,0,3,1,3,0,3,4,2,0,0,0,0,3,4,1,4,0,3,3,0,3,0,4,2,3,0,0,3,1,0,3,0,1,2,1,4,3,1,2,0,3,1,2,1,4,3,0,2,1,3,1,3,4,1,4,2,4,3,2,1,1,3,0,0,1,3,0,4,1,4,3,4,0,0,2,1,3,1,4,3,3,0,4,0,0,2,0,1,3,0,1,4,3,4,1,4,4,4,0,0,0,3,1,0
39,4,4,4,4,2,3,1,1,0,2,1,3,4,0,3,1,2,0,1,0,1,4,2,4,1,3,4,3,1,2,3,1,3,4,1,4,0,1,3,0,4,4,3,0,2,3,4,1,0,2,1,0,3,3,0,2,0,1,1,3,0,3,2,1,4,4,0,0,4,0,1,2,2,3,1,0,0,3,3,0,0,1,3,1,0,4,4,0,3,4,3,4,3,4,3,1,3,1,1,0,1,2,1,3,1,3,3,2,1,1,4,4,0,3,2,4,1,0,2,1,1,3,3,4,4,1,1,4,4,1,2,1,2,2,1,0,4,3,1,2,1,4,2,3,3,3,0,2,2,0,2,0,1,4,3,0,0,0,1,0,4,4,3,1,4,2,2,2,0,0,2,3,3,0,2,3,0,2,1,2,2,4,4,1,1,2,3,1,2,0,4,3,2,0,4,0,2,1,4,0,1,3,2,2,4,0,3,4,4,0,3,0,2,1,2,2,4,2,3,2,3,0,4,3,2,4,4,3,3,1,1,4,1,2,0,4,0,1,3,4,1,2,4,4,3,4,3,1,2,2,4,4,1,3,2,3,1,2,2,0,1,1,0,3,0,1,3,2,0,3,3,3,0,2,3,0,1,0,0,0,3,0,1,3,1,4,0,3,3,0,2,2,1,0,0,4,2,2,0,1,0,1,2,4,3,2,1,0,2,4,1,0,3,1,0,3
40,0,3,3,3,0,3,1,4,4,3,4,4,3,3,1,2,0,3,3,4,1,4,3,3,4,3,2,0,0,0,2,3,4,1,3,2,2,0,3,0,1,0,1,2,0,0,4,2,4,1,1,2,1,2,1,3,0,3,2,2,3,0,0,4,1,4,0,3,1,3,4,2,3,4,4,4,2,2,2,1,2,2,2,3,2,1,4,3,0,2,4,4,3,0,1,4,4,4,4,3,0,4,1,1,2,4,4,4,4,4,1,0,0,2,1,4,0,3,3,3,4,4,2,2,2,3,4,3,2,4,1,0,0,2,3,1,4,3,2,3,2,0,0,3,1,4,2,4,0,1,1,4,0,4,3,1,1,3,0,1,2,2,0,3,4,0,4,0,2,3,2,3,4,0,1,1,3,3,2,1,2,4,1,4,0,2,3,1,2,3,0,1,4,0,3,1,1,0,1,3,0,4,0,0,4,3,2,2,4,3,1,4,2,3,0,3,3,2,2,1,1,4,0,1,2,3,4,1,3,3,1,0,0,4,0,4,2,1,3,4,0,4,4,0,0,1,3,1,1,0,0,3,4,1,3,1,4,1,2,3,0,1,3,3,1,0,0,1,3,0,1,1,1,3,0,3,2,0,3,0,2,4,1,3,2,2,0,0,1,0,3,3,3,4,3,0,0,3,2,2,2,1,4,3,1,2,3,1,0,2,1,0,2,4,2,4
41,4,4,3,3,4,0,4,1,4,3,3,1,1,2,0,0,0,3,0,2,2,0,1,2,1,3,2,1,0,3,4,4,0,3,3,3,3,4,1,3,1,3,2,2,2,3,1,4,0,4,3,2,2,1,3,4,3,3,2,4,0,2,4,1,2,1,2,3,4,1,2,1,2,2,0,0,0,1,3,2,4,0,1,1,1,4,4,0,4,0,4,4,4,0,2,0,2,1,1,0,2,2,2,1,0,3,2,2,3,0,2,0,2,4,2,4,0,2,1,1,3,1,4,1,1,1,2,3,0,3,4,2,2,1,1,4,2,0,3,2,0,0,3,0,4,0,4,0,1,0,4,0,0,0,4,0,3,3,4,1,3,2,3,2,4,1,2,2,3,2,4,4,4,3,1,3,4,3,4,0,0,2,1,0,4,3,3,2,3,0,3,0,0,1,2,4,0,2,4,3,2,2,2,3,3,2,1,0,3,1,3,2,1,4,0,0,3,0,4,1,1,2,1,3,4,2,3,3,3,0,3,0,1,0,3,4,4,1,3,0,4,2,3,3,2,4,2,1,0,0,4,2,3,3,3,1,1,3,4,1,1,0,0,4,1,1,2,4,4,2,2,0,4,4,2,3,3,0,3,3,3,1,0,2,3,1,3,1,0,3,1,4,4,1,3,3,0,0,2,0,3,2,0,1,4,0,0,1,3,1,0,3,2,0,1,2
42,4,2,1,2,1,0,3,4,3,3,3,1,1,4,1,1,1,1,0,4,1,4,2,0,1,0,0,2,4,0,3,2,3,2,3,3,0,0,2,4,0,0,1,0,4,1,3,3,1,1,1,2,4,4,3,3,3,0,3,1,3,1,2,0,0,4,2,1,2,0,1,2,0,1,1,0,1,0,3,3,1,1,0,1,4,3,1,1,2,1,4,3,2,0,0,3,0,4,1,3,2,1,0,0,2,4,2,3,2,0,4,4,2,3,0,1,4,2,3,3,0,4,0,1,1,1,3,4,0,0,1,4,4,2,4,4,0,4,4,0,4,0,2,3,0,0,4,0,1,1,2,0,4,4,3,2,4,3,4,3,1,1,4,2,0,2,2,0,1,1,0,3,2,4,1,4,0,4,4,2,0,4,1,0,1,3,4,0,1,4,2,1,1,3,2,3,2,1,3,4,2,1,0,2,2,4,2,2,4,4,3,1,1,3,1,2,3,3,1,0,1,0,3,0,2,4,0,4,2,4,2,4,4,1,0,4,3,1,0,1,0,2,4,3,1,1,1,1,4,0,4,2,4,4,2,4,0,3,2,1,0,3,0,0,1,3,0,1,2,1,4,1,1,1,0,3,1,1,4,4,2,2,4,3,2,3,4,2,1,4,2,3,3,2,3,2,2,3,0,1,4,1,4,4,1,2,3,0,0,0,1,1,2,0,2,0
43,1,3,3,3,3,4,0,3,4,4,4,2,2,4,3,0,1,2,3,3,1,1,3,1,3,1,1,3,4,3,0,1,2,1,0,2,2,3,4,3,2,2,4,1,4,3,1,3,4,1,4,0,2,1,2,0,1,2,2,1,2,2,1,2,2,3,3,0,3,3,0,2,2,3,0,2,4,1,1,1,3,1,1,4,2,4,3,1,2,1,1,3,1,0,2,2,0,3,1,1,2,3,3,3,1,3,0,4,3,4,1,3,2,1,0,0,4,4,2,2,0,3,0,0,2,4,2,2,2,0,3,0,1,2,2,1,2,2,2,1,0,2,3,1,4,1,0,1,4,3,4,1,4,1,3,3,0,3,2,4,4,1,3,0,0,0,2,3,0,2,4,1,3,3,4,3,3,3,3,2,2,1,3,4,0,1,0,0,3,4,0,0,1,4,4,0,4,1,1,1,3,0,4,1,0,0,3,4,4,1,1,0,4,4,1,2,0,4,3,3,2,1,1,1,3,1,3,2,0,4,2,3,2,4,0,4,3,4,2,1,2,3,0,4,0,3,4,2,2,3,4,2,3,3,0,2,4,2,2,2,3,1,1,0,2,1,0,3,2,4,3,0,3,4,3,0,4,4,3,4,3,2,4,3,2,4,2,4,0,0,3,1,0,1,2,2,1,3,4,1,1,1,1,1,3,0,4,0,1,0,3,2,0,4,3,2
44,3,1,2,4,2,4,1,4,3,0,3,3,2,1,0,4,2,1,0,3,1,1,1,3,4,2,4,0,2,0,3,4,1,2,1,0,1,1,3,3,4,0,3,3,4,2,4,1,1,3,3,4,4,0,1,4,2,0,4,3,4,3,3,1,1,4,4,2,0,0,4,1,2,0,4,1,1,1,3,1,4,2,4,1,2,0,0,4,2,4,2,2,4,2,1,2,2,4,0,3,2,3,2,4,4,2,4,4,2,0,2,0,4,0,4,0,0,2,0,4,2,0,2,3,2,3,3,2,4,4,4,1,3,2,4,4,2,3,2,1,1,2,3,4,1,1,3,1,1,3,2,4,4,1,4,2,1,4,0,0,0,0,0,1,3,3,1,1,2,3,0,1,0,3,4,4,1,2,0,1,2,0,3,4,2,0,1,0,1,4,4,0,0,1,1,2,2,2,0,2,0,4,3,4,0,0,3,1,1,1,2,1,2,2,1,1,3,3,2,3,2,0,2,2,3,0,4,4,4,0,1,0,3,2,2,3,3,2,1,1,1,3,2,2,2,0,0,4,0,1,1,1,1,4,1,3,3,3,0,2,4,3,3,1,3,1,1,2,0,1,1,2,1,4,0,4,3,0,3,1,2,4,3,1,4,4,3,1,2,3,4,4,0,1,0,2,3,4,1,4,0,0,3,1,1,3,0,0,0,4,2,0,2,2,1,3
45,4,2,4,1,0,2,3,1,4,0,4,3,2,3,4,4,3,3,3,0,4,1,0,0,0,1,3,4,2,2,4,1,2,0,2,4,0,2,4,1,4,1,0,4,3,3,3,3,3,1,4,0,3,3,0,0,3,1,0,4,4,1,2,1,3,2,3,4,0,3,4,1,3,4,0,3,4,3,0,3,3,4,2,3,2,1,3,2,1,4,3,4,1,4,4,0,1,4,2,1,0,3,4,2,0,1,4,0,0,2,3,3,3,1,0,1,0,2,2,1,1,2,4,3,3,2,3,4,4,0,1,3,4,1,1,0,1,1,2,0,0,3,1,3,4,1,4,2,1,3,3,1,3,1,0,3,1,1,3,0,3,1,0,4,2,3,1,0,0,4,3,0,4,1,4,3,4,0,0,2,4,1,3,2,4,1,2,0,3,4,1,0,2,3,2,2,1,0,4,1,3,2,3,1,1,4,2,1,3,4,3,2,4,4,4,0,4,3,3,2,1,1,0,4,0,2,2,1,2,4,3,2,0,4,2,2,4,2,3,1,4,0,2,1,0,0,3,1,4,1,1,0,3,3,1,1,2,0,4,4,3,0,3,4,1,0,0,2,1,1,3,0,3,1,2,0,1,2,4,1,4,3,4,1,4,0,1,2,4,0,3,3,4,3,2,1,0,4,3,1,2,3,3,0,2,2,4,0,4,0,2,0,0,0,1,1
46,2,0,2,1,0,4,1,1,1,0,3,4,4,2,0,1,3,0,0,3,1,0,4,4,3,1,3,0,4,2,3,2,2,4,3,2,0,1,1,4,3,3,1,0,1,1,3,2,0,3,1,2,0,4,0,0,1,1,4,4,4,3,3,1,1,4,3,2,3,1,3,1,4,4,4,2,2,1,0,2,1,3,4,4,4,1,4,2,3,4,1,3,4,0,4,2,3,2,0,0,2,3,0,0,4,1,0,3,3,4,3,4,0,0,0,0,1,1,0,3,4,2,4,2,2,0,2,0,1,3,2,3,0,2,4,1,1,2,1,4,3,4,1,3,4,0,0,3,3,3,0,4,3,0,3,3,3,0,4,0,0,3,2,2,2,0,3,2,1,1,1,4,3,0,0,3,4,3,4,2,2,4,3,2,3,2,3,3,1,4,0,4,3,3,4,3,2,3,4,4,4,1,1,1,1,1,1,1,4,0,1,4,0,1,0,0,2,3,2,0,4,1,3,1,4,3,2,0,4,0,0,1,4,0,2,3,4,1,4,1,3,2,0,4,1,3,0,3,2,0,0,0,1,0,3,1,0,3,3,4,3,2,0,0,0,3,3,0,1,1,2,4,2,0,0,0,4,3,4,2,3,3,2,3,1,2,2,1,4,4,4,3,1,2,2,2,3,3,4,3,4,4,2,3,4,1,1,3,2,2,4,3,1,4,4,0
47,3,4,1,0,1,2,0,0,4,2,4,3,1,1,4,1,1,3,2,0,4,4,3,3,0,2,4,3,4,1,4,2,2,4,1,2,3,4,1,3,4,1,3,2,4,4,2,0,3,2,4,3,3,0,4,1,0,0,1,1,0,3,2,2,0,3,1,0,4,3,4,4,0,3,4,3,2,4,4,3,2,4,0,3,3,4,2,4,1,4,1,0,3,3,2,4,0,1,2,0,0,1,1,3,4,2,4,2,0,1,1,0,0,2,0,2,4,1,1,1,4,4,3,2,2,3,1,2,2,1,0,0,3,4,2,2,3,3,2,1,1,4,2,2,2,2,3,0,2,0,1,4,1,2,1,3,0,2,3,0,3,1,2,1,4,2,1,2,0,2,2,0,1,2,3,2,1,0,1,4,2,2,0,2,3,3,1,0,4,1,0,0,1,1,2,4,3,2,0,4,4,1,4,4,0,2,4,1,2,1,4,2,4,0,2,1,0,3,1,4,1,3,1,0,1,2,3,1,3,0,2,4,1,0,3,3,0,1,4,1,2,1,2,3,2,4,0,2,1,2,3,2,4,2,4,1,3,0,1,1,0,2,2,2,3,1,4,0,1,2,0,4,1,1,3,1,1,4,4,0,2,4,0,1,0,0,0,0,4,2,0,3,1,1,1,1,1,0,2,3,4,3,4,4,3,0,1,0,1,2,4,3,2,1,0,3
48,4,2,4,1,4,0,2,2,0,4,0,3,0,4,0,1,0,0,4,3,3,4,4,4,1,2,0,4,4,4,3,4,0,4,0,1,2,3,0,1,2,2,2,0,1,4,1,1,1,0,0,0,1,0,2,0,3,0,0,0,0,3,4,0,2,3,4,0,4,2,3,3,4,0,1,3,1,3,0,0,3,4,0,0,2,0,2,0,0,4,4,0,3,3,0,3,0,4,1,2,3,3,4,3,0,0,1,1,1,0,1,1,0,4,3,2,0,0,2,2,1,2,3,3,3,3,3,1,0,2,0,2,1,1,4,4,1,1,2,1,0,2,1,2,2,3,4,2,2,3,1,2,3,0,3,4,4,1,1,4,4,2,4,1,4,1,0,4,1,3,2,1,4,4,0,3,1,3,0,2,3,0,1,2,4,0,4,2,0,0,2,1,0,2,3,4,0,3,0,1,2,0,2,0,1,1,3,1,2,1,0,1,2,0,3,3,3,0,3,1,0,0,0,4,2,4,4,4,2,4,3,0,0,1,3,2,0,4,1,1,0,3,1,0,3,0,0,3,3,3,0,1,2,2,0,0,1,3,0,4,3,0,4,1,4,0,2,0,2,1,1,3,3,2,2,1,4,2,2,4,3,3,2,3,3,3,1,0,2,2,1,0,0,1,4,4,0,4,4,4,0,4,2,0,1,4,3,0,1,2,1,4,3,4,1,0
49,3,3,1,4,1,3,1,3,4,0,0,1,3,0,3,4,1,3,1,3,3,4,1,2,3,3,0,1,2,4,2,4,2,2,1,0,2,3,3,3,0,2,4,4,1,0,2,3,0,0,2,1,1,1,3,3,2,1,2,1,0,4,4,1,2,3,1,1,3,1,0,3,0,4,3,3,2,2,3,4,1,2,4,4,2,1,2,4,0,2,4,2,4,1,4,3,0,4,2,2,4,3,4,1,3,4,0,3,4,0,4,1,2,4,3,4,4,4,4,3,3,4,2,4,3,1,4,4,4,4,0,4,3,3,0,4,2,4,3,1,1,2,4,0,4,2,2,2,1,4,4,0,2,2,3,3,1,4,0,0,2,0,2,4,0,2,4,4,2,2,1,4,2,4,0,3,3,2,2,4,2,4,2,4,2,1,4,1,1,1,1,0,3,0,2,2,3,3,3,1,0,2,0,0,0,3,3,2,2,2,0,3,1,0,4,0,3,4,0,3,3,1,0,3,2,3,1,3,0,0,4,0,4,2,1,2,4,3,3,2,3,4,1,0,4,4,0,0,1,1,1,3,4,0,4,4,1,1,4,1,3,0,4,0,3,1,2,3,2,0,4,1,3,1,2,2,4,2,4,3,4,2,0,4,1,0,4,1,0,4,3,1,3,2,4,4,1,4,2,4,0,3,2,2,3,3,2,3,1,3,0,0,1,3,0,4
50,3,1,3,2,2,0,2,1,0,1,1,2,2,1,2,2,2,3,1,4,1,0,2,2,4,0,3,1,3,0,4,0,4,3,3,0,0,2,4,2,1,1,0,3,1,1,2,2,1,0,2,1,3,2,1,4,2,4,2,2,4,0,1,0,0,1,3,0,0,0,3,2,4,4,3,0,4,3,1,4,1,0,4,3,2,4,4,4,4,3,3,2,3,3,0,0,1,2,0,2,2,4,2,4,1,1,1,4,4,1,4,3,3,4,4,0,0,2,2,2,1,3,1,4,0,4,4,0,4,2,0,4,2,2,3,2,1,0,0,0,4,4,1,2,4,2,2,4,4,1,3,0,4,4,2,3,4,3,0,2,1,0,3,3,0,3,1,1,3,3,1,3,4,2,4,3,3,2,3,2,1,2,2,4,3,1,0,2,0,3,2,0,4,0,4,1,3,0,2,3,0,2,2,2,2,0,1,4,4,4,1,2,2,3,4,4,2,4,2,2,2,0,0,0,0,1,3,3,2,4,0,3,3,0,1,1,3,1,0,3,0,1,0,1,1,0,1,2,0,2,0,1,1,3,3,2,1,3,1,0,3,2,3,1,4,4,1,0,3,4,0,1,0,1,3,0,3,0,1,1,0,1,2,2,3,2,2,4,4,4,4,1,3,3,2,3,2,3,0,0,3,1,2,3,2,4,3,1,4,3,0,3,0,0,3,3
51,0,2,4,1,3,4,4,2,4,3,4,3,3,0,2,1,0,1,3,0,4,4,1,3,1,2,4,0,0,0,4,3,4,4,0,4,0,3,2,0,1,2,3,2,0,3,1,0,0,3,3,2,1,2,2,0,3,0,1,2,1,3,3,4,1,0,1,2,3,3,1,1,1,2,2,0,1,0,4,2,3,4,3,4,0,0,2,3,4,1,1,2,3,1,2,2,3,1,1,1,0,1,4,0,0,0,0,2,4,3,1,0,3,2,3,0,4,3,0,0,1,1,4,1,4,2,2,1,2,3,3,3,2,3,4,0,1,4,3,0,1,4,1,2,3,4,4,0,0,0,1,3,1,3,4,1,1,1,2,3,3,1,2,1,3,4,2,2,1,4,3,0,3,3,4,2,3,2,4,4,1,0,4,4,2,4,3,1,1,3,4,0,4,1,0,2,2,4,4,0,0,4,1,2,0,1,4,3,0,3,1,2,1,2,1,0,0,3,1,1,3,4,1,1,1,4,0,3,4,2,2,4,4,0,2,3,1,1,0,0,2,3,3,4,0,1,1,2,1,3,3,0,2,1,0,4,4,1,1,1,3,1,4,1,2,4,2,4,0,4,4,2,2,4,4,3,0,0,1,4,4,4,4,0,2,3,2,2,0,3,4,0,0,3,1,0,2,2,4,0,4,0,3,0,1,2,3,2,4,3,1,2,0,0,0,3
52,1,1,1,2,3,0,2,1,0,3,4,1,1,1,1,0,3,2,0,3,2,1,3,1,3,4,1,1,1,0,2,1,1,0,0,4,3,1,3,0,0,4,2,0,1,4,2,4,0,2,3,2,1,3,3,1,3,0,2,2,1,0,3,2,2,2,2,4,1,3,3,1,0,1,2,2,1,1,3,3,4,4,2,4,4,0,1,3,4,3,4,4,2,0,1,1,2,2,1,1,0,4,0,1,4,1,0,0,0,4,3,3,1,4,2,3,4,4,3,4,4,3,0,1,2,1,0,0,4,1,0,1,0,2,0,1,4,1,3,1,2,2,2,0,2,1,4,2,1,0,0,4,4,1,4,4,0,1,4,1,2,0,0,0,3,1,2,4,2,1,0,3,1,1,4,2,2,4,3,0,0,3,4,1,2,1,2,1,4,4,3,1,1,3,3,4,4,1,4,4,1,3,1,0,1,0,1,0,0,1,4,2,4,0,1,1,1,1,2,3,0,2,4,3,3,1,2,4,1,1,0,3,4,3,2,0,1,0,1,0,1,3,3,3,3,0,1,3,0,1,0,3,2,0,3,4,1,3,4,0,0,4,4,1,0,4,2,2,4,1,0,2,4,4,3,4,1,2,3,2,2,1,4,1,4,3,1,1,0,1,0,4,4,4,0,4,2,1,0,4,2,1,1,4,2,0,4,1,1,1,4,3,3,3,2,4
53,1,2,3,0,2,2,4,2,4,0,1,1,3,3,0,1,3,2,4,3,0,1,0,4,4,0,3,3,1,1,2,2,1,2,0,3,2,2,0,4,1,0,4,0,3,0,0,3,1,4,2,1,0,2,3,1,4,1,1,2,3,3,1,3,2,2,4,3,4,0,2,1,2,0,1,3,3,2,1,1,4,0,3,2,1,3,2,3,2,3,4,0,3,0,3,1,4,4,0,1,2,4,1,1,0,1,1,2,0,0,1,2,3,4,0,2,2,1,4,0,3,1,0,0,2,4,3,4,2,3,3,1,3,0,4,4,1,3,2,0,1,3,2,3,1,2,2,2,2,3,2,3,2,2,1,3,3,4,1,3,1,1,1,0,3,1,0,0,2,2,3,2,3,0,0,3,2,2,3,4,2,1,2,4,0,0,0,2,0,4,4,2,1,2,0,2,4,2,2,1,4,3,3,4,3,0,3,0,4,3,3,0,0,2,1,3,1,1,3,0,2,4,3,3,4,1,2,1,4,4,2,4,4,2,3,1,3,3,1,3,2,1,0,3,4,1,0,4,0,3,4,3,4,1,2,2,0,4,3,1,1,1,2,3,1,1,0,4,4,4,0,2,0,1,3,1,1,3,4,0,2,1,1,2,0,1,2,1,4,4,1,1,4,1,0,0,3,0,1,1,2,0,4,4,3,2,4,3,0,2,2,1,0,2,3,4
54,0,0,2,2,2,3,1,2,1,1,0,4,4,3,3,4,4,0,0,4,2,2,0,1,4,3,2,1,2,1,4,4,4,0,1,3,3,4,3,2,1,1,1,2,0,2,1,1,1,3,0,2,1,4,0,4,0,1,0,0,1,4,4,3,4,4,0,3,1,1,2,3,0,2,2,1,4,0,3,2,0,1,2,2,1,1,1,0,0,0,4,2,0,4,2,0,1,3,0,3,0,1,3,4,1,3,3,1,1,1,2,4,0,3,0,1,4,4,2,1,3,2,1,2,0,1,3,3,1,2,4,1,3,0,3,4,3,4,1,3,2,2,3,3,0,3,0,0,0,0,1,2,0,2,0,2,3,3,2,0,1,2,4,1,4,2,0,4,2,1,0,4,2,0,0,3,0,2,1,3,2,2,2,4,4,1,2,4,4,4,1,1,2,3,2,4,4,0,2,4,4,3,0,2,1,2,2,3,2,3,3,4,1,3,0,0,1,3,1,4,0,2,0,3,1,0,2,2,1,1,0,3,4,2,1,4,4,4,3,1,2,1,0,2,1,2,0,2,4,3,0,2,0,4,3,0,4,4,4,2,1,0,1,4,1,4,4,3,3,1,0,1,0,1,2,2,0,3,0,1,4,2,4,2,1,2,0,4,4,1,4,1,3,0,2,2,2,3,0,4,4,0,0,2,4,0,4,0,1,2,0,3,0,1,3,3
55,0,1,3,2,2,4,4,1,3,2,2,1,3,1,0,2,1,1,0,4,2,1,2,4,1,0,2,0,4,4,2,4,3,2,3,4,2,3,4,1,1,0,1,3,1,2,2,2,1,1,0,4,0,3,2,1,4,4,1,0,4,0,1,0,2,1,1,4,4,4,2,2,3,1,4,1,0,2,3,0,1,2,4,0,2,1,1,0,0,0,3,4,2,1,1,4,0,0,1,4,1,0,2,0,2,3,4,3,0,4,0,4,4,0,0,4,4,0,0,1,1,1,3,4,2,3,4,2,1,2,0,0,4,3,1,4,1,0,3,3,0,2,3,2,1,3,0,2,1,1,3,3,4,4,3,4,0,0,4,3,0,1,3,2,2,3,4,0,0,3,1,4,1,3,3,1,2,3,4,1,2,1,2,2,4,3,2,3,4,3,0,2,4,1,4,2,4,1,0,2,2,4,3,3,1,0,0,4,4,3,0,0,0,1,1,4,3,2,3,1,1,4,2,0,2,2,2,4,1,0,2,0,2,1,0,3,1,0,2,2,1,1,2,0,3,4,1,2,0,1,0,1,2,0,2,0,1,4,4,3,3,2,0,3,1,4,0,4,0,3,3,2,0,1,3,2,3,4,3,0,2,0,1,1,3,2,2,2,2,3,0,3,0,4,4,0,3,1,3,1,3,2,2,4,4,0,1,2,3,0,3,2,2,2,2,3
56,0,2,4,0,4,3,2,0,2,2,0,2,2,1,1,0,0,2,4,0,2,4,1,0,2,1,3,1,2,4,3,3,3,0,2,3,1,4,2,1,0,3,1,2,1,0,4,3,2,3,3,3,1,1,4,0,2,1,3,0,2,2,2,2,4,2,0,1,0,3,4,4,3,0,0,3,2,2,1,0,0,3,3,2,0,0,4,1,1,2,0,4,0,3,2,1,0,2,1,0,4,2,0,1,1,4,2,2,0,1,1,4,4,2,1,0,3,0,4,0,1,2,3,2,3,3,1,1,4,4,3,4,1,4,3,2,0,4,1,2,1,4,3,0,0,2,0,3,1,3,2,2,0,3,1,3,1,1,3,4,3,1,2,2,0,2,4,1,3,3,4,2,1,2,0,2,0,3,1,0,2,2,3,4,4,2,4,1,4,1,2,2,2,3,4,0,0,2,4,1,0,2,0,0,0,2,2,3,3,3,0,4,2,3,4,3,3,4,3,0,0,0,1,3,1,2,4,2,1,0,3,3,0,3,4,4,4,2,0,4,1,4,2,1,0,0,4,1,1,4,4,3,3,4,2,3,4,1,3,2,0,1,2,2,2,1,2,0,3,1,2,4,3,1,4,4,2,1,2,0,4,0,2,3,4,3,1,4,0,3,1,4,1,0,4,1,2,4,4,4,4,2,0,2,2,1,3,3,1,2,1,4,1,1,4,3
57,4,0,1,1,3,2,4,2,0,4,0,0,0,4,4,3,1,2,2,0,4,4,0,1,2,3,1,4,0,2,0,4,0,2,0,2,0,0,2,0,1,3,1,3,1,3,0,2,2,4,3,4,4,3,2,3,0,4,4,3,4,2,4,3,2,2,4,3,4,0,0,2,4,0,1,0,4,4,0,4,4,1,2,4,3,2,2,3,0,1,4,0,3,1,1,1,3,0,4,1,1,0,1,1,3,2,0,0,0,3,3,4,3,0,4,2,1,1,4,2,1,4,3,0,2,1,0,4,1,0,3,2,4,1,3,2,2,3,1,2,4,0,4,2,0,3,0,0,0,2,1,2,1,3,3,3,3,3,4,2,1,3,4,4,4,2,3,4,4,3,2,4,1,0,0,0,2,4,0,0,3,4,4,3,4,1,2,3,0,4,1,1,2,1,4,4,1,4,4,0,3,4,4,2,3,3,3,1,0,0,2,3,3,4,1,1,2,0,3,2,1,1,1,3,3,3,4,0,1,1,4,1,1,3,3,0,1,2,1,1,0,2,1,2,3,3,2,1,2,2,3,2,4,4,3,1,1,3,1,0,4,0,0,0,3,0,2,1,3,2,2,4,4,2,4,1,1,4,0,2,1,4,4,1,1,0,4,4,3,0,1,1,2,1,4,1,4,4,0,1,0,4,1,1,0,0,4,4,1,1,3,3,2,4,2,2
58,0,0,3,2,3,4,1,0,4,4,0,0,2,3,4,2,2,4,4,1,3,4,0,1,3,0,0,3,1,0,2,3,3,4,1,2,2,4,0,0,2,1,0,3,4,1,0,2,4,0,2,0,4,3,3,2,3,4,2,0,1,0,4,2,0,2,3,1,4,0,1,4,4,3,2,2,1,3,4,3,3,1,2,3,3,3,0,3,3,4,0,3,3,1,1,0,4,0,0,1,1,4,3,4,3,2,1,2,2,1,2,0,3,4,1,0,4,4,4,2,2,2,2,0,2,1,4,0,2,4,0,4,0,3,0,2,4,4,4,1,1,2,3,1,0,2,3,0,4,1,0,3,2,0,2,4,3,3,1,3,0,0,0,4,3,3,0,1,1,3,3,2,3,0,4,3,3,0,2,3,1,1,1,4,4,3,3,3,4,3,0,2,1,1,0,3,4,3,3,1,1,4,1,3,0,4,0,3,4,0,4,3,4,3,4,4,1,3,2,4,0,1,1,4,2,1,3,4,4,2,3,3,2,0,3,0,0,4,4,1,4,3,3,0,3,4,4,4,2,3,1,3,3,2,3,0,4,4,2,4,0,2,1,4,3,0,0,4,1,3,1,1,4,3,4,4,0,4,2,3,0,3,0,2,4,0,0,0,2,3,2,0,0,4,2,2,1,3,1,1,3,4,4,3,3,2,2,2,2,0,0,4,0,0,2,2
59,3,2,3,3,0,2,0,2,0,0,0,4,0,1,1,1,3,0,1,3,1,2,4,0,4,4,2,2,2,3,1,0,2,0,0,0,2,2,1,2,2,0,1,4,2,2,4,0,1,0,3,2,3,2,3,4,2,2,3,1,3,2,2,1,0,1,0,2,4,4,3,1,1,4,0,1,0,0,0,0,3,3,4,3,1,3,1,1,0,4,0,0,3,3,1,3,3,2,1,1,2,1,4,4,2,3,4,2,4,0,2,1,4,1,2,4,1,3,3,0,2,1,0,2,3,1,4,3,4,4,1,1,4,0,4,4,1,2,3,1,0,3,1,1,2,0,0,1,2,1,4,4,2,1,2,1,1,4,3,0,0,2,0,4,3,1,1,4,0,1,0,4,1,2,3,0,0,0,0,4,4,4,4,1,4,1,2,4,2,4,2,3,2,1,0,2,0,3,3,1,1,2,4,3,0,4,3,2,3,1,0,0,1,4,1,0,2,4,3,2,4,0,0,2,4,3,3,1,2,4,2,3,4,0,0,4,2,2,0,0,3,4,2,3,2,0,4,1,4,1,3,1,1,3,4,3,0,0,1,3,3,3,4,2,2,2,4,3,2,3,1,2,1,4,0,4,4,4,2,1,2,0,4,3,0,1,0,2,3,2,4,4,0,4,4,1,1,2,2,1,0,1,2,3,4,3,3,4,1,0,3,0,2,3,2,1
60,3,2,2,1,0,0,3,1,3,0,1,4,1,1,4,2,2,2,0,1,4,0,4,0,0,0,4,3,0,2,1,3,3,4,3,4,4,2,0,3,0,0,0,4,0,3,4,3,4,1,1,1,1,4,0,2,2,1,0,3,0,3,2,0,0,2,0,3,0,3,1,0,3,2,1,0,3,0,3,0,1,1,0,0,4,0,0,1,0,2,0,4,3,1,2,3,2,1,4,1,2,2,1,0,1,4,1,3,0,3,1,0,3,3,0,0,2,0,1,4,2,0,4,2,1,4,0,0,1,2,4,1,2,3,3,2,0,0,3,0,0,2,2,0,2,4,3,4,4,0,0,4,4,1,1,3,4,2,1,0,4,2,2,2,0,1,2,1,3,0,1,1,2,2,0,1,4,2,2,3,0,1,1,1,2,0,1,4,3,3,1,2,3,3,3,3,1,0,0,2,4,0,4,0,0,2,3,2,0,3,3,3,4,0,1,2,4,2,1,3,1,2,1,0,1,0,1,0,0,1,4,3,3,3,0,3,0,4,1,1,0,0,4,3,4,1,1,3,1,0,1,2,3,3,3,2,4,0,3,1,0,1,0,0,1,1,0,3,1,2,2,0,4,0,0,3,3,4,4,4,4,4,0,0,2,2,1,0,4,1,3,0,2,0,0,0,0,3,2,0,3,1,0,3,4,1,2,0,0,3,2,4,1,2,0,3
61,4,3,1,2,3,3,0,3,4,2,1,3,4,1,4,3,3,2,0,4,0,0,1,1,4,0,2,0,1,0,3,3,2,4,0,3,4,3,4,4,3,1,4,0,3,1,3,2,0,2,4,4,2,2,4,1,0,3,2,0,3,3,2,1,1,0,0,4,1,0,4,3,0,4,1,3,0,1,3,2,1,2,0,4,0,1,2,2,3,0,0,1,2,1,1,2,1,2,1,4,1,1,4,0,2,3,4,0,1,0,4,1,0,3,2,2,4,1,1,2,0,1,3,3,1,1,2,4,2,4,3,4,2,1,4,2,3,4,3,3,0,4,2,4,4,3,3,3,3,2,1,0,3,3,0,3,1,4,0,2,0,1,2,4,3,0,2,0,4,0,2,1,2,0,4,3,3,4,0,4,0,2,1,0,3,3,1,0,1,2,1,2,3,2,0,0,0,0,4,2,0,1,1,4,2,2,2,4,2,2,0,2,0,0,2,1,3,1,2,2,1,2,0,4,2,2,1,0,1,1,2,0,2,2,2,2,4,3,0,4,3,3,3,4,0,1,3,1,1,2,1,2,0,0,2,0,3,0,2,3,1,1,1,2,1,0,1,4,4,1,1,4,1,3,4,2,4,0,3,2,1,0,0,3,2,0,2,2,0,2,3,0,3,3,2,2,0,1,0,3,2,3,4,4,3,1,1,0,0,0,2,1,3,4,1,1
62,1,0,2,3,0,2,1,2,0,1,0,3,1,2,0,4,2,2,1,2,0,4,3,4,0,1,0,2,1,3,3,0,2,3,4,1,4,3,3,0,0,1,0,2,1,2,0,1,3,4,3,2,3,3,4,4,3,4,3,1,3,0,4,4,2,2,0,4,4,2,2,3,4,4,3,4,0,2,2,2,1,0,0,3,1,4,0,1,1,0,3,1,2,1,4,0,4,3,2,0,1,2,1,3,0,3,3,3,3,1,4,1,2,3,2,1,3,1,3,1,0,4,4,3,0,2,0,3,0,2,3,4,0,4,4,1,2,0,4,4,2,4,4,4,4,1,1,3,0,2,3,1,1,1,3,1,3,1,4,4,0,1,0,3,0,1,3,3,4,3,3,0,3,2,4,4,3,0,4,4,2,3,4,4,4,4,0,1,2,0,2,4,2,3,3,1,1,2,0,0,4,0,1,0,4,3,0,0,1,2,3,2,4,4,2,1,1,1,3,4,4,4,3,4,2,0,3,0,2,1,1,1,3,1,3,3,0,1,4,1,1,1,4,4,3,4,3,0,3,1,2,2,1,3,1,4,3,1,4,4,3,0,0,4,0,4,0,4,4,4,4,2,0,4,1,3,1,1,2,0,2,0,4,2,3,0,2,3,1,4,4,1,2,1,3,0,2,0,1,4,0,0,4,0,0,4,4,1,1,0,2,1,1,2,2,4
63,1,3,3,0,1,3,1,1,3,1,2,0,4,3,4,0,2,2,2,2,3,3,1,1,0,1,0,0,0,2,4,4,3,0,2,1,1,3,3,0,0,1,1,1,1,4,0,0,1,2,1,3,2,3,2,3,1,1,2,3,4,2,2,0,2,4,1,3,0,3,1,2,4,0,4,4,4,4,1,4,4,1,3,1,2,1,3,2,2,0,4,2,2,3,2,3,4,0,0,4,4,1,2,2,2,3,1,2,3,3,0,3,4,3,4,4,0,0,3,0,0,2,3,3,3,0,0,4,1,1,1,2,0,4,4,1,2,2,1,1,0,2,4,1,0,4,2,1,1,0,0,2,1,0,1,2,1,4,1,3,3,2,2,2,4,4,1,0,3,3,3,1,1,2,0,2,1,4,2,1,1,4,4,4,0,1,4,0,3,3,3,1,0,0,3,2,3,1,3,3,0,3,4,4,2,1,1,0,1,2,4,0,4,2,0,3,1,2,0,4,0,3,2,0,2,2,4,1,3,0,1,4,1,2,2,3,0,0,4,3,0,2,3,1,3,3,0,4,4,0,0,0,4,0,1,1,2,1,3,2,1,3,1,3,0,3,0,3,3,1,3,1,3,4,2,1,1,0,4,0,4,4,3,0,2,4,4,1,3,2,4,1,0,4,1,0,3,0,4,2,0,2,2,0,3,0,1,2,4,2,4,1,1,1,0,2
64,4,1,1,4,2,2,4,3,2,4,4,1,4,0,1,1,2,3,2,0,1,1,4,3,3,4,0,3,1,0,2,2,0,1,2,1,4,3,0,3,4,2,1,1,4,0,3,2,0,4,4,1,2,0,1,2,3,3,1,0,2,3,3,0,1,4,2,3,4,0,1,2,0,1,0,3,3,4,0,3,1,4,2,0,3,1,0,1,4,3,3,4,1,0,1,0,4,2,0,3,3,3,1,1,1,3,0,3,0,1,2,1,4,0,2,1,2,3,0,4,3,2,1,0,4,1,4,0,2,4,0,4,1,4,1,1,0,3,4,2,1,3,1,3,3,2,3,2,0,1,2,1,4,0,4,4,3,3,4,3,1,3,4,3,3,2,2,4,1,0,0,4,1,1,1,2,4,0,1,4,0,2,3,0,0,0,3,1,3,0,2,0,2,4,2,0,3,0,0,4,1,0,4,3,4,4,2,1,1,3,4,3,3,1,1,1,0,4,3,4,3,3,3,3,2,2,0,1,3,4,2,1,0,1,3,1,3,2,2,3,4,2,4,3,3,2,4,3,2,3,1,1,2,3,2,0,2,2,1,1,3,2,2,3,4,3,1,1,2,1,3,2,3,3,2,4,1,0,0,0,1,4,3,2,4,0,1,1,2,3,4,4,4,3,3,3,2,1,0,3,1,3,0,3,1,2,0,1,4,4,4,2,3,3,3,2
65,4,3,2,2,1,3,4,0,2,1,0,2,1,3,1,2,3,4,1,0,3,3,4,1,0,4,1,0,0,2,0,1,4,4,2,1,0,2,3,1,2,4,2,3,1,2,0,1,2,2,1,4,0,1,0,0,1,2,4,0,0,2,1,4,0,0,1,2,3,2,0,0,4,2,3,4,3,4,2,0,3,2,3,2,4,2,4,0,4,1,0,2,2,1,2,0,0,4,3,2,1,0,0,0,3,3,2,1,3,4,3,0,1,2,3,0,4,4,2,2,3,2,0,0,0,3,3,2,3,0,1,0,1,2,4,3,3,0,0,1,3,2,0,3,4,1,0,0,2,0,3,3,3,4,4,0,4,4,2,4,1,1,1,0,3,2,0,3,2,2,2,1,1,1,2,2,1,2,1,1,1,3,2,0,1,0,3,2,1,1,1,0,3,2,3,1,3,0,4,4,2,2,3,2,0,1,1,3,1,3,2,2,0,1,0,4,0,3,3,0,2,4,0,2,0,1,3,1,1,4,2,3,1,3,2,0,1,2,3,2,0,2,3,1,1,4,3,4,4,0,3,1,3,0,3,3,4,3,4,4,2,0,4,3,4,4,4,1,1,1,1,2,4,2,3,0,2,1,1,3,4,0,2,4,4,2,2,2,2,1,4,4,1,4,2,0,4,0,0,1,3,4,1,1,0,4,1,2,1,2,3,2,2,0,1,3
66,1,2,2,1,3,3,0,2,2,0,1,2,1,3,4,0,2,0,3,3,3,3,4,1,1,4,1,3,1,0,1,0,2,0,0,3,3,3,0,4,3,3,0,2,2,1,2,3,4,1,4,4,3,0,0,0,2,0,3,2,0,4,3,3,1,3,4,3,1,3,3,1,3,2,3,0,0,2,3,4,3,0,1,2,1,4,3,4,1,3,4,0,0,2,0,0,1,0,0,1,0,0,2,0,0,2,1,0,4,1,1,0,2,1,2,4,2,3,2,1,2,2,3,3,0,1,0,3,2,3,4,2,0,2,4,3,1,1,1,3,1,4,3,1,0,3,3,2,1,0,4,3,4,4,4,2,4,1,1,0,0,4,4,2,4,4,4,3,3,2,2,1,2,1,4,2,2,2,1,1,0,1,1,3,2,1,2,2,3,2,1,2,0,0,3,1,3,0,1,2,1,4,1,2,4,3,1,3,1,0,0,2,0,4,4,1,3,4,1,3,0,1,3,2,2,4,3,2,4,1,1,3,3,3,3,2,2,4,2,1,4,2,3,2,0,4,2,2,1,3,3,1,1,0,4,3,1,1,4,1,0,4,0,2,3,1,4,0,3,3,1,3,1,2,1,0,3,3,3,1,4,1,0,1,3,2,0,2,0,0,3,1,3,3,3,2,0,4,1,3,0,1,4,4,3,4,4,1,1,3,0,3,2,4,0,1
67,2,2,4,1,0,1,4,2,4,3,2,4,0,0,0,3,1,0,3,0,3,0,1,4,0,4,0,1,4,3,0,0,3,1,2,0,3,2,0,4,3,4,1,2,3,0,0,2,4,4,3,3,4,3,4,2,3,4,3,0,0,1,4,1,4,3,4,0,3,0,3,4,4,0,2,4,2,3,2,0,1,1,0,1,0,4,2,1,4,1,3,0,0,4,3,2,3,3,2,2,3,1,1,3,1,2,2,1,2,0,2,3,4,1,1,2,2,4,4,3,0,3,1,2,3,2,2,3,3,4,0,4,0,3,0,1,4,4,4,2,2,3,3,2,4,2,0,4,2,3,2,1,2,4,2,3,0,1,4,3,1,2,1,0,1,1,2,2,4,2,1,0,2,4,4,1,2,2,4,2,1,0,1,2,1,3,3,2,2,0,1,0,2,2,4,0,2,3,4,1,4,1,3,1,0,1,1,4,3,1,0,4,3,3,2,0,4,4,0,3,1,0,4,0,3,2,2,1,1,3,1,2,3,3,3,0,1,4,2,1,2,1,4,2,4,2,0,0,2,2,4,3,2,1,1,1,0,4,0,1,2,1,2,4,3,2,0,1,1,1,2,4,2,0,1,2,1,0,3,3,3,1,2,1,4,2,0,3,2,2,3,0,1,1,2,3,4,0,1,0,0,0,3,3,3,2,3,2,1,1,1,1,1,3,4,3
68,4,3,1,0,4,0,1,4,0,3,1,3,3,1,4,2,2,1,2,0,4,3,3,1,3,0,0,1,3,2,2,4,1,4,2,2,2,4,1,0,0,2,1,1,3,3,4,3,4,0,2,1,0,0,4,2,4,0,1,3,4,0,3,3,0,2,0,1,3,1,4,3,2,0,4,1,4,2,0,4,1,4,0,4,1,0,2,2,3,4,1,4,0,3,1,4,1,0,3,1,0,2,1,3,1,1,0,4,4,1,3,3,0,1,1,4,0,2,3,3,1,0,2,3,0,2,1,4,3,3,2,4,0,1,0,2,3,3,0,1,2,1,2,1,0,4,2,0,3,3,1,3,4,2,1,2,2,0,3,2,4,4,3,3,1,1,1,3,2,0,1,0,4,3,4,1,2,1,0,1,2,2,3,3,2,2,0,1,3,0,1,3,0,4,4,3,0,1,1,0,4,0,4,4,1,3,2,0,4,0,3,3,2,2,4,2,4,1,4,2,0,2,3,2,1,4,3,4,4,2,0,3,1,1,0,0,2,1,3,0,0,0,3,1,3,3,2,0,1,2,2,4,0,1,1,1,0,1,3,3,0,1,4,4,4,3,4,1,1,4,2,4,2,0,0,1,3,1,1,3,1,3,1,0,2,1,2,4,1,0,3,0,2,3,0,0,0,3,0,0,2,0,0,4,3,4,2,4,1,3,0,4,4,0,0,2
69,4,4,1,1,4,1,4,3,2,1,4,1,2,3,0,0,1,4,2,3,3,3,0,2,0,1,3,2,3,0,0,0,3,2,2,1,3,1,1,1,1,0,1,2,1,0,4,4,4,3,2,0,4,0,0,3,4,1,0,4,0,3,3,1,3,4,3,1,2,0,0,4,1,1,1,0,3,0,0,0,3,2,4,2,2,0,2,0,0,4,1,0,2,4,2,1,3,1,4,1,1,4,4,2,0,3,3,3,1,4,4,4,0,4,4,1,2,3,1,1,1,3,1,2,4,2,4,4,1,1,3,0,2,3,3,2,2,4,0,1,0,0,1,0,3,3,1,1,2,2,0,0,1,0,4,3,0,0,2,4,0,3,0,1,4,0,4,0,3,3,4,2,2,1,2,4,2,1,0,2,4,4,1,1,3,3,3,0,4,3,4,1,0,1,4,3,1,2,0,4,3,1,0,3,1,4,2,2,4,0,4,1,0,2,1,3,3,3,2,4,0,2,1,1,3,0,3,1,1,4,4,4,3,0,4,2,4,3,0,4,0,2,1,0,4,3,3,3,3,0,3,1,2,0,0,3,3,0,3,3,3,3,3,4,4,4,0,2,0,4,0,2,3,1,4,4,2,3,3,1,3,2,3,2,4,4,4,0,4,2,1,3,4,0,0,2,1,4,4,0,2,0,0,1,2,1,2,4,3,3,2,3,0,4,4,3
70,2,0,2,3,4,4,2,1,2,1,2,1,1,1,1,0,1,1,4,0,1,3,0,4,2,4,4,0,0,3,3,0,0,0,2,4,3,3,1,2,0,0,2,3,0,1,3,4,2,3,4,1,2,0,0,4,3,1,4,1,1,1,2,4,2,3,3,0,0,0,3,1,1,4,3,0,3,1,1,2,2,4,3,2,2,3,1,4,4,4,2,1,4,3,4,0,1,0,1,3,2,2,1,4,0,3,4,2,4,0,2,1,3,3,2,1,0,3,2,3,1,0,1,4,1,1,3,1,2,3,3,4,2,1,4,2,4,0,1,4,0,1,4,4,4,4,3,4,3,3,0,1,3,2,3,2,0,2,0,0,0,2,2,0,0,1,0,4,1,1,1,4,1,1,2,2,0,0,3,4,2,0,4,1,4,2,3,2,0,0,4,2,0,1,1,3,4,0,3,1,3,3,0,0,0,4,3,3,4,1,2,1,4,3,3,0,0,3,3,0,0,1,3,3,4,1,2,2,2,0,2,4,0,0,2,0,1,1,2,4,0,3,2,0,2,2,4,3,0,2,2,0,2,2,2,1,1,3,4,0,4,4,1,3,4,4,2,0,3,0,1,4,4,0,1,2,2,4,4,3,0,4,1,0,3,2,3,0,2,1,2,2,1,4,4,2,2,3,4,1,2,2,3,3,3,0,1,0,2,3,3,3,4,1,0,1
71,3,2,4,1,2,3,3,3,3,4,4,1,3,4,2,4,4,1,4,2,3,0,1,2,1,3,4,4,2,3,0,0,4,3,3,2,0,2,1,3,0,2,4,1,2,4,0,0,1,4,3,0,3,3,2,2,0,3,2,4,4,4,4,3,4,3,0,0,4,4,4,0,2,0,4,2,2,1,3,4,3,1,3,4,1,3,0,2,1,0,4,2,1,2,1,1,3,2,2,0,4,0,3,1,3,3,0,1,4,3,4,1,1,0,2,0,4,0,1,3,2,1,3,4,4,4,0,4,4,0,3,1,2,4,4,4,0,0,0,2,1,4,3,4,4,4,4,1,3,0,3,4,3,4,3,2,3,0,0,3,3,1,3,0,2,0,1,3,2,0,2,4,0,4,2,3,3,3,4,3,1,0,0,2,4,0,4,2,3,2,1,3,3,3,2,1,4,2,0,0,2,4,0,4,3,2,3,0,4,3,0,1,3,1,1,0,2,4,0,3,4,2,0,2,3,0,3,4,4,2,2,4,1,4,0,3,4,4,3,3,0,3,2,4,3,0,3,4,1,3,2,4,0,4,1,0,1,1,2,3,2,2,2,0,3,3,0,2,2,1,1,4,1,3,0,2,4,1,4,0,0,4,4,4,2,3,1,1,1,4,4,4,2,2,2,2,0,2,2,2,1,1,1,3,0,4,2,1,0,2,3,4,2,4,2,3
72,0,4,4,0,4,1,0,3,2,2,0,1,3,2,2,1,4,0,1,1,1,1,4,3,1,1,0,2,4,1,3,3,3,0,3,0,4,3,2,1,4,2,4,3,4,4,4,0,2,3,1,3,3,0,0,4,3,2,0,0,2,0,2,1,2,1,4,4,0,2,0,2,0,4,4,0,2,3,2,0,2,1,2,4,4,1,2,3,2,4,4,0,4,0,4,4,3,0,0,4,0,4,4,2,0,1,0,0,3,1,1,3,3,0,2,3,1,1,0,2,4,3,3,0,2,1,1,4,1,3,4,2,4,2,1,0,4,4,3,3,2,0,3,3,1,1,3,2,0,3,2,2,3,2,4,2,3,2,3,1,3,2,3,0,3,3,0,0,0,4,3,0,0,1,4,3,2,4,4,1,3,3,0,0,4,1,3,1,2,3,0,4,1,0,4,0,3,1,2,0,1,3,0,3,2,2,4,4,4,3,4,1,3,3,4,4,3,2,2,4,2,1,1,1,3,3,3,3,3,4,2,4,2,4,1,0,3,0,0,1,0,0,1,2,4,0,3,1,0,2,2,3,0,3,2,2,4,2,1,4,3,2,1,4,1,4,4,4,3,4,4,1,4,3,1,4,1,3,1,3,2,4,3,4,3,0,0,0,3,4,0,4,3,4,4,0,1,2,3,3,3,2,1,4,3,4,0,0,0,3,2,3,0,0,3,2
73,2,4,1,0,2,0,1,0,2,4,3,3,2,2,1,0,1,3,0,1,3,0,4,4,1,2,0,1,2,2,0,0,2,3,1,0,2,3,4,2,3,4,3,0,2,4,3,4,1,2,0,4,3,4,3,4,0,0,2,0,4,4,0,1,4,2,1,0,3,4,3,2,1,3,2,3,3,2,4,3,2,3,4,2,3,0,4,3,1,2,3,4,4,1,1,3,0,4,0,0,3,2,2,2,1,4,1,4,4,4,3,2,1,1,3,4,2,0,0,3,2,0,0,1,2,0,1,2,4,2,3,1,4,1,1,0,2,1,1,3,3,3,1,4,2,1,0,4,4,2,4,2,4,2,3,3,4,4,2,2,1,3,1,1,0,2,0,0,1,0,2,1,2,4,0,1,3,2,0,2,2,4,2,4,4,4,0,2,2,4,2,2,4,3,3,4,0,2,2,3,4,0,4,3,3,2,1,0,0,1,3,4,0,1,2,2,3,0,4,0,2,0,2,1,1,2,4,4,0,2,3,4,4,1,4,4,4,2,2,1,0,4,0,2,4,0,0,3,2,1,1,3,0,3,3,2,4,0,1,1,3,3,3,0,3,3,4,0,2,2,4,1,2,0,1,3,0,1,2,3,3,0,3,1,4,2,0,4,4,0,1,2,0,4,4,0,4,0,0,2,0,4,3,2,4,4,2,2,4,3,1,4,2,0,0,2
74,2,1,2,0,3,2,1,3,1,3,2,0,3,4,1,3,1,0,1,1,4,1,3,1,2,1,2,1,1,3,2,2,4,1,1,3,4,4,3,2,0,3,2,4,3,0,1,3,0,0,3,2,3,4,0,0,1,0,1,0,0,3,3,4,2,4,0,4,3,0,0,4,1,2,4,4,2,0,0,1,4,2,4,3,4,4,3,3,2,0,1,3,0,2,4,2,2,3,1,3,4,3,4,3,1,0,1,3,2,0,2,1,0,3,2,3,4,0,2,1,1,1,1,2,4,1,1,1,4,0,1,1,1,0,1,0,0,3,3,1,2,3,3,2,4,1,4,4,0,0,1,2,0,3,1,4,1,0,2,4,2,1,2,2,1,4,2,2,1,3,2,0,4,2,1,0,1,2,0,4,4,4,3,1,2,0,1,2,3,2,1,2,0,3,0,3,3,2,0,3,3,2,1,1,4,4,3,1,3,0,1,1,1,4,2,2,4,4,4,2,3,4,3,3,0,2,3,2,2,0,2,3,1,3,3,2,3,1,2,4,3,3,0,4,4,1,4,0,1,4,1,4,4,4,3,4,3,2,0,1,1,2,4,0,2,2,1,3,3,4,4,2,4,3,0,1,3,4,1,1,2,4,2,1,2,4,3,0,3,1,3,2,4,3,3,4,2,0,3,1,2,2,3,4,3,3,4,1,4,3,0,4,1,4,4,2
75,2,3,3,4,0,3,4,4,4,4,4,2,1,1,4,3,0,4,0,2,1,2,3,3,4,3,3,2,0,1,3,3,2,1,2,0,2,1,1,3,0,4,3,2,2,1,1,1,4,4,3,4,1,3,3,0,4,2,2,0,1,0,1,4,4,3,3,3,3,2,3,3,3,1,3,0,3,3,2,3,1,4,3,3,3,2,4,2,2,2,1,4,1,1,4,1,4,3,2,1,4,0,1,1,4,0,0,3,1,2,1,2,2,4,1,4,3,2,0,2,3,2,4,1,0,4,1,0,3,2,0,3,1,0,3,1,4,2,3,4,1,0,2,1,3,2,4,2,4,1,0,2,0,0,2,2,0,3,3,2,0,0,1,0,3,1,3,4,2,4,2,3,3,4,2,2,1,0,1,3,4,2,1,4,4,0,2,4,2,1,4,4,1,2,2,4,1,3,2,3,4,3,3,2,4,3,2,3,2,4,1,2,2,3,4,0,0,1,4,2,0,1,4,1,0,3,3,4,1,2,0,3,3,1,3,1,0,1,3,1,3,4,3,3,3,4,2,3,2,0,1,2,0,1,3,3,3,4,4,4,4,0,0,3,1,4,1,0,4,0,0,2,0,3,0,4,3,0,3,0,3,1,2,3,4,2,2,0,3,2,4,4,4,0,1,3,2,3,2,0,3,0,0,3,3,2,4,0,1,2,2,4,4,0,2,2
76,1,0,0,4,0,1,0,3,3,1,4,2,0,4,4,0,2,0,2,1,2,4,1,3,1,2,1,1,3,2,4,1,0,4,1,4,0,4,4,0,0,0,3,0,4,0,1,0,0,2,4,4,1,3,2,1,1,4,2,4,3,4,0,4,0,1,3,0,3,4,4,1,4,0,1,3,1,3,2,0,0,3,4,4,2,3,2,3,2,3,0,2,2,3,1,1,0,4,4,0,4,3,1,0,3,0,1,4,3,1,0,2,3,0,0,1,0,3,3,0,1,3,2,4,1,1,4,4,3,0,0,2,0,2,2,1,1,3,4,4,2,4,2,4,3,1,1,2,4,0,3,4,0,3,3,1,2,4,3,4,3,1,2,0,0,1,3,1,2,0,4,0,2,3,1,0,0,4,1,4,4,3,0,1,3,3,3,2,2,3,2,1,0,1,0,2,1,4,3,0,0,4,4,3,2,1,1,1,2,3,1,0,0,0,4,4,2,1,4,0,4,0,1,2,3,3,0,4,4,0,1,0,1,2,2,0,2,4,1,3,3,2,1,4,3,4,4,3,3,2,1,0,1,0,3,4,1,4,1,1,4,2,3,2,2,1,3,1,0,1,4,1,0,1,0,3,1,0,3,4,2,0,4,3,4,1,2,0,3,2,3,4,3,3,4,4,2,0,4,2,3,3,1,4,2,2,0,2,4,2,1,3,3,2,2,2
77,2,1,4,1,1,1,3,1,2,1,2,4,3,4,4,3,2,2,2,3,1,0,1,1,4,0,2,1,3,1,2,1,4,4,1,4,3,0,1,3,3,3,2,1,1,1,0,3,1,4,2,0,2,3,4,3,1,2,4,2,0,4,0,4,1,2,2,3,4,4,0,4,2,4,3,3,2,2,2,4,4,1,0,4,1,1,3,4,1,3,0,3,0,2,2,3,2,4,3,1,4,3,0,2,2,2,3,4,0,2,4,1,1,0,2,1,4,4,1,2,0,2,3,1,3,1,0,2,2,1,4,3,2,2,1,4,3,4,4,1,4,3,0,0,3,1,2,1,3,4,0,4,1,3,0,3,0,0,0,1,3,2,2,2,3,4,3,0,4,0,0,3,2,4,1,2,1,3,4,3,1,0,3,4,3,2,3,1,3,4,3,3,4,3,4,1,4,1,1,4,3,2,4,3,1,0,2,3,2,0,0,0,4,2,4,0,3,0,4,0,0,4,4,3,4,3,1,1,4,0,2,0,4,3,0,1,4,0,0,3,3,3,2,4,4,1,1,4,0,4,2,1,1,1,4,1,1,4,0,1,1,1,2,4,1,2,0,0,2,0,3,0,3,2,3,0,1,3,0,1,2,2,4,2,4,2,2,2,4,4,3,0,0,0,2,0,4,3,1,3,0,0,4,3,4,4,1,4,4,1,2,2,1,4,0,3
78,0,0,4,3,3,2,1,4,3,4,2,0,3,2,4,2,2,2,2,2,2,1,4,0,4,3,3,4,2,1,0,2,4,4,1,1,4,2,2,2,0,0,2,4,1,3,1,1,3,2,1,3,4,4,4,2,1,1,0,4,2,3,2,1,4,0,2,0,1,3,2,1,4,2,0,2,1,1,0,1,2,0,1,1,2,1,2,4,2,3,1,4,0,3,0,3,4,4,4,3,2,0,2,2,1,0,3,1,1,4,3,2,2,2,4,2,0,2,2,0,4,1,3,4,2,1,3,3,3,0,0,1,2,1,2,4,3,3,0,4,4,2,4,0,2,1,2,1,2,3,1,0,1,1,2,3,2,2,3,2,3,0,3,4,3,3,4,3,1,2,2,0,0,4,1,0,2,0,0,3,0,4,2,4,4,1,3,4,1,2,2,1,4,4,3,3,2,3,1,2,4,2,0,2,3,1,4,4,3,3,3,0,1,0,3,1,3,1,4,0,3,3,2,4,3,0,4,3,0,2,2,0,4,0,0,2,2,2,3,3,1,3,4,4,2,0,2,0,2,2,4,0,1,1,2,2,4,0,2,1,0,2,0,4,1,0,1,2,3,0,1,0,2,2,1,4,0,0,2,0,1,3,2,3,0,4,1,0,1,0,0,0,2,3,4,3,3,1,2,2,0,3,4,1,2,0,4,3,4,2,1,3,1,4,4,0
79,3,4,2,2,1,2,4,2,3,1,3,4,4,2,0,0,4,4,1,4,4,1,3,3,1,1,3,3,3,3,2,1,0,2,0,0,4,1,2,1,3,1,0,3,1,1,0,3,0,1,2,2,4,2,3,4,3,2,2,1,3,0,1,3,4,3,4,4,2,0,3,0,4,2,0,1,4,1,0,0,0,3,4,4,4,3,0,0,1,3,2,3,1,1,1,0,2,1,4,0,2,4,2,2,4,3,2,3,2,4,2,1,1,2,4,4,0,4,3,2,1,4,1,0,2,4,1,4,0,1,1,2,2,1,2,1,3,4,3,3,4,1,1,2,0,1,4,0,4,4,4,0,3,4,2,1,1,1,0,2,2,2,2,2,3,2,2,0,0,2,3,2,2,2,4,3,1,2,1,3,2,1,1,3,2,4,3,4,2,1,3,3,3,0,2,0,3,3,4,0,1,2,1,1,2,3,4,3,3,0,1,1,1,4,4,4,2,4,0,0,3,3,3,3,0,3,0,4,4,2,3,4,4,1,1,0,2,1,2,4,0,2,1,4,3,4,1,1,3,4,2,2,4,2,4,4,1,0,1,2,0,4,2,3,2,0,0,4,3,4,3,3,4,2,1,3,0,4,2,3,2,4,0,3,3,2,4,1,3,0,3,3,1,1,4,3,3,2,2,0,0,2,0,3,1,3,2,4,4,2,3,0,0,4,2,2
80,1,4,2,1,0,4,4,2,2,3,0,0,1,1,3,0,1,0,0,1,2,2,1,3,4,0,4,1,0,4,2,3,4,3,2,4,1,0,2,3,3,2,1,1,3,2,2,0,3,1,4,1,1,4,3,0,1,1,3,3,2,3,3,1,0,1,3,2,0,2,4,2,2,3,3,3,3,3,2,4,3,4,4,1,1,0,1,3,4,0,1,2,0,3,4,3,3,2,2,4,1,3,1,4,3,1,3,2,2,0,4,1,3,0,4,4,4,1,2,0,1,3,1,3,3,4,1,2,3,4,2,1,2,1,3,0,0,3,2,1,0,1,3,2,1,2,0,1,4,0,2,3,4,1,0,1,1,4,4,4,4,3,2,4,0,1,4,0,3,0,0,3,3,1,4,0,2,2,1,2,1,4,1,3,3,3,3,3,3,3,3,3,4,3,1,4,2,0,4,3,4,0,0,3,3,1,0,3,0,1,2,0,1,1,1,4,3,0,4,0,4,3,1,0,1,3,0,2,2,2,3,2,0,2,0,3,1,4,2,4,1,3,3,1,4,2,0,3,1,4,2,4,2,0,0,1,1,2,2,2,2,0,1,1,3,1,1,4,4,3,2,3,3,0,1,0,1,3,1,2,2,3,4,2,3,0,4,2,3,3,0,0,4,2,3,4,4,0,3,1,0,3,4,4,2,1,0,2,2,1,0,0,4,0,2,4
81,0,1,2,3,1,1,0,4,4,2,0,4,3,0,0,4,1,0,1,2,2,4,2,4,4,1,1,2,1,0,3,0,0,4,3,4,1,1,3,2,1,0,3,3,1,1,4,4,0,3,2,2,3,0,4,4,4,2,2,0,2,1,2,4,0,3,3,0,1,3,4,3,3,4,2,1,4,4,0,1,2,4,2,4,4,0,3,1,0,2,4,4,1,0,0,2,0,0,3,1,0,2,4,0,0,4,3,1,3,2,0,3,1,2,3,0,1,0,0,2,1,4,0,1,0,3,3,1,2,4,3,2,4,3,4,0,1,3,3,0,3,3,3,3,3,2,3,0,3,4,4,0,2,0,2,1,4,4,4,2,0,2,4,4,4,4,1,4,2,4,3,1,4,3,2,1,4,2,3,1,4,2,1,3,4,1,3,3,2,3,3,0,3,4,1,4,4,2,0,0,4,1,0,0,4,0,2,4,0,0,0,4,1,3,0,3,3,0,0,3,1,3,1,2,1,4,0,2,3,1,2,4,1,3,3,1,4,0,0,3,4,3,0,3,1,1,4,0,4,4,0,2,2,3,2,1,4,3,4,0,2,0,3,1,2,0,2,4,1,2,1,4,4,0,3,0,1,0,2,0,3,3,1,4,3,1,3,3,4,2,1,3,3,0,2,4,1,3,1,4,2,0,2,0,1,2,2,2,4,1,0,2,1,4,4,1
82,0,1,1,3,4,0,3,1,4,3,3,0,1,0,3,3,0,3,2,4,1,4,1,3,0,0,3,1,3,1,3,3,3,0,1,3,4,4,0,2,0,2,0,4,3,1,3,4,1,2,2,4,1,3,4,2,4,3,0,0,3,1,4,3,0,2,3,3,3,0,0,3,3,1,2,4,4,4,0,0,1,0,3,2,2,2,2,4,4,3,1,0,0,4,2,3,1,4,3,3,4,3,2,3,1,3,0,3,4,0,4,1,2,1,0,2,3,0,2,4,2,4,4,2,1,1,4,0,2,0,1,0,3,3,1,0,2,1,3,1,0,0,0,4,0,3,3,4,3,3,1,0,1,1,3,2,0,2,3,4,1,3,3,2,4,1,4,4,4,0,4,3,0,0,4,3,1,4,0,1,1,0,1,3,3,4,4,1,0,3,2,4,3,1,3,3,1,4,4,2,2,4,4,4,4,3,2,1,0,1,0,3,2,0,4,3,0,4,3,0,4,2,3,0,4,2,4,2,0,4,4,1,3,4,2,3,0,3,1,0,4,0,0,1,2,0,2,3,1,4,0,2,0,1,4,3,3,2,3,2,4,0,1,4,4,3,3,1,0,4,3,4,0,2,0,4,4,1,4,3,1,4,0,4,0,0,4,0,2,1,4,2,0,0,1,2,2,4,0,3,4,4,4,1,1,4,3,2,2,0,2,2,3,2,3,1
83,3,1,3,4,1,1,2,1,3,4,4,2,3,3,0,1,2,4,0,3,1,4,0,3,4,4,3,3,2,4,3,0,1,2,3,1,2,4,1,2,3,3,2,4,2,0,2,2,3,4,2,1,3,3,2,1,2,1,3,1,2,0,0,1,2,4,0,3,2,2,0,4,3,4,3,0,2,3,2,1,1,0,0,0,1,3,4,0,4,4,1,3,1,0,1,1,1,0,0,1,1,4,3,4,3,3,1,4,3,3,0,3,1,2,0,2,1,2,3,2,4,1,4,2,4,0,2,4,3,2,0,3,2,3,2,2,1,4,2,0,4,1,4,4,2,0,2,0,0,3,2,1,4,3,1,2,0,2,2,3,1,3,1,3,4,0,0,0,4,4,0,0,1,1,2,3,1,1,1,1,4,2,1,3,1,4,0,0,2,0,1,4,2,1,0,3,1,3,3,2,4,0,0,1,0,2,0,1,0,4,3,3,3,4,2,1,4,1,2,4,0,2,3,4,2,2,4,3,3,2,1,2,4,4,4,3,0,4,4,1,1,2,2,2,4,1,2,1,4,4,2,4,4,1,0,3,2,0,2,0,4,2,0,3,4,2,2,0,2,4,1,0,3,2,4,2,3,4,3,4,1,4,3,0,1,2,1,1,2,4,1,1,0,0,3,2,4,4,3,4,4,0,4,4,3,3,1,4,4,4,0,4,0,1,2,4
84,3,3,4,0,3,3,1,1,1,3,3,4,4,0,3,4,4,1,1,1,2,4,1,1,3,1,3,0,1,3,1,0,1,3,0,0,0,2,3,2,0,2,1,2,4,0,0,3,1,3,2,4,4,4,4,1,2,4,0,2,1,4,1,4,0,2,0,4,3,2,1,4,0,3,4,1,0,2,3,4,4,4,4,0,2,1,3,4,4,2,2,0,0,0,3,0,4,0,3,0,0,4,4,4,0,4,2,1,1,4,3,4,4,0,3,4,2,1,2,2,2,3,3,3,1,0,4,4,0,4,2,1,4,1,0,4,1,2,2,0,3,4,2,2,0,2,4,0,1,0,4,4,1,0,4,4,1,3,0,4,2,1,3,3,1,3,4,3,0,2,4,1,2,4,2,3,1,1,0,3,0,0,3,4,0,2,4,3,1,4,0,2,3,1,2,1,3,4,0,3,2,4,1,4,4,2,0,4,4,0,0,1,1,0,3,0,1,2,2,4,2,1,2,3,0,0,1,4,0,2,3,4,4,4,0,4,1,2,3,2,1,1,2,0,1,4,3,3,1,4,2,3,4,4,0,1,4,2,3,0,2,3,1,2,3,0,3,4,0,2,1,0,0,0,3,4,1,1,4,3,3,4,4,2,3,0,1,3,4,0,2,2,0,0,4,4,1,1,2,0,2,4,3,4,3,0,0,0,1,1,3,2,2,3,1,4
85,3,2,3,3,0,1,0,1,3,1,2,0,3,2,1,1,2,1,0,4,1,3,1,3,1,1,3,0,4,4,0,1,4,0,0,4,3,2,3,1,3,2,2,0,1,0,3,3,4,0,0,0,0,2,4,1,1,1,2,4,4,2,0,3,0,1,0,2,1,3,1,0,4,4,4,1,4,2,3,4,2,2,1,1,3,3,0,3,1,2,0,3,2,1,4,0,2,1,1,0,0,3,3,0,0,2,3,1,3,3,0,0,3,4,4,3,4,3,0,0,0,1,0,0,3,4,4,0,0,0,3,3,3,4,1,4,3,2,1,0,4,1,2,1,4,3,0,3,3,4,3,3,4,4,2,3,1,0,0,4,4,2,3,4,4,0,3,2,4,4,4,0,4,4,0,4,3,3,0,3,2,4,2,3,0,0,2,3,4,3,3,0,1,4,4,0,3,0,3,1,1,2,3,0,0,0,2,4,0,1,0,0,0,4,0,4,4,2,1,0,0,0,4,3,1,0,3,3,3,1,3,0,0,2,4,3,4,4,4,4,4,0,1,3,3,0,0,4,1,3,2,0,2,3,0,3,0,3,2,1,0,2,3,2,0,2,3,4,1,1,4,0,2,2,4,4,3,3,1,0,0,4,1,1,3,2,0,1,3,3,3,2,1,4,4,3,3,2,3,1,3,3,1,0,4,3,1,4,2,0,3,0,3,3,3,0
86,2,1,1,2,2,3,3,1,3,3,2,0,4,4,3,3,4,2,4,4,4,3,3,4,3,4,2,3,0,3,2,2,3,1,4,4,2,3,1,0,4,1,4,3,4,0,3,2,1,4,3,3,4,2,4,2,4,3,0,0,3,0,2,3,2,3,2,2,0,3,4,0,2,2,4,4,2,4,1,0,3,4,4,1,3,1,3,0,4,0,3,4,1,2,1,2,1,3,0,2,3,0,0,4,4,4,2,2,0,2,0,3,1,0,0,3,4,4,4,0,0,2,2,1,1,2,0,3,2,0,2,4,2,4,0,4,2,4,3,4,4,1,3,0,4,3,0,3,1,0,0,4,2,0,0,1,1,1,4,0,1,1,3,3,1,4,2,3,3,0,0,1,0,0,2,4,1,2,1,4,1,0,4,2,2,3,2,3,0,2,4,3,2,0,4,4,0,2,1,2,3,3,2,3,1,1,4,3,2,4,1,4,0,3,2,1,4,2,3,2,3,3,3,4,3,2,0,2,4,3,0,4,1,1,1,0,2,0,0,0,1,2,0,2,3,0,0,0,3,3,1,4,2,4,0,0,1,4,0,4,1,4,2,1,4,0,3,3,1,3,2,1,0,0,1,3,3,0,2,3,2,3,1,4,0,1,3,0,4,4,3,0,3,4,1,1,2,4,4,3,2,2,0,3,1,0,2,1,4,3,2,4,2,1,0,1
87,3,3,2,1,0,3,0,4,2,0,2,4,0,0,4,1,0,0,3,1,0,4,2,4,1,3,3,3,4,2,2,0,2,2,0,4,4,1,4,3,3,1,2,1,0,1,1,3,0,0,1,0,0,4,0,2,0,3,4,3,3,2,4,1,0,2,2,1,2,1,1,1,2,1,2,4,1,2,2,2,0,0,1,4,1,3,3,4,4,4,0,0,3,4,2,3,4,2,4,1,2,1,0,3,4,3,4,1,2,2,4,1,4,4,4,2,4,2,0,1,0,4,2,1,3,1,1,4,0,0,3,4,1,0,0,2,1,4,0,4,1,1,0,3,4,4,2,1,1,0,0,0,2,3,0,0,0,2,4,3,4,1,1,0,4,2,3,4,4,3,4,4,3,2,3,0,0,0,0,1,2,1,4,4,3,0,3,4,0,2,4,3,3,4,1,2,4,4,3,0,0,0,3,0,4,1,1,1,0,1,0,4,4,3,3,2,4,0,2,4,0,4,4,0,4,4,4,3,1,4,0,4,3,3,4,2,1,0,0,0,0,3,1,4,4,2,4,1,4,3,4,0,0,0,0,3,3,3,4,0,2,2,0,1,4,2,3,1,3,1,1,4,3,3,2,0,0,2,1,2,2,3,2,1,0,4,2,2,3,3,2,2,1,0,0,4,0,4,3,4,4,0,2,3,1,4,4,4,2,1,0,3,2,1,3,0
88,3,4,4,2,3,4,2,2,2,0,4,4,1,0,4,4,1,3,3,0,2,1,1,4,4,1,2,3,0,3,0,2,1,2,1,4,0,4,1,0,0,4,0,1,1,4,2,1,1,0,0,1,4,2,0,0,2,0,4,0,0,1,4,4,1,3,2,4,3,2,4,0,4,2,3,0,2,2,4,1,1,0,2,3,0,0,4,3,2,2,2,0,4,0,1,1,2,4,2,2,0,2,2,4,4,4,2,4,4,3,3,1,0,0,4,1,1,3,1,2,4,2,0,3,2,4,2,2,1,3,0,4,4,0,4,1,2,1,1,1,0,3,0,0,1,3,0,3,1,0,3,4,0,0,0,3,2,0,4,4,1,2,2,3,1,3,1,2,3,1,2,2,0,3,0,2,3,3,4,1,4,4,2,1,4,4,3,2,4,1,0,0,2,0,3,3,1,2,2,0,4,4,4,1,2,0,1,3,3,3,2,3,4,3,1,3,4,3,0,4,2,3,1,3,1,0,2,4,4,2,0,0,3,0,3,1,2,1,1,1,1,4,0,2,2,1,2,3,2,1,2,0,1,4,0,2,4,0,3,0,4,3,2,1,2,1,1,4,3,3,0,2,4,2,0,0,4,0,4,0,3,4,3,3,4,2,1,0,0,2,1,2,1,4,4,3,3,4,3,4,2,0,4,4,4,3,3,3,3,2,4,2,3,2,4,4
89,3,4,2,1,4,2,2,2,4,1,3,3,4,4,0,1,2,2,3,4,1,3,1,4,2,0,1,2,1,1,1,4,3,1,4,0,3,4,0,3,4,0,4,0,1,1,3,0,1,3,2,1,1,4,2,0,3,2,0,1,3,3,2,4,0,2,4,4,4,3,0,0,2,1,2,0,3,2,1,2,4,1,4,3,0,2,2,4,4,0,2,0,4,4,1,4,4,0,1,1,2,3,2,2,2,1,0,4,1,4,4,3,2,3,2,1,4,3,1,1,2,4,2,2,1,2,0,4,2,2,3,4,4,2,0,3,0,2,4,4,0,1,2,4,1,4,4,1,0,2,1,1,4,1,2,0,0,0,2,4,2,1,3,3,3,0,2,2,0,1,3,3,0,3,4,2,3,3,4,1,1,4,1,0,4,2,2,2,3,4,4,1,4,4,1,4,4,0,1,0,3,1,4,4,0,0,3,3,4,2,3,4,3,1,0,4,3,0,2,3,4,1,0,0,1,4,2,1,2,4,3,3,4,2,1,4,4,3,1,3,2,2,0,4,1,1,3,3,1,3,0,4,0,2,1,0,0,3,3,3,2,0,4,3,2,2,3,1,0,3,4,0,2,4,0,4,2,3,4,3,2,2,4,4,2,4,4,4,4,0,2,2,1,3,1,4,4,0,0,0,0,0,0,0,0,0,2,0,3,0,4,4,0,0,4,3
90,1,2,4,0,2,0,1,1,4,2,2,1,0,4,3,1,1,4,0,2,1,4,4,4,2,1,4,2,0,3,1,2,3,3,2,2,2,4,0,4,3,3,3,2,1,4,1,0,0,4,3,0,1,1,2,3,2,4,0,2,2,4,1,1,4,1,4,1,4,1,2,2,1,4,2,0,1,0,0,3,0,0,3,3,3,4,3,4,1,4,1,3,3,1,2,4,0,3,4,4,3,1,3,4,2,1,3,0,3,4,4,0,1,4,1,1,3,1,4,4,2,1,2,3,2,1,4,3,1,3,0,1,0,2,1,0,4,2,1,1,4,4,0,0,0,3,2,1,2,4,2,2,0,4,2,1,0,2,4,1,4,4,4,3,1,4,3,0,3,0,3,4,3,3,4,0,4,1,3,1,4,4,2,1,2,1,2,2,1,4,0,4,0,1,3,4,2,4,1,3,3,4,4,4,1,0,0,2,1,3,2,3,3,4,3,3,1,4,4,2,4,0,1,2,0,3,0,2,4,1,2,0,0,2,2,2,4,2,3,1,1,3,0,0,0,0,4,3,1,3,1,0,4,2,2,0,0,3,4,4,3,4,4,2,4,0,2,0,0,3,4,4,4,4,2,1,0,1,1,1,2,1,2,3,3,3,2,2,0,1,4,4,1,4,4,4,2,2,2,1,3,4,0,2,0,4,3,0,4,4,2,3,4,3,2,0
91,1,1,1,3,1,0,4,3,0,3,3,3,2,4,1,2,4,1,2,2,0,2,3,2,3,4,4,3,0,0,4,2,4,4,3,0,3,4,1,2,4,3,1,1,4,0,1,2,3,3,3,4,3,3,2,0,4,4,3,2,1,3,3,4,4,3,4,2,1,1,1,3,3,3,2,1,4,4,0,0,4,1,3,4,4,0,1,4,3,3,2,3,4,4,3,0,1,4,3,3,4,2,1,4,3,2,4,1,2,3,0,1,2,4,4,2,4,2,1,4,1,3,3,3,3,4,2,4,4,1,2,0,0,2,0,2,1,1,4,0,2,1,4,0,0,0,1,1,0,1,0,3,1,2,1,0,2,4,2,2,1,2,2,0,1,0,1,4,2,1,2,2,3,0,1,4,3,0,4,4,2,0,3,1,1,3,2,2,4,0,4,1,3,0,3,0,1,1,0,2,0,1,3,4,3,1,3,2,2,0,3,3,1,0,0,3,4,3,3,3,2,0,2,4,1,4,0,1,4,0,4,1,1,4,2,4,4,4,2,3,1,0,1,1,3,1,1,2,2,2,2,2,0,3,4,2,3,4,1,1,3,0,0,3,0,0,1,0,0,3,0,2,2,3,2,1,3,0,2,1,3,3,0,4,2,1,3,2,1,1,3,2,1,3,2,2,3,2,4,1,1,2,3,0,2,0,2,0,2,3,0,4,3,2,0,1
92,3,0,3,0,1,4,1,2,3,4,3,0,2,2,3,2,3,0,0,3,1,1,0,4,1,3,0,2,2,1,4,1,4,1,2,4,2,3,3,0,2,2,0,3,3,4,4,3,1,2,4,1,4,0,2,4,3,0,0,3,0,2,4,0,2,3,4,3,4,0,0,4,2,2,2,1,2,0,1,2,0,1,0,4,0,1,2,1,2,2,3,4,3,1,3,2,1,3,0,4,0,1,3,2,3,1,1,1,1,3,0,2,2,4,1,1,1,0,1,4,4,0,1,3,3,2,0,3,2,4,2,1,1,4,0,1,1,2,2,2,3,4,0,2,0,2,1,0,3,2,4,1,2,0,2,1,4,4,4,1,2,1,1,2,3,4,0,0,2,0,3,1,4,0,0,2,2,1,4,0,1,4,1,0,2,2,2,3,1,0,1,2,1,4,1,3,3,2,0,4,0,0,4,3,2,1,3,2,3,4,0,4,1,4,0,3,2,1,3,2,0,4,3,2,2,4,3,3,0,3,4,3,0,2,3,4,3,1,0,2,1,4,3,0,3,3,3,3,0,1,4,1,0,4,2,1,0,0,0,4,3,2,4,4,1,2,0,4,2,1,3,2,0,4,3,1,0,3,1,0,4,1,3,0,2,0,3,3,2,3,0,1,0,3,2,2,4,2,2,3,1,1,3,2,0,1,3,0,2,3,1,0,0,1,0,1
93,3,4,2,3,2,2,1,4,2,2,3,4,4,2,4,3,1,2,0,2,2,1,0,0,0,1,4,0,4,3,1,4,0,0,4,4,3,1,2,3,3,3,0,4,1,0,3,1,0,2,3,0,0,3,2,4,2,3,4,0,2,2,4,0,2,4,2,0,0,1,4,3,2,0,2,2,3,0,1,4,2,3,3,4,4,0,2,2,4,1,2,3,4,2,0,4,3,0,4,4,2,0,4,3,0,2,1,4,1,4,2,2,2,2,0,0,4,0,4,0,0,0,3,2,3,0,0,3,4,2,4,2,1,2,4,2,1,1,0,1,3,4,3,3,4,3,3,3,1,4,4,4,3,1,4,2,4,0,2,4,3,4,1,1,4,3,3,3,4,4,0,1,2,2,1,0,1,0,0,3,1,2,4,4,1,4,0,4,0,0,2,4,2,4,0,4,2,3,2,3,1,2,4,3,4,3,2,2,4,2,4,0,3,4,3,0,3,4,2,3,3,0,1,2,4,0,4,4,3,0,0,2,1,4,2,2,4,3,3,4,0,1,3,1,2,2,4,4,4,3,1,2,1,3,1,1,4,1,1,1,0,2,2,1,4,4,4,2,3,1,2,4,2,2,2,4,3,0,1,1,2,3,4,0,0,2,2,4,4,4,2,3,2,2,0,4,1,4,3,3,4,4,2,1,2,0,0,3,3,1,3,0,1,0,4,4
94,1,2,3,1,3,0,2,3,4,4,0,1,3,0,4,4,4,2,2,4,1,2,3,2,3,2,4,3,1,2,2,4,3,4,3,2,2,2,2,0,2,2,3,2,2,3,2,2,4,0,3,4,1,1,0,1,0,1,1,4,1,0,2,2,2,0,0,2,1,2,3,0,3,3,0,2,4,3,2,4,3,2,3,2,1,1,0,4,3,3,2,4,3,4,4,1,3,3,0,4,2,1,0,1,2,0,1,2,0,2,0,3,3,1,4,4,2,0,3,4,3,2,2,0,4,2,2,3,1,4,0,0,3,0,2,4,0,4,0,1,1,4,1,1,2,0,1,4,2,1,4,0,1,4,4,3,4,3,0,0,2,3,4,2,2,0,4,3,0,2,1,2,1,0,3,4,1,4,0,0,0,3,1,4,2,0,4,4,3,1,3,3,4,1,1,1,0,1,4,0,2,3,1,2,1,3,4,4,3,2,0,0,1,3,3,0,2,3,4,4,3,2,4,2,0,1,0,1,4,1,1,3,1,3,1,3,4,4,1,2,4,0,0,3,2,3,1,4,2,3,3,0,1,3,0,2,3,0,1,4,2,3,0,3,4,3,3,0,4,2,0,4,4,3,1,1,2,3,1,0,2,3,0,1,1,1,1,4,2,2,1,2,0,0,2,1,3,1,4,3,4,2,4,2,4,3,4,1,2,0,4,2,0,2,2,0
95,0,3,4,4,2,1,1,2,3,0,2,4,1,1,1,3,4,3,0,2,2,1,1,0,3,4,0,2,2,3,0,4,0,0,3,4,2,1,4,2,3,4,4,2,2,0,0,4,1,3,2,0,3,4,2,2,0,1,2,1,3,2,2,1,0,4,3,2,0,2,3,4,2,1,0,4,2,4,1,2,4,2,2,4,2,1,4,4,1,1,1,2,2,3,2,1,3,1,0,4,0,1,2,4,2,2,4,4,0,1,2,1,1,3,0,2,4,4,1,0,0,2,2,1,1,1,3,0,1,0,4,4,0,4,4,4,2,2,0,0,3,2,0,2,3,0,0,0,0,1,2,2,2,3,1,2,2,0,0,0,2,0,2,3,3,4,1,0,0,1,1,4,1,2,0,1,2,1,2,3,2,4,2,1,3,3,2,1,3,2,2,2,3,0,1,4,4,1,0,1,2,1,1,3,4,4,2,2,3,2,0,3,3,1,1,0,3,3,1,4,4,1,2,3,0,4,2,3,2,3,3,1,1,0,0,2,1,3,1,3,1,3,2,1,4,4,3,2,3,2,0,1,2,3,0,3,4,4,1,1,0,4,2,4,1,3,0,4,2,2,2,0,2,2,4,0,3,3,2,1,0,1,0,0,4,2,4,1,1,3,4,4,4,3,4,4,4,4,1,2,1,4,0,0,3,1,3,3,0,1,2,1,3,4,3,1
96,0,1,2,4,4,3,1,0,2,3,1,0,1,0,1,1,3,1,1,3,3,4,4,3,2,0,3,4,1,3,3,4,4,2,4,4,4,1,3,3,4,2,4,2,3,2,2,0,2,2,1,3,4,0,2,1,1,4,4,3,2,1,0,3,2,4,2,4,2,0,3,4,0,1,0,0,0,4,1,3,0,4,4,3,2,1,1,0,2,1,0,2,4,0,2,3,1,0,4,0,1,1,2,4,2,4,0,0,2,3,1,2,2,0,1,2,0,0,2,2,0,2,1,0,0,2,2,2,1,0,3,1,1,0,3,0,1,2,0,0,2,3,3,0,2,0,2,1,2,0,4,3,0,2,2,3,0,4,1,4,1,1,0,1,2,1,1,3,3,0,0,2,3,4,0,0,3,3,2,3,1,4,1,1,1,0,1,0,3,4,4,1,4,0,3,1,2,4,4,1,4,4,2,0,1,1,2,2,0,3,1,4,0,1,0,3,1,4,1,0,3,0,0,2,0,3,4,2,0,1,2,3,1,3,1,4,3,1,3,2,3,3,1,3,4,0,2,1,3,3,3,2,0,4,4,1,0,0,2,3,0,3,2,1,1,3,3,0,2,1,0,4,0,3,4,0,2,1,4,2,0,3,3,2,3,1,2,2,3,2,0,4,4,3,1,1,3,3,2,1,4,3,4,4,1,4,2,2,1,2,3,1,4,3,1,4
97,4,4,4,4,1,2,4,3,1,0,2,3,4,1,1,4,3,1,2,3,4,3,3,0,4,2,4,0,4,4,2,0,4,4,1,4,2,1,0,3,2,0,1,3,0,2,1,2,2,1,4,2,1,2,4,1,0,0,0,3,2,2,1,3,2,1,4,2,2,4,4,2,4,1,2,2,0,2,0,4,4,1,0,2,0,4,4,1,4,0,2,2,0,1,2,0,0,4,4,1,1,1,0,0,4,2,1,3,1,4,0,4,4,4,3,3,1,0,4,2,1,1,4,1,4,1,0,1,1,2,0,0,0,1,3,1,4,2,0,4,4,3,0,1,0,2,0,4,4,1,1,1,2,0,3,0,1,2,0,4,0,4,0,0,0,1,4,2,3,4,1,4,2,4,1,1,3,2,3,0,1,3,1,1,0,1,3,2,4,3,0,4,1,3,4,3,1,3,0,4,4,4,3,1,3,3,4,1,2,1,3,0,1,4,0,2,2,0,2,0,3,0,3,4,4,2,0,3,4,4,4,2,4,1,2,0,1,2,2,3,1,1,1,4,4,0,0,0,4,3,0,2,4,3,2,2,4,1,3,4,1,4,4,2,4,1,2,1,1,2,1,0,4,2,2,0,0,0,0,3,2,1,2,2,2,0,0,3,2,4,3,0,2,0,1,0,0,3,1,4,4,4,2,4,2,0,4,3,1,1,0,1,1,0,0,0
98,3,0,0,0,4,4,3,3,1,4,3,3,1,0,2,1,2,1,1,0,3,4,1,0,2,3,1,2,1,4,4,3,2,4,0,3,1,2,2,0,4,2,0,0,1,0,3,2,3,0,0,3,1,0,3,3,2,1,4,3,2,4,2,2,1,0,1,4,1,0,1,1,1,3,3,1,0,0,0,0,2,1,1,2,0,4,4,2,4,3,1,4,3,1,3,1,1,4,2,4,0,3,0,1,4,0,0,0,1,1,1,0,3,4,4,1,0,3,2,1,2,4,4,3,3,2,4,3,3,4,4,0,3,2,1,1,4,2,0,3,0,2,0,4,1,4,3,4,2,2,3,3,1,0,1,4,0,3,2,4,1,3,0,0,2,3,3,4,4,0,1,0,4,4,4,0,3,1,1,4,2,0,3,4,2,4,2,1,2,1,1,0,2,3,3,2,0,3,4,3,0,1,1,1,0,1,1,0,4,3,0,0,2,1,4,2,4,1,1,1,3,4,4,2,0,1,1,2,4,3,4,3,3,4,1,3,2,2,3,1,3,2,2,4,1,4,0,3,4,1,3,3,3,3,3,1,0,2,0,2,4,3,4,4,2,1,3,4,0,3,1,3,4,0,4,1,2,0,1,1,4,4,4,2,3,3,4,4,2,3,2,1,3,4,0,1,0,2,2,2,4,2,0,1,4,1,2,3,4,2,4,3,0,0,0,3
99,1,3,3,2,0,4,1,4,2,2,1,4,1,1,0,4,0,0,0,3,2,2,3,1,4,4,4,0,4,4,4,2,3,1,3,4,1,1,3,3,3,3,0,2,2,4,0,1,3,4,1,2,1,3,3,2,3,0,4,2,2,1,2,4,0,1,4,2,3,3,4,0,3,4,1,2,0,0,1,0,4,0,0,0,4,2,3,0,1,1,4,2,0,4,3,2,2,4,1,2,1,2,2,2,3,1,3,1,3,3,3,4,3,2,0,3,0,0,2,0,0,0,1,3,3,0,2,1,2,2,0,4,0,4,1,4,0,0,2,0,0,3,3,2,4,4,3,1,3,1,4,3,0,1,1,1,4,2,0,3,1,4,1,3,0,1,4,4,2,4,2,0,3,2,1,1,3,4,1,2,3,1,4,4,1,3,0,1,4,0,3,4,3,1,3,4,1,4,4,0,2,3,3,0,3,0,3,3,4,0,3,2,0,0,0,4,0,4,2,1,4,3,0,1,4,3,1,2,4,4,2,4,0,4,0,4,3,3,1,3,2,1,3,0,4,3,0,1,4,3,1,3,1,3,0,2,0,4,3,2,2,4,4,2,4,4,3,0,1,2,1,2,2,0,2,2,0,4,1,2,0,2,0,1,3,4,3,0,2,4,1,4,2,3,0,3,4,2,0,2,2,4,3,2,2,2,0,2,2,4,2,2,4,0,3,4
100,0,3,2,4,2,4,3,0,4,0,2,2,3,3,1,1,3,2,0,3,0,1,0,3,2,3,4,4,4,2,3,4,3,1,4,4,2,3,2,2,3,1,3,1,2,1,1,1,4,4,2,3,1,4,3,1,3,0,1,3,1,1,0,3,2,4,1,1,1,1,4,2,0,2,4,3,0,0,3,1,4,3,2,2,3,4,0,0,1,4,2,2,1,2,1,1,3,0,4,4,0,4,2,2,4,3,4,1,1,0,2,3,4,1,2,2,3,3,3,3,1,3,2,2,4,2,2,1,2,0,2,4,4,3,1,4,0,0,3,1,1,2,0,0,0,0,4,1,2,4,1,3,0,2,1,3,0,3,3,4,3,4,4,3,1,3,3,1,0,2,0,3,0,2,0,2,0,4,3,2,3,4,0,3,0,0,3,2,2,3,2,1,0,3,4,3,3,0,4,0,2,3,0,1,3,2,0,0,1,2,1,3,4,0,1,0,0,1,0,2,2,4,2,1,2,4,3,3,1,4,2,4,0,4,2,1,0,4,3,2,1,2,4,1,3,0,4,1,0,1,4,1,3,1,4,1,0,0,2,2,3,0,2,1,3,4,2,2,0,3,0,0,3,1,2,0,2,3,1,4,1,3,1,4,0,1,3,1,4,3,1,3,4,0,4,0,2,4,0,2,2,2,3,4,4,4,4,3,4,0,2,3,3,4,2,0
101,2,1,2,0,0,0,3,3,1,2,4,1,4,4,1,2,4,3,3,1,4,1,3,1,4,4,3,0,0,2,3,2,3,4,3,1,2,3,2,3,0,2,4,4,3,4,4,2,3,2,3,4,3,3,1,3,1,2,1,2,3,2,4,3,1,0,3,4,2,1,1,4,4,3,0,0,2,1,3,1,3,4,2,4,1,2,3,3,2,4,2,4,2,4,0,2,4,1,1,2,2,3,4,2,1,1,1,4,0,2,0,4,2,3,2,2,2,2,2,4,2,4,2,2,4,2,1,2,3,4,2,2,4,0,1,1,2,4,3,2,1,2,4,3,0,3,2,1,4,2,0,4,4,4,2,0,2,4,4,1,3,2,0,4,2,3,2,3,2,1,2,1,3,4,4,2,0,2,1,1,3,2,3,0,4,4,2,3,3,0,3,1,1,1,2,1,1,4,2,1,0,1,2,3,4,4,2,1,0,1,1,0,4,1,3,3,2,2,0,0,2,1,4,3,0,2,3,0,0,1,0,4,0,4,1,4,3,0,2,2,4,1,4,4,4,3,3,4,1,0,2,3,0,3,3,3,4,4,3,3,2,0,0,1,1,1,4,4,2,4,1,3,1,2,3,4,3,2,4,0,1,1,2,2,1,3,0,0,2,2,3,2,0,1,0,3,1,1,0,1,1,2,1,3,1,2,4,4,3,3,1,1,4,4,0,4
102,4,3,0,0,1,1,0,0,1,3,3,3,3,1,2,4,4,4,4,1,2,1,2,1,0,2,4,2,3,2,3,3,0,2,0,4,2,1,1,1,3,1,4,2,2,3,3,3,4,2,0,3,1,0,0,3,1,3,3,1,0,0,1,0,4,3,4,4,4,2,2,4,3,4,4,2,4,3,3,4,3,4,2,4,0,2,3,3,2,0,2,1,0,2,1,4,0,4,1,3,3,3,4,0,4,4,3,4,1,2,2,2,3,3,2,0,2,4,2,2,0,3,3,4,2,1,4,3,0,3,3,0,2,2,3,4,1,4,4,3,3,1,1,1,3,3,4,3,2,2,1,3,2,4,0,4,0,4,2,3,0,3,3,2,1,1,0,2,3,4,4,0,0,0,2,4,2,2,3,2,2,3,1,3,0,1,4,2,1,4,3,3,0,0,1,2,3,1,1,1,0,3,0,0,1,4,4,4,1,2,3,1,1,0,4,1,2,3,2,1,1,0,2,0,2,4,4,2,0,4,1,3,0,2,3,3,1,0,3,0,1,2,3,3,3,0,3,0,4,4,0,4,1,1,4,2,0,4,0,4,1,2,0,2,1,3,3,0,1,0,0,0,2,4,1,2,4,0,3,2,1,1,4,2,0,4,1,2,3,0,1,2,3,1,3,1,4,4,4,2,4,2,0,4,2,1,2,2,1,2,1,3,4,0,2,1
103,4,2,4,3,2,1,3,2,4,3,1,2,4,4,3,2,4,3,0,4,3,0,3,4,0,3,2,0,3,2,0,3,4,0,0,2,3,4,2,0,2,2,2,0,1,2,1,4,4,4,3,0,1,3,1,0,2,3,0,3,4,3,2,2,1,3,4,2,1,4,4,4,0,2,0,0,2,3,1,2,1,3,2,4,2,3,0,2,4,2,0,2,4,3,4,3,4,1,2,2,0,1,0,2,0,3,1,4,3,4,0,2,3,1,4,3,2,1,1,4,3,3,1,0,1,2,3,4,3,1,2,0,3,1,1,1,2,1,1,1,3,1,2,3,1,0,2,0,2,0,1,0,0,2,1,2,1,4,3,3,2,1,0,3,2,2,2,1,2,4,0,2,1,0,0,3,2,2,1,4,4,3,4,1,3,2,4,1,1,2,1,3,3,0,2,1,4,3,2,2,3,0,2,1,4,4,3,2,4,2,3,0,4,1,3,0,1,1,4,2,3,1,4,0,1,0,3,4,0,2,0,0,4,4,1,0,0,4,2,4,2,4,3,0,2,3,2,1,1,0,3,3,1,0,1,3,2,3,0,3,4,3,4,1,4,3,3,3,0,1,4,2,4,3,2,2,4,4,4,4,1,0,0,4,0,4,4,4,1,3,0,0,1,1,4,4,3,0,1,3,0,3,3,4,3,4,0,0,4,2,3,0,3,2,3,2
104,1,2,0,4,4,3,1,3,2,4,2,4,4,4,0,2,3,1,3,2,1,3,1,2,4,2,0,1,2,4,4,2,3,2,4,2,0,3,2,4,2,2,1,2,0,4,1,2,3,0,0,0,1,2,0,2,3,2,2,2,4,1,2,0,4,2,4,1,4,0,2,0,3,4,4,4,1,0,3,1,1,2,3,4,4,2,4,0,4,0,2,2,0,4,2,2,0,2,4,2,0,4,3,0,3,2,4,2,4,1,2,2,2,0,4,4,4,0,4,2,3,1,4,0,0,4,3,4,0,1,3,4,1,4,3,0,3,2,4,1,1,3,3,3,1,0,1,0,3,2,1,3,1,3,1,4,1,4,0,1,0,2,4,1,0,3,0,1,2,4,3,0,1,1,4,3,0,0,0,4,4,3,0,0,3,3,3,1,3,2,4,3,1,2,1,1,1,1,0,4,0,2,0,2,3,2,0,0,2,0,2,1,4,2,1,1,1,1,2,0,1,3,1,0,0,4,4,1,1,4,1,3,2,4,4,0,1,4,4,3,1,2,3,2,0,4,3,2,1,0,0,4,4,2,2,0,2,4,0,0,1,1,2,2,4,4,1,0,3,3,2,3,3,1,0,4,1,4,1,1,3,4,1,3,2,4,1,2,3,1,3,3,3,4,2,2,0,1,3,1,2,2,3,4,3,3,0,4,1,4,3,3,3,3,3,4
105,3,2,2,0,1,2,0,4,1,3,3,4,1,2,1,0,4,2,1,1,2,0,0,1,3,2,0,0,0,4,3,0,3,1,1,4,3,2,4,0,1,1,2,4,3,1,0,2,2,2,0,2,3,3,4,4,3,0,4,2,3,1,0,0,3,1,0,4,1,2,4,1,3,0,4,3,1,2,0,0,4,3,1,1,3,0,3,1,3,0,4,0,2,2,3,0,0,1,4,0,3,1,1,3,3,0,0,1,1,4,1,3,3,4,2,2,3,2,2,4,1,1,2,0,4,2,0,0,4,1,3,0,3,3,4,1,4,0,1,2,1,4,4,3,2,1,2,3,2,2,1,2,3,0,0,4,0,1,4,0,0,4,1,4,1,1,3,0,0,2,4,3,0,2,3,1,0,4,3,2,4,1,4,2,1,2,0,2,4,0,0,3,4,4,1,2,2,4,2,4,0,2,2,4,4,1,2,3,4,3,0,0,3,0,3,1,1,0,3,3,3,0,3,4,3,4,1,4,1,0,1,1,3,2,1,4,0,4,0,4,1,2,1,3,4,2,4,3,3,3,1,1,2,3,1,0,0,1,2,4,3,1,2,4,2,4,0,4,0,3,1,0,2,4,2,0,2,4,1,2,3,4,4,3,0,3,0,1,0,1,1,3,1,0,2,4,4,0,2,1,0,1,3,2,4,0,4,1,1,3,1,1,4,4,0,0
106,1,2,0,1,4,3,4,4,3,4,0,4,3,1,1,1,3,3,0,3,1,3,2,4,0,1,1,2,0,4,0,0,1,3,4,0,2,1,3,3,1,0,1,3,3,2,2,3,2,2,2,3,0,0,4,2,0,4,1,2,0,0,0,4,1,2,0,3,2,3,4,0,2,2,0,1,4,0,2,1,2,3,2,4,0,2,3,3,0,3,0,4,0,1,3,3,2,1,2,0,4,3,4,0,0,1,2,3,3,4,1,0,1,3,2,4,0,0,0,2,3,3,1,1,3,0,2,3,2,4,0,4,3,1,3,4,2,3,1,4,3,4,4,0,2,0,4,1,1,0,1,4,3,4,3,1,2,2,4,4,1,2,2,4,2,4,0,2,3,1,4,2,2,4,3,2,0,1,4,2,1,4,4,4,3,0,4,3,4,4,3,0,1,2,4,0,2,4,2,3,0,0,1,1,2,3,2,4,0,2,2,0,0,1,1,0,2,4,2,4,0,4,1,0,3,4,4,3,3,0,2,3,4,3,0,0,4,4,4,2,4,0,0,3,4,2,1,3,2,4,2,1,2,1,1,1,2,4,0,0,2,4,0,1,2,2,3,3,3,4,2,3,2,1,3,2,4,4,4,3,4,0,1,2,0,3,2,2,4,2,2,1,3,0,4,1,0,0,1,4,3,1,1,1,4,1,1,2,2,2,2,1,2,0,3,2
107,4,3,0,3,3,0,2,0,4,0,1,1,3,2,2,1,4,0,0,0,4,4,0,0,4,0,4,3,1,1,4,0,1,2,0,4,2,4,0,3,3,3,0,0,2,0,0,2,2,4,1,1,4,3,0,2,2,3,2,3,4,3,1,3,4,3,4,1,0,4,0,4,3,0,4,4,0,4,0,1,2,1,0,3,3,2,0,4,1,1,2,2,2,2,2,2,4,4,1,1,2,1,2,4,3,4,0,4,0,1,4,3,4,4,4,2,4,4,3,0,0,3,1,4,1,3,1,0,2,1,2,1,3,2,1,3,0,4,3,3,0,2,1,2,3,1,4,4,1,3,0,2,2,0,0,4,0,1,4,3,4,4,2,0,1,0,2,0,1,0,2,1,0,2,2,4,1,1,0,4,1,2,1,4,3,2,1,2,0,2,1,0,0,0,3,3,0,1,0,0,2,2,2,4,2,2,1,3,3,3,4,0,2,1,4,3,4,1,4,3,0,3,3,3,4,1,3,4,1,0,3,2,4,0,0,0,4,1,2,1,3,2,1,3,2,4,3,1,2,3,3,4,3,2,0,2,2,4,4,3,4,3,0,1,4,4,0,4,0,3,4,4,3,4,2,0,1,2,1,2,2,2,0,1,3,3,4,0,0,0,2,0,3,0,2,1,0,1,4,2,0,4,4,1,3,3,3,3,2,0,0,2,1,0,4,0
108,2,1,0,2,4,3,4,4,1,0,3,2,3,0,1,0,2,3,4,0,1,1,3,4,2,4,3,4,3,4,0,1,3,3,1,2,3,0,4,0,3,2,3,2,1,4,0,2,0,1,3,2,4,2,3,3,4,4,1,0,2,1,0,1,4,4,3,2,2,2,1,1,2,3,0,1,2,4,1,0,1,0,0,1,0,1,1,3,4,0,1,0,1,1,1,4,0,4,4,4,4,3,0,0,1,0,4,2,0,2,3,1,1,1,3,4,2,0,4,1,1,4,2,4,3,1,2,0,1,4,2,1,0,0,4,3,4,2,4,2,3,4,0,2,2,0,4,3,1,4,4,2,2,3,3,3,0,1,1,3,2,1,4,0,2,0,4,1,0,0,0,4,2,2,4,0,0,3,1,1,2,4,0,1,4,4,0,4,1,3,1,3,4,1,0,4,0,3,2,2,3,2,4,4,1,4,2,0,1,0,2,0,2,4,1,3,2,4,0,4,0,0,0,0,1,0,1,3,1,0,3,4,1,4,3,1,0,1,0,2,1,1,4,4,3,0,4,3,0,0,0,2,0,3,0,0,3,1,0,3,4,3,2,4,1,1,3,3,0,0,2,0,3,3,0,2,3,2,3,2,2,2,0,1,2,2,3,1,3,3,2,4,1,3,4,4,3,2,0,3,2,1,2,4,1,1,0,0,3,2,3,0,4,0,2,4
109,3,3,0,0,3,3,1,2,1,1,3,2,3,1,1,3,0,0,3,4,4,0,2,1,2,0,3,4,0,2,2,0,1,2,1,1,3,0,0,1,3,2,2,0,1,3,3,2,2,4,4,1,4,3,4,0,0,2,2,1,0,1,1,4,2,1,1,2,2,0,2,4,0,1,4,4,0,1,0,3,3,0,1,1,2,4,0,4,4,3,3,0,0,1,0,1,1,0,1,4,1,4,4,4,2,2,1,0,1,2,3,3,1,2,4,2,1,2,3,4,1,1,0,4,1,2,2,2,2,1,3,4,2,1,1,2,0,1,4,4,0,1,0,1,1,0,3,2,2,2,0,1,1,4,1,3,2,3,2,0,3,1,2,4,3,0,4,0,2,3,0,4,4,1,0,3,3,1,4,0,4,0,0,0,4,4,4,2,4,1,2,0,3,2,2,0,4,4,2,4,2,3,3,0,1,1,4,1,3,0,3,2,4,4,1,2,1,1,1,2,1,4,1,2,2,3,1,2,1,0,4,4,1,4,4,0,4,4,2,4,1,4,1,4,1,4,1,4,0,2,2,2,2,0,0,4,0,2,3,4,1,2,2,2,0,1,4,2,1,3,0,2,1,1,2,1,1,4,0,4,0,0,4,2,1,3,4,4,2,1,4,3,1,4,4,0,0,4,2,0,4,1,3,0,4,0,1,2,4,1,3,4,3,2,4,4
110,1,0,4,2,4,4,4,4,2,1,0,2,2,3,0,1,1,3,3,2,1,1,1,2,1,4,3,3,3,3,4,0,1,3,1,1,4,1,3,1,4,3,4,2,0,1,1,1,2,0,4,2,2,3,2,2,1,3,4,0,4,3,1,0,4,0,0,0,2,3,3,1,4,1,4,0,4,4,0,1,4,1,1,3,0,0,2,1,2,0,0,2,0,0,3,4,3,4,3,3,1,2,3,1,3,2,1,4,2,0,1,0,1,4,1,3,0,0,1,3,3,1,2,4,1,3,4,1,4,2,3,2,2,3,2,1,1,4,1,1,4,0,3,1,4,2,2,1,3,4,4,4,4,4,3,4,3,3,3,2,0,1,2,0,2,3,3,4,3,2,1,3,0,2,0,4,4,1,2,1,0,1,0,1,4,2,1,0,2,4,4,3,2,1,4,1,1,0,1,3,2,2,0,3,3,2,3,4,1,1,2,2,3,0,2,2,2,3,4,2,4,3,0,1,1,1,1,3,1,3,0,2,2,2,3,3,3,0,4,3,3,2,1,1,0,1,4,2,0,1,1,2,0,2,0,1,2,2,4,2,0,4,2,2,4,1,2,3,1,2,1,0,1,4,2,1,3,0,0,1,4,0,1,1,0,1,1,3,1,1,4,0,4,2,4,2,2,4,3,4,0,4,3,4,3,0,1,3,3,3,0,2,3,0,1,3
111,2,0,1,2,1,2,4,4,4,1,4,0,0,4,2,2,1,2,3,2,0,2,1,2,1,3,4,3,0,3,3,0,0,4,4,2,1,0,3,3,4,1,0,4,1,0,3,3,4,1,3,1,4,2,1,1,4,2,3,0,4,0,2,2,1,0,0,2,0,3,2,1,1,1,0,2,1,2,0,3,3,3,0,1,0,2,3,2,0,4,4,0,1,2,0,0,4,3,3,1,1,1,4,0,1,4,2,0,2,3,3,0,1,0,1,3,0,0,1,3,3,1,1,1,3,3,0,3,2,2,1,1,1,0,2,2,3,2,3,0,1,1,3,4,3,0,2,3,0,1,4,4,3,2,3,4,4,1,2,2,4,4,3,3,1,4,3,1,2,4,0,4,3,4,0,4,3,2,3,1,3,1,4,1,4,1,3,0,4,1,0,1,1,1,3,1,0,1,2,4,3,2,2,0,0,3,3,4,1,3,3,1,4,0,4,1,0,0,0,4,1,4,4,2,3,4,2,1,2,4,1,2,4,1,1,3,4,3,1,1,2,3,0,4,3,1,2,4,4,2,1,0,2,0,3,4,1,0,1,3,0,1,1,3,2,3,0,0,4,1,0,2,2,3,0,0,4,4,4,0,3,3,3,3,2,0,1,0,3,2,2,0,1,3,2,3,3,3,4,3,3,1,1,4,4,3,2,2,0,2,2,1,0,0,1,2
112,2,0,2,0,2,3,1,4,3,2,4,3,1,4,4,1,3,4,1,3,2,0,2,2,0,2,2,1,1,3,4,3,1,1,0,0,1,2,3,1,1,0,3,3,4,1,4,0,4,2,1,1,3,4,3,4,4,0,4,3,4,4,1,1,1,2,1,2,2,3,1,4,0,4,1,4,1,1,4,2,3,3,3,3,0,1,0,3,3,4,3,1,3,3,0,1,2,4,2,0,3,4,1,4,0,3,0,1,2,3,3,0,0,0,3,0,4,4,4,3,0,1,0,3,4,3,0,3,1,3,2,3,0,2,4,0,1,3,3,0,3,3,4,3,3,4,3,4,1,3,0,2,1,3,0,2,4,3,4,1,2,2,4,4,1,0,3,0,2,3,1,0,0,3,1,1,0,0,4,3,1,2,3,4,3,0,3,3,3,2,4,3,3,2,1,3,3,1,3,3,3,4,0,4,1,4,4,2,1,1,1,4,1,2,3,4,3,3,4,4,1,2,4,3,4,2,0,3,0,0,2,4,0,1,4,3,4,2,2,3,3,3,2,4,0,0,1,2,3,4,2,1,0,4,0,4,3,4,3,2,0,4,4,1,0,2,3,2,1,2,3,0,1,4,4,0,2,4,1,3,2,3,2,1,3,1,3,2,1,2,2,3,3,1,4,0,3,2,0,1,0,0,4,4,0,4,4,0,3,4,0,3,4,0,4,3
113,0,3,2,1,2,4,3,0,3,4,0,2,3,1,4,4,3,2,2,1,1,3,0,2,0,0,3,1,0,3,1,0,0,1,1,4,4,3,3,2,4,1,4,3,3,3,1,0,3,4,0,4,3,1,0,0,3,3,3,2,1,1,3,2,3,3,1,2,1,3,4,0,3,2,4,2,3,3,0,2,4,0,2,3,0,3,1,1,0,0,2,4,4,1,1,1,3,4,0,1,2,0,0,0,4,1,2,3,2,2,2,3,2,2,1,1,1,0,2,4,4,4,3,1,1,1,3,2,0,1,2,4,0,4,2,2,4,0,4,4,4,0,3,0,4,1,1,2,3,2,2,1,0,2,2,3,1,0,3,0,0,2,3,2,4,0,3,1,2,4,4,4,2,1,3,0,1,2,3,0,3,0,0,4,2,1,4,4,3,0,0,3,2,0,4,4,0,0,2,0,2,4,2,0,1,0,1,4,3,4,4,4,2,4,3,0,1,4,1,4,2,1,4,4,3,3,3,2,1,2,0,4,4,4,3,4,3,0,2,2,2,3,1,1,0,1,0,4,2,3,0,3,3,2,4,4,1,4,2,3,0,0,4,1,0,1,0,1,1,3,2,0,4,2,3,3,3,4,0,0,1,1,1,4,2,0,1,4,4,1,3,3,3,1,4,4,0,3,1,0,4,0,3,2,3,3,1,2,2,2,4,0,4,2,1,3
114,3,4,4,1,3,4,0,4,4,2,0,0,1,2,0,2,2,3,0,3,4,4,3,4,3,1,2,1,0,1,1,4,3,0,4,0,2,3,4,1,2,1,0,2,4,1,1,0,0,3,3,0,3,1,0,2,0,4,4,0,2,0,2,1,1,2,3,1,4,0,3,4,0,4,3,2,0,4,4,3,3,3,2,1,4,2,4,2,0,1,4,3,1,4,0,4,4,4,1,4,3,2,3,0,1,2,1,1,4,3,2,4,2,3,4,2,4,1,0,2,3,2,0,2,2,2,3,0,0,3,2,2,0,2,1,2,2,4,0,0,1,1,1,0,4,4,3,0,3,2,1,3,3,0,1,1,4,3,4,3,0,0,2,3,3,1,1,4,2,0,3,4,2,1,2,4,0,1,1,0,1,4,1,3,2,4,0,4,3,1,1,4,1,1,3,0,2,4,0,2,0,4,3,3,3,0,4,1,1,3,0,1,0,4,3,2,3,2,1,2,0,2,1,1,3,1,0,2,4,1,2,3,4,3,0,3,2,4,3,3,0,2,3,2,1,0,0,0,2,3,3,2,2,1,4,4,0,3,0,3,3,1,2,2,2,4,2,4,0,4,3,1,1,3,0,1,3,1,4,1,4,4,1,1,4,1,0,2,2,3,2,0,2,2,0,4,2,3,2,2,0,0,3,1,0,1,3,2,2,1,3,3,0,1,0,1
115,0,0,3,3,2,2,3,3,0,2,3,1,1,2,1,0,2,3,1,0,3,4,0,1,0,4,4,0,3,3,4,2,2,3,2,3,1,3,1,4,2,4,0,0,4,3,3,2,4,0,4,4,2,3,0,2,0,0,3,3,2,1,2,2,1,0,4,1,4,0,1,3,2,1,1,0,3,1,3,4,1,3,2,0,3,0,1,1,4,0,2,2,3,2,0,1,0,0,1,0,2,3,3,0,1,4,0,0,4,3,3,4,1,0,2,3,3,3,1,4,1,3,0,3,0,0,3,3,0,1,1,1,2,0,2,2,0,2,0,4,4,0,0,0,1,0,3,4,4,0,4,0,0,4,4,3,2,3,3,4,3,4,1,0,2,1,0,0,2,3,0,2,4,0,0,3,3,4,0,3,2,0,2,1,4,3,1,3,1,3,4,0,2,1,2,2,3,0,3,2,4,0,0,2,3,4,1,3,0,3,1,4,4,1,1,2,0,2,3,1,2,0,0,1,2,4,1,3,2,2,1,2,2,3,3,4,3,4,3,4,3,3,1,3,4,1,4,3,3,4,2,1,1,3,1,4,3,1,0,1,4,1,2,2,3,2,4,0,0,3,3,2,4,2,4,4,0,4,1,4,0,2,4,1,3,2,3,1,0,0,2,4,4,3,0,4,4,0,0,1,3,0,1,0,2,2,2,0,4,4,2,3,1,2,1,1
116,2,4,3,2,1,0,0,1,2,4,2,3,0,1,4,2,3,2,3,2,4,4,1,4,3,1,4,0,3,1,3,1,3,0,4,2,2,2,1,4,1,1,1,1,4,2,3,1,4,0,3,1,1,3,3,1,4,0,4,2,2,2,1,0,0,1,1,1,0,1,3,3,3,1,3,1,3,1,4,2,4,2,2,3,2,2,4,2,1,1,3,4,0,4,0,2,0,2,4,4,3,3,2,2,1,1,1,4,0,2,3,2,0,2,3,3,0,3,4,3,0,0,2,3,3,0,2,2,4,4,0,2,2,4,4,0,2,0,4,3,4,2,0,2,4,4,1,4,2,0,0,1,2,4,3,0,2,1,3,2,4,0,4,1,0,3,0,4,2,2,2,1,1,2,3,4,3,2,4,1,0,0,4,3,4,3,3,0,1,2,1,2,0,2,3,4,2,1,0,0,4,3,3,0,3,4,0,3,2,2,3,2,4,1,4,4,3,4,3,0,3,3,0,1,0,3,2,3,0,3,0,4,1,1,0,1,2,2,1,0,2,1,3,2,4,2,1,1,1,0,0,3,3,2,1,3,1,2,0,3,4,4,4,4,4,4,4,3,4,4,2,3,2,1,4,0,4,4,2,1,2,3,1,1,1,2,4,4,4,4,4,3,0,1,0,3,4,3,3,0,1,2,2,1,4,3,4,3,2,1,0,0,1,2,3,0
117,2,1,4,2,2,4,2,0,0,0,2,2,2,1,4,2,4,3,0,1,4,0,1,0,2,2,0,1,0,3,1,1,0,4,0,4,1,2,2,0,4,0,3,0,0,0,0,4,4,4,3,3,0,4,3,2,0,1,4,0,0,1,2,3,3,1,1,3,2,2,0,1,1,1,3,3,3,2,3,0,3,2,1,0,2,4,1,3,2,4,2,3,2,4,2,0,0,3,4,4,4,4,4,1,2,4,0,2,3,3,4,1,1,2,1,3,4,0,3,3,2,1,0,0,1,4,1,4,0,2,3,0,0,0,3,4,2,2,2,4,1,1,2,0,0,3,1,0,2,3,1,3,0,2,2,2,0,4,2,4,2,4,1,1,2,3,3,0,1,1,3,2,0,1,0,1,4,4,0,3,3,1,4,4,0,0,3,3,3,2,4,4,0,4,0,2,3,2,3,3,0,3,2,1,0,3,3,4,0,0,2,1,2,2,2,1,2,0,1,3,4,4,0,4,4,4,3,4,2,0,0,0,3,3,4,2,4,0,2,0,2,1,3,3,0,0,1,4,2,1,1,0,0,4,4,0,3,4,1,0,2,2,3,0,1,3,1,2,1,2,4,2,2,3,3,0,0,2,4,0,2,3,0,0,2,2,1,1,4,0,1,2,0,1,4,4,4,4,2,4,3,4,1,0,1,0,2,0,3,4,1,0,1,4,2,4
118,2,1,2,2,2,2,2,0,2,2,4,4,4,2,4,0,1,4,4,0,3,3,0,4,1,4,0,0,2,0,2,0,2,2,4,2,3,0,1,0,4,4,2,4,4,0,3,3,2,4,4,3,2,4,2,0,4,4,4,3,3,4,4,0,0,2,2,3,1,0,2,0,0,1,0,1,1,0,0,2,0,0,0,2,1,2,0,4,0,2,2,3,4,2,1,0,1,2,2,1,1,3,0,1,0,4,2,1,4,2,3,2,1,4,4,4,2,0,0,2,1,2,0,2,4,1,1,3,2,4,2,3,3,2,2,2,0,3,1,0,4,1,1,1,3,4,0,4,0,3,4,1,4,3,3,3,0,4,1,1,2,3,1,3,1,4,2,3,0,0,1,4,3,2,4,1,4,2,4,3,1,2,1,3,2,2,1,4,4,0,0,2,1,2,1,3,0,2,3,4,0,1,4,4,3,2,2,3,4,0,4,3,4,4,4,4,0,1,1,2,1,1,1,4,4,0,4,4,1,0,0,1,1,0,3,1,1,0,3,3,2,3,1,4,0,1,0,3,0,1,4,1,2,0,1,3,3,1,2,0,2,4,1,2,4,2,4,3,3,1,2,3,0,3,3,2,4,0,0,4,2,3,4,0,0,3,3,1,4,3,1,2,0,4,2,4,4,3,1,4,2,4,1,0,4,2,0,0,3,3,4,2,3,1,1,0
119,0,0,1,3,3,4,2,1,0,2,0,2,2,3,4,4,0,1,4,1,0,1,2,2,0,1,1,0,4,3,4,3,1,3,3,1,2,3,0,4,1,1,3,2,2,4,4,2,2,2,3,0,4,1,2,2,0,2,4,2,0,3,4,3,1,0,1,1,1,1,0,3,2,1,2,2,1,4,2,4,3,2,0,3,3,4,1,0,0,4,4,3,4,1,3,3,3,0,0,3,1,2,3,4,2,0,0,2,4,0,0,3,1,4,3,1,0,1,0,3,0,1,3,1,1,2,0,0,1,0,4,0,3,0,4,1,0,3,4,2,1,1,1,4,0,0,0,0,1,2,1,2,2,0,3,4,3,2,3,2,1,1,0,4,1,4,0,4,1,1,3,3,3,4,1,0,2,1,3,3,4,3,4,0,3,4,3,4,1,4,2,0,1,0,1,3,4,3,0,0,1,0,4,0,3,4,0,2,2,3,1,1,0,4,1,2,1,2,1,3,4,0,2,1,0,2,2,3,1,0,1,1,4,2,2,4,4,1,2,0,3,4,0,0,1,4,0,3,0,3,3,3,4,3,4,0,3,2,0,2,2,1,4,1,4,1,0,2,0,4,2,2,4,0,2,0,0,0,2,3,1,4,0,2,4,3,3,2,0,3,3,3,2,4,1,2,0,2,2,1,1,1,4,2,0,1,1,2,0,1,2,3,4,2,1,0
120,3,0,0,0,2,2,4,3,0,1,0,3,0,2,2,3,4,0,3,1,1,4,2,3,0,3,4,3,4,4,4,3,1,0,4,2,4,3,4,2,1,3,3,3,2,3,1,0,0,4,0,2,0,2,2,4,0,4,3,1,0,3,3,4,4,1,1,1,1,4,2,4,2,4,4,1,2,3,3,3,1,3,4,1,3,1,4,1,3,1,0,3,4,2,1,1,3,3,0,4,1,1,2,1,1,0,2,1,1,4,1,0,1,1,3,1,2,3,2,2,0,1,2,1,1,0,0,2,2,3,1,1,0,0,2,3,3,0,0,3,3,2,3,1,3,4,3,0,0,4,1,3,3,4,2,2,1,3,3,3,0,2,4,0,0,2,3,1,4,2,1,2,2,2,2,3,0,2,1,1,1,0,0,1,3,0,0,3,2,0,1,1,3,1,4,1,3,3,3,4,0,2,1,0,3,0,0,4,3,3,1,1,1,1,0,0,1,1,1,2,1,2,1,3,4,0,3,4,2,0,2,2,0,4,0,1,2,1,0,0,4,2,3,0,3,2,1,2,4,3,3,1,1,0,2,4,0,2,1,4,1,1,3,2,0,3,2,2,2,4,3,0,3,1,2,1,3,0,1,1,4,3,1,3,0,1,0,1,2,4,4,4,0,3,4,1,1,2,0,1,1,2,2,3,3,3,1,2,0,3,4,1,0,1,3,1
121,3,1,3,2,2,2,2,2,4,1,2,4,4,1,1,3,3,2,0,3,0,3,4,4,4,0,2,3,3,0,4,2,3,2,2,1,2,1,0,4,1,2,4,2,2,1,0,2,1,2,4,0,2,0,0,4,4,3,0,2,4,2,0,4,3,0,2,3,0,4,0,1,2,4,4,1,3,4,3,3,3,0,1,2,1,4,1,2,0,4,0,4,2,0,2,2,1,4,3,3,0,2,1,4,0,2,3,3,4,4,4,0,4,0,1,2,3,0,2,4,3,0,4,2,1,2,0,1,1,4,2,0,1,4,1,2,3,0,3,2,3,2,2,4,3,1,2,3,1,0,1,3,3,1,1,2,3,2,2,0,3,2,0,2,2,3,1,1,3,1,4,1,2,2,0,3,0,2,2,0,4,1,4,4,4,4,1,3,0,4,4,0,0,3,2,3,2,1,3,1,0,3,0,4,0,4,2,4,2,4,4,1,1,0,1,2,1,0,3,2,3,2,0,1,3,3,1,0,1,4,4,4,3,3,0,2,1,2,3,1,3,0,1,3,4,4,3,2,0,0,3,0,1,0,4,3,1,0,4,2,0,4,4,4,4,2,3,4,3,2,2,1,1,4,3,2,0,1,1,0,3,3,3,4,4,0,2,0,2,0,4,3,1,0,0,1,0,3,1,1,3,3,1,3,3,3,1,0,2,1,2,3,3,0,3,2
122,1,1,0,2,3,4,0,0,4,1,1,1,4,3,3,2,2,1,4,0,3,4,2,3,3,4,2,4,0,3,4,4,0,4,3,1,1,2,0,2,1,0,4,4,3,1,4,0,4,2,2,2,2,2,3,2,3,3,4,0,2,0,1,3,1,3,2,1,4,1,3,3,0,1,4,2,0,1,0,1,2,2,4,0,4,1,2,2,3,3,4,0,1,4,2,2,2,1,4,1,2,3,4,3,4,2,3,3,4,3,3,2,4,4,0,4,2,3,0,3,4,1,3,4,2,4,0,1,1,1,2,1,3,2,4,0,2,0,2,4,0,2,0,1,1,1,3,1,1,4,0,0,1,0,2,1,1,3,2,1,1,0,1,1,1,1,3,2,3,0,4,1,0,4,1,1,4,3,4,4,2,1,1,3,3,2,2,2,3,4,1,1,0,3,3,2,0,0,3,2,1,2,1,3,2,0,4,0,1,3,2,3,3,1,3,2,0,3,2,2,1,3,1,0,0,2,3,2,3,1,0,0,1,4,4,4,3,1,3,3,1,3,1,4,4,3,0,1,2,2,3,0,1,4,3,1,1,1,0,1,0,0,1,4,1,4,3,2,3,0,3,2,2,4,3,0,0,4,4,3,4,2,0,2,1,2,0,1,3,1,4,0,4,2,3,0,3,0,4,2,1,3,0,0,3,1,2,0,0,3,3,0,0,0,4,0
123,2,2,1,3,1,0,3,0,3,4,4,4,1,3,1,3,0,4,4,3,1,1,2,4,4,1,4,1,2,3,3,2,4,0,4,1,0,2,3,3,4,3,4,1,1,2,1,4,3,1,1,4,1,3,3,3,3,0,3,0,3,3,4,3,1,3,2,4,4,3,2,3,1,4,4,2,0,2,1,2,0,1,1,0,3,2,1,2,0,4,0,2,1,2,4,1,4,3,0,3,2,3,0,1,4,1,3,2,3,0,0,2,1,0,0,2,1,3,4,2,1,4,2,3,3,1,1,3,3,2,1,4,3,4,1,1,0,3,1,1,3,0,0,0,0,2,3,3,3,0,0,1,2,3,2,3,0,0,3,4,0,1,0,1,2,0,0,2,1,4,1,3,3,3,2,1,0,3,1,0,1,2,3,4,3,3,2,0,3,0,0,2,3,2,2,4,2,4,0,0,1,1,0,3,1,2,1,0,3,0,3,1,2,2,0,3,1,3,3,3,1,3,2,0,4,3,2,2,0,0,4,4,4,1,1,2,0,3,0,1,2,3,4,4,1,2,0,1,0,3,0,3,2,1,0,2,2,0,4,4,3,2,1,1,2,4,2,3,2,0,4,0,0,2,2,1,0,2,1,0,1,4,3,0,2,4,1,3,0,3,4,3,0,4,1,0,3,0,4,3,1,2,1,0,2,4,3,3,4,0,1,2,4,0,0,2
124,4,1,1,4,3,1,3,4,0,4,0,4,3,3,4,0,4,0,3,2,1,3,4,4,0,1,3,1,1,3,0,0,0,2,1,2,0,3,1,3,4,1,3,0,2,3,4,0,4,2,4,3,3,0,2,2,1,1,3,4,4,0,2,3,4,1,3,0,3,4,0,1,1,4,0,1,0,3,2,2,2,1,4,2,4,2,3,2,4,1,3,4,0,2,3,1,0,2,3,4,2,3,2,3,4,2,3,0,1,3,3,3,2,1,2,3,3,1,0,2,0,3,3,4,4,0,4,1,0,4,4,1,1,0,2,1,4,0,2,0,4,2,2,1,3,4,3,4,0,3,2,1,4,1,4,2,2,2,2,2,1,0,3,1,3,0,4,0,0,4,3,2,4,4,0,4,1,2,0,3,3,3,3,3,0,1,1,3,1,2,1,4,3,4,4,3,0,1,2,0,2,3,1,0,3,0,4,1,1,3,3,3,1,4,1,3,2,4,1,2,4,1,3,1,4,3,0,2,3,3,4,4,2,4,3,2,2,1,3,3,4,3,4,3,1,3,1,3,3,0,3,1,2,1,3,4,0,4,0,0,4,3,1,4,2,0,1,2,1,3,2,4,1,4,4,1,1,0,0,2,2,2,0,4,3,3,1,0,1,3,1,0,0,0,3,0,2,2,0,2,0,3,2,3,2,4,4,3,2,4,0,1,4,4,0,4
125,4,4,2,4,1,2,2,3,4,1,1,3,1,2,0,2,0,1,4,0,2,2,2,2,3,1,4,3,1,0,3,3,3,3,0,2,3,1,2,0,4,0,4,1,4,3,2,2,3,2,0,3,3,2,4,1,4,0,3,3,0,1,3,4,0,3,4,0,0,0,1,0,2,2,0,3,2,4,4,3,4,3,4,0,4,0,4,4,4,0,4,4,1,0,2,3,1,4,2,2,4,4,1,0,1,0,2,3,4,1,2,1,0,4,0,0,0,2,4,3,1,0,4,1,4,1,4,3,4,4,0,0,0,4,3,1,0,2,4,3,3,0,0,2,2,0,1,0,0,3,0,0,0,1,3,4,4,4,4,3,0,4,0,4,1,0,3,1,1,3,1,0,2,2,4,4,0,3,0,4,1,0,0,3,4,0,1,1,2,4,1,3,4,1,0,4,1,0,2,4,4,1,2,3,1,1,3,3,3,3,3,0,0,3,2,2,3,0,2,0,1,0,3,4,3,1,0,2,3,2,0,1,3,2,3,3,2,1,3,1,1,0,2,0,4,0,3,3,3,4,1,3,0,1,0,0,3,0,4,1,3,3,0,0,2,2,3,3,0,4,4,0,2,2,4,3,0,3,2,4,3,2,2,2,3,1,4,2,3,0,4,0,0,3,1,3,3,4,3,4,2,4,3,2,2,1,3,0,3,0,1,3,1,0,4,3
126,2,2,1,4,2,2,3,2,0,1,2,3,0,2,1,1,1,2,0,4,1,0,3,3,0,3,3,1,2,2,2,2,0,1,0,3,1,4,2,3,2,2,2,4,3,2,2,1,2,1,3,3,3,1,4,4,2,3,0,2,4,4,3,1,2,1,4,3,4,3,0,1,2,3,0,0,1,3,2,2,2,4,4,3,2,0,2,3,2,1,2,0,3,3,0,3,2,3,2,3,2,2,0,0,4,0,2,2,3,3,4,2,4,2,0,3,4,1,2,0,1,0,0,2,0,4,1,0,0,3,3,4,3,0,0,1,3,2,3,0,1,3,1,3,4,0,0,2,0,2,0,3,3,4,3,1,3,2,4,1,1,0,2,3,3,0,3,1,3,3,1,2,2,1,1,4,4,3,3,4,3,2,2,0,4,2,0,1,2,0,3,0,2,3,3,0,0,2,3,4,0,4,4,3,2,4,2,0,3,1,3,1,0,2,0,3,1,1,3,3,0,4,1,3,0,4,2,3,4,2,2,0,1,3,4,2,1,2,3,3,0,3,3,3,1,4,4,3,4,3,4,4,2,1,2,2,4,0,0,1,3,4,1,2,4,2,1,0,1,4,4,3,0,4,0,4,0,1,0,2,1,4,4,3,2,3,1,3,1,3,0,1,1,0,0,2,0,3,0,0,1,1,0,2,1,3,3,0,0,2,0,4,4,0,4,3
127,0,3,3,4,2,3,4,2,4,4,0,1,2,4,3,3,1,2,0,2,3,3,0,0,3,4,4,0,4,0,2,2,2,0,0,4,4,4,1,0,2,2,1,1,2,0,2,2,1,1,4,1,2,4,2,0,0,1,4,3,0,0,0,0,1,4,0,1,4,4,3,2,0,1,4,3,2,4,4,0,2,2,1,3,1,3,1,3,0,3,1,2,4,3,3,2,0,1,0,3,3,0,1,3,3,0,4,2,3,1,4,0,0,1,4,1,3,4,2,2,1,2,1,3,3,1,3,2,3,2,2,0,3,3,1,1,4,2,0,2,3,4,2,4,2,3,3,2,0,3,1,0,2,0,1,3,3,3,1,0,2,2,0,3,2,3,4,4,2,0,0,0,3,4,3,1,1,2,1,0,2,4,4,1,1,4,1,1,3,4,4,1,0,3,0,1,4,0,2,0,4,1,0,1,3,2,4,4,1,2,4,0,4,0,4,0,3,1,3,0,1,2,0,4,4,2,3,0,4,1,2,3,3,1,1,2,1,4,3,1,0,1,3,4,1,4,0,3,2,3,2,2,3,2,4,0,1,2,2,3,4,1,2,4,1,3,2,3,3,2,4,4,3,3,0,1,3,3,1,2,4,2,1,1,0,0,4,3,1,0,2,0,2,0,2,0,0,4,3,1,3,4,2,3,1,1,2,1,4,3,1,3,0,3,2,4
128,1,4,3,1,4,2,0,0,2,0,2,3,2,0,3,2,2,3,1,0,1,3,3,4,4,3,4,2,1,3,2,0,0,4,4,2,0,3,1,4,2,4,2,0,4,2,2,4,1,3,0,4,4,1,0,4,1,3,2,3,3,3,3,2,0,0,1,1,4,3,3,2,3,2,4,1,1,4,4,3,1,0,4,1,1,2,1,4,3,1,0,4,3,3,4,3,0,1,4,1,1,3,4,1,2,0,3,4,4,3,1,3,4,2,1,3,4,4,4,2,1,3,1,4,2,2,4,1,1,2,0,2,2,3,2,0,2,1,3,3,2,3,3,2,0,2,1,4,0,2,0,4,3,3,4,3,0,3,4,4,4,1,0,4,0,1,0,2,1,1,3,4,1,0,2,0,0,2,3,4,1,4,3,2,4,0,1,1,3,3,2,3,4,1,2,3,0,1,2,1,4,3,3,3,0,4,0,4,4,4,3,3,3,0,2,4,0,3,3,2,3,4,1,3,2,1,4,4,4,2,1,4,3,1,4,1,3,0,4,3,2,4,0,3,3,1,4,0,2,1,4,0,1,0,0,1,1,4,1,4,0,1,4,4,2,4,4,2,3,1,2,4,4,1,0,2,3,1,1,2,4,4,3,2,1,2,0,1,3,3,1,4,1,1,0,1,2,2,3,4,3,0,1,3,1,3,1,3,2,0,3,2,4,3,1,0
129,2,2,0,3,1,4,3,0,3,3,0,0,4,0,0,0,2,0,0,0,4,3,0,0,4,3,4,1,1,1,0,4,0,1,3,3,4,3,1,4,4,1,1,1,1,4,3,1,2,4,0,3,4,1,2,0,3,1,4,4,3,2,1,3,3,4,3,0,0,1,3,4,1,2,4,2,1,0,4,4,1,4,4,1,3,1,4,1,4,2,2,0,1,1,2,2,2,0,0,3,1,0,4,1,3,2,3,1,2,3,3,1,0,4,3,4,1,1,0,2,4,3,2,4,4,2,2,0,3,3,3,2,0,1,0,2,0,2,4,4,1,4,1,3,2,3,3,1,2,1,0,3,2,3,0,0,2,2,0,3,4,3,4,1,2,0,1,3,4,2,4,3,3,0,1,2,0,4,1,2,4,2,2,1,4,0,0,0,2,3,1,0,1,2,1,0,0,2,2,4,2,3,3,0,2,3,3,4,2,4,1,4,1,1,2,1,1,4,2,2,1,4,4,4,4,0,1,1,1,2,2,4,2,3,1,1,0,0,3,0,4,4,1,4,0,3,4,1,1,0,4,0,1,3,4,3,4,1,4,1,2,1,1,4,3,1,4,1,0,0,0,0,3,1,0,4,0,2,2,3,2,4,0,2,2,3,2,0,1,0,2,2,2,3,4,0,2,1,3,4,2,0,1,3,0,0,3,0,1,1,0,2,0,2,0,4
130,1,0,1,3,4,2,3,4,3,1,4,3,2,4,4,3,0,2,2,3,1,1,0,0,3,1,2,1,3,1,4,3,4,3,2,3,3,3,3,0,4,3,3,0,1,0,0,0,3,0,0,0,3,2,2,1,3,0,0,0,2,0,0,2,0,1,4,1,3,1,1,2,3,1,4,1,0,2,0,3,3,2,1,3,4,2,0,4,2,4,2,0,1,2,3,0,0,4,3,4,0,2,3,0,3,2,1,4,4,0,0,2,0,0,0,3,3,1,3,4,1,0,4,1,1,4,1,4,1,1,1,4,1,3,3,3,3,3,0,1,2,0,4,0,2,0,1,3,1,0,2,4,1,2,4,3,1,1,3,3,0,4,2,3,0,4,4,1,0,0,1,2,3,1,3,0,1,2,3,3,3,0,3,4,3,0,1,3,3,1,4,0,1,0,1,2,4,2,1,1,0,1,0,0,1,0,4,2,1,0,0,0,0,4,1,1,4,4,4,1,3,2,4,4,1,1,2,0,1,2,1,1,1,3,3,4,3,2,1,3,1,0,4,3,1,0,4,4,0,3,3,1,2,1,1,1,0,4,4,2,3,1,0,0,1,0,0,1,2,0,4,4,4,1,4,3,0,2,4,1,2,1,2,2,0,2,3,3,3,1,0,1,4,3,0,3,0,1,1,3,2,0,4,2,1,0,2,4,2,4,1,0,1,0,2,1
131,0,4,0,1,1,2,4,0,1,0,3,4,4,3,4,3,0,3,2,3,0,4,2,3,0,2,2,2,3,0,0,0,1,4,0,1,1,2,4,2,4,2,3,4,1,1,4,2,3,3,0,4,3,2,2,1,3,3,2,1,3,2,1,1,2,1,1,0,1,3,1,3,2,1,2,4,1,2,4,3,3,3,3,3,0,2,4,4,1,2,0,0,2,3,3,2,4,3,1,0,3,4,3,3,0,1,1,4,2,2,2,4,3,1,1,3,1,1,2,2,0,0,1,2,0,0,2,0,3,3,2,2,0,1,4,3,3,2,1,2,0,1,0,3,2,2,4,1,3,4,4,2,1,2,1,4,0,3,4,2,3,4,1,2,4,1,1,1,3,2,1,4,1,2,3,1,4,2,1,3,0,4,1,1,0,2,0,2,1,0,1,0,1,1,1,3,0,3,1,4,2,0,0,2,3,2,4,1,2,2,1,0,4,2,2,0,4,1,1,3,4,4,2,3,1,4,4,0,1,0,3,4,3,0,1,4,1,3,2,1,1,1,4,3,3,4,1,1,2,1,0,1,2,0,2,2,3,4,2,1,3,0,4,3,2,3,1,1,1,4,3,3,2,0,1,0,0,1,1,2,4,1,0,2,3,2,1,1,4,2,1,0,0,2,4,2,4,0,1,3,1,0,0,1,1,0,1,3,3,2,3,0,0,2,4,2
132,4,4,1,3,4,1,2,2,4,1,0,3,4,0,3,0,1,4,0,0,0,4,1,1,0,1,3,1,0,3,4,2,1,3,2,4,2,4,0,0,4,2,1,2,2,1,2,2,3,4,0,4,2,1,1,0,0,0,1,2,0,0,1,2,0,2,3,0,0,1,3,3,3,4,1,1,0,1,0,0,4,1,1,4,4,1,1,0,2,0,3,3,2,4,3,4,4,0,4,2,0,2,4,3,4,2,1,1,3,2,3,0,4,0,1,4,0,1,0,4,0,4,0,3,0,0,3,1,4,2,1,4,0,1,0,1,1,2,3,1,0,2,1,3,0,2,4,3,4,4,2,2,2,4,0,2,3,2,2,2,4,0,2,4,3,0,4,1,3,3,1,4,4,3,4,1,4,3,4,0,1,1,2,4,1,4,0,3,3,2,2,1,1,1,0,2,2,3,2,2,0,1,0,4,3,3,3,1,1,1,3,3,3,4,4,3,1,1,4,4,3,3,1,2,1,1,3,2,2,3,0,3,4,2,3,1,1,1,3,0,4,1,3,0,2,2,4,3,3,1,0,4,0,4,3,3,4,0,2,2,1,1,0,3,0,4,2,1,0,0,4,3,3,2,1,3,3,3,0,3,4,2,3,1,0,4,2,0,4,0,2,2,3,1,3,0,3,2,2,2,3,4,3,3,3,3,2,1,3,3,1,3,1,2,4,3
133,4,3,0,0,2,4,4,1,1,3,1,1,4,0,4,1,3,0,1,1,3,3,1,1,4,2,3,3,4,0,0,0,3,2,2,4,0,0,1,4,4,3,3,4,2,4,2,3,4,2,1,1,4,0,4,3,3,1,2,1,2,4,0,3,4,1,4,0,2,0,1,0,3,0,4,2,3,3,3,1,1,4,2,0,4,1,4,2,4,3,0,1,1,2,2,2,1,3,0,2,1,3,2,2,0,0,4,2,4,1,0,3,2,2,4,0,4,2,0,2,0,2,3,4,0,4,0,0,0,2,1,2,1,2,1,0,0,1,1,4,0,2,4,1,2,3,3,3,2,1,2,4,4,3,1,4,0,0,3,3,3,4,1,3,2,3,4,1,3,0,3,3,1,2,3,3,4,1,4,3,3,0,4,1,3,0,0,2,1,0,1,3,2,1,2,1,1,4,2,1,4,4,2,3,2,1,3,2,2,2,2,3,1,4,2,4,4,4,2,2,2,2,0,1,0,3,0,0,0,1,4,3,3,1,0,4,2,1,4,1,1,2,4,0,4,4,0,2,4,0,1,1,0,1,4,0,4,3,2,2,2,0,3,2,4,2,3,4,4,0,0,1,3,4,3,2,2,1,4,4,1,2,4,3,4,2,4,4,0,4,1,1,3,4,3,2,2,0,0,4,4,3,3,4,4,0,0,0,4,3,1,1,3,3,3,0
134,2,4,0,1,4,3,1,3,3,3,4,1,1,3,0,2,0,4,2,0,1,0,3,4,0,0,2,3,2,4,4,3,2,3,2,1,3,4,2,1,4,2,1,4,4,1,4,2,2,4,0,1,0,2,4,3,3,0,0,0,2,2,4,2,4,4,0,3,0,2,1,2,3,2,3,1,1,4,2,4,0,0,0,0,0,2,4,4,3,0,1,3,3,2,3,1,4,3,2,0,1,0,3,4,2,1,4,1,2,2,3,1,3,1,1,0,3,1,1,2,0,2,3,3,1,4,2,3,1,1,2,1,0,4,2,2,2,1,1,2,2,0,3,0,2,1,1,2,3,4,4,0,3,4,3,1,1,3,2,4,4,1,0,4,1,1,3,3,3,0,4,0,0,3,1,2,1,1,1,1,0,3,3,1,2,4,1,1,2,0,1,2,0,0,1,0,1,1,3,4,4,3,1,2,0,3,3,3,3,4,1,3,3,3,2,2,0,1,3,0,0,1,2,1,0,1,2,0,1,3,3,1,1,2,0,1,0,3,0,4,2,2,0,2,0,0,3,0,2,4,1,2,4,2,4,2,1,3,3,1,2,4,0,2,1,3,3,2,4,1,1,4,4,2,2,3,3,4,0,0,0,1,2,4,3,0,3,2,4,0,0,4,3,2,2,2,3,3,0,3,1,4,3,2,3,0,4,4,2,4,1,4,2,4,3,0
135,3,1,1,0,0,0,0,4,3,1,4,0,2,2,3,1,1,3,0,0,1,1,1,0,2,3,3,4,4,2,1,2,4,4,3,2,0,4,3,1,2,4,0,4,0,2,0,0,3,2,4,1,2,2,1,4,3,4,1,4,2,3,0,4,0,3,0,4,1,2,2,0,2,2,1,0,1,1,3,0,1,4,2,0,3,1,4,2,2,4,0,2,2,2,1,1,2,3,2,0,3,0,4,4,1,1,1,4,0,3,1,4,1,2,3,0,1,2,2,3,4,4,1,1,4,0,0,2,3,0,1,0,3,1,3,4,3,3,3,1,3,3,2,1,3,0,3,0,4,4,1,1,4,1,0,0,2,1,1,2,3,0,3,2,1,3,1,2,4,1,3,3,2,3,0,1,0,2,0,0,1,1,4,0,1,0,0,2,2,0,2,1,0,2,1,0,0,2,1,0,0,4,0,4,4,1,3,4,1,2,4,3,2,4,4,3,0,3,1,1,3,3,3,3,3,4,2,1,1,2,3,2,3,1,0,1,1,0,2,4,3,3,1,0,1,1,2,3,4,0,4,0,3,2,4,0,1,3,2,1,2,0,1,2,3,4,4,1,3,3,2,1,3,2,3,1,3,3,3,4,0,1,4,0,3,3,4,2,1,0,3,1,3,3,3,1,4,1,1,2,2,4,2,4,3,3,1,3,2,0,1,4,3,1,1,1
136,3,4,1,1,1,3,2,4,1,1,1,3,2,1,1,3,4,4,2,4,1,3,1,1,2,4,4,4,1,3,3,1,0,1,4,1,0,1,4,2,3,0,2,3,2,1,1,3,3,1,1,3,3,3,4,4,1,4,0,1,0,2,0,2,0,2,2,1,3,3,1,2,3,3,0,4,1,4,2,0,3,0,1,2,0,0,0,3,2,3,0,3,3,1,4,4,1,1,3,3,2,4,3,2,4,2,2,1,0,0,0,2,3,0,3,4,0,2,1,2,3,4,2,1,1,4,0,2,2,1,3,2,1,3,0,0,1,1,0,1,4,2,4,3,1,1,3,2,0,4,2,0,0,1,3,1,3,1,4,1,4,2,2,1,2,0,4,3,4,1,2,2,0,2,1,1,3,4,4,4,3,3,3,0,3,2,0,2,4,1,4,3,1,4,0,3,4,1,2,4,0,1,4,2,3,3,3,1,2,2,4,3,1,3,3,4,4,4,0,0,1,1,4,2,1,0,0,3,4,2,4,0,2,1,3,0,3,4,2,4,3,0,3,0,3,4,3,1,4,3,3,2,4,2,4,0,4,4,3,1,4,2,1,4,1,0,1,0,1,1,2,2,3,1,0,1,4,0,4,3,4,3,3,3,4,3,3,2,1,3,0,0,2,4,4,4,3,4,4,1,3,3,0,0,1,2,3,0,4,3,3,3,0,1,0,4
137,4,2,0,0,2,2,3,3,4,1,4,0,1,3,2,2,4,0,0,2,4,4,3,3,3,1,4,4,3,2,3,1,2,4,1,1,2,3,3,0,2,3,1,3,3,1,2,0,3,3,3,2,1,1,1,1,1,1,3,3,1,1,2,2,4,3,1,3,4,2,4,0,2,3,2,4,1,4,4,1,3,3,2,4,2,1,0,3,1,3,2,0,4,3,4,2,3,2,4,2,2,2,1,1,3,2,2,2,1,4,2,0,3,1,4,0,2,1,2,3,1,0,4,4,3,4,4,3,0,1,1,3,2,3,3,3,3,4,4,0,3,1,2,4,1,4,0,2,4,2,2,1,4,2,3,2,2,4,3,2,4,4,2,0,0,1,0,0,4,4,2,2,4,2,4,0,2,0,1,2,4,4,1,4,0,4,1,3,3,0,3,4,1,0,3,4,4,2,2,1,0,3,3,4,3,1,2,4,0,4,3,1,0,4,3,4,0,3,2,0,2,2,3,4,4,1,0,0,3,3,1,1,2,1,4,2,1,4,4,2,2,4,3,2,0,3,0,1,2,2,4,2,0,3,1,3,0,1,4,2,2,4,0,4,0,1,3,3,4,2,4,2,4,4,3,2,3,2,1,1,1,0,3,3,1,4,3,2,3,3,2,1,1,2,3,3,1,0,1,2,0,0,2,4,1,3,1,2,3,4,2,1,0,2,2,1
138,4,1,1,4,4,2,0,1,0,4,4,1,2,1,2,3,2,1,1,2,0,2,3,3,0,3,1,0,0,0,2,2,0,3,1,1,2,4,0,4,1,2,2,2,2,2,0,4,1,1,2,2,2,3,1,2,4,3,0,3,3,3,4,1,2,4,4,2,3,0,3,3,1,3,0,4,3,4,1,0,2,2,1,0,4,1,3,4,3,3,4,3,2,4,1,2,1,0,1,4,1,0,3,4,2,2,1,2,0,2,1,2,3,3,2,4,2,3,3,0,1,0,4,1,2,2,4,3,2,0,3,2,3,1,2,2,3,1,0,1,0,4,1,0,3,0,4,0,1,0,1,4,0,0,4,0,1,2,2,1,0,1,4,1,2,3,4,0,1,4,2,0,1,1,0,3,3,4,1,4,0,4,1,3,3,0,2,4,0,3,1,1,2,2,3,2,2,1,4,1,1,3,3,4,0,2,2,1,1,4,2,1,1,3,0,4,0,0,4,2,1,4,1,3,0,3,0,2,4,2,0,3,0,2,2,3,3,2,0,0,4,2,4,2,4,1,0,0,1,3,1,0,2,4,0,1,2,0,1,0,1,1,0,2,0,0,2,0,4,4,4,1,3,0,3,4,2,4,0,3,3,1,2,4,2,0,1,4,0,2,1,4,2,4,1,1,2,4,3,0,1,4,2,2,1,1,3,2,4,0,0,3,4,0,0,4
139,4,1,0,0,3,1,1,0,2,2,4,1,0,0,0,3,2,3,0,0,1,1,2,4,0,1,2,3,0,4,2,4,0,2,1,4,3,3,4,0,0,0,3,3,1,0,3,3,0,0,3,4,3,1,2,0,1,4,2,3,0,3,1,0,3,0,1,3,2,4,3,0,3,0,1,4,0,3,1,2,3,4,1,3,0,0,0,3,4,0,3,3,4,1,1,3,1,2,4,3,1,1,4,0,1,4,0,3,0,1,3,3,0,3,0,0,0,4,1,3,2,1,2,0,3,1,2,2,2,1,4,0,3,2,1,2,1,4,2,2,3,1,1,4,2,3,0,3,3,3,3,2,3,1,1,3,1,2,0,3,1,1,2,2,0,4,4,4,0,3,4,4,1,1,3,2,0,4,0,1,0,1,0,1,0,4,4,3,0,2,3,0,2,4,4,4,2,1,0,3,3,4,1,0,0,3,3,3,0,3,0,4,1,3,0,4,2,4,1,4,3,3,2,0,4,2,3,0,0,1,3,0,1,1,3,0,0,4,0,1,2,3,2,0,1,2,3,4,2,4,0,0,3,4,4,3,2,3,0,4,1,1,0,4,4,3,2,3,1,4,2,3,2,1,2,4,2,2,3,2,2,1,2,3,3,4,1,0,4,2,1,4,3,1,1,2,1,1,0,2,1,1,0,0,3,2,0,1,0,4,3,3,2,3,2,4
140,1,4,2,2,2,1,2,4,1,4,1,2,1,0,4,0,0,2,2,0,1,2,4,0,4,4,4,0,3,2,4,0,3,0,2,0,1,1,4,0,0,4,4,3,0,2,2,2,4,4,4,2,3,1,0,1,0,4,2,1,4,0,1,1,1,1,1,4,0,0,3,2,1,0,2,2,4,1,3,2,4,1,0,3,1,4,4,4,4,4,3,2,2,0,2,4,2,2,4,3,4,2,2,0,4,0,0,1,0,2,2,1,1,4,1,3,2,2,1,1,2,1,4,1,1,4,4,4,2,1,4,4,2,3,1,3,3,4,2,1,1,1,3,0,2,0,3,4,0,0,2,3,2,4,1,3,4,4,0,2,0,0,1,2,1,4,1,4,0,1,2,1,4,3,2,4,3,2,3,0,0,1,1,1,1,3,2,2,1,0,4,1,1,0,4,3,3,4,4,3,1,1,0,4,1,1,0,4,0,0,3,0,4,1,1,3,4,1,0,2,2,2,2,0,1,3,0,1,4,1,1,1,0,1,1,4,4,2,0,1,2,2,0,2,2,0,3,2,4,2,0,0,3,3,4,4,2,3,4,2,1,2,4,2,1,4,2,4,2,0,4,4,4,4,2,3,2,1,0,2,2,4,1,4,4,3,0,3,4,0,2,1,3,1,4,0,2,0,1,1,2,2,0,3,0,1,0,4,0,0,4,1,2,0,3,2
141,3,0,3,2,3,3,2,2,2,2,4,0,2,1,3,2,2,0,2,4,1,1,2,0,2,3,1,3,4,1,1,4,3,2,0,3,4,4,4,1,2,1,1,1,4,3,0,0,2,2,4,0,3,4,2,4,2,0,4,1,2,1,2,1,0,0,3,3,3,4,2,4,3,2,4,0,2,3,0,2,4,3,4,0,0,0,2,3,0,4,3,4,4,0,3,1,2,1,2,3,0,3,1,4,2,2,1,0,3,1,3,0,4,3,0,1,4,4,4,2,0,3,1,4,4,4,0,1,0,1,3,2,1,0,0,0,2,1,1,1,1,4,4,0,4,1,1,4,3,0,2,0,0,0,4,0,1,0,1,4,4,0,1,1,1,1,2,4,1,2,2,4,3,0,4,3,0,0,0,2,1,0,1,0,2,0,4,3,0,3,3,2,3,2,0,1,2,3,3,0,2,0,2,1,4,0,3,0,2,0,1,2,3,3,2,1,0,4,3,1,1,1,0,1,1,2,2,1,1,2,0,2,2,2,2,4,3,0,0,1,4,1,0,0,1,3,1,3,3,2,0,2,0,2,3,2,4,2,2,2,4,0,2,0,1,3,1,4,4,0,0,2,1,0,0,0,3,0,3,4,2,1,0,3,0,0,3,0,1,4,2,0,3,1,0,4,4,3,0,0,0,4,0,0,0,0,3,4,2,3,0,2,1,2,3,4
142,3,4,4,4,1,2,3,3,4,1,1,0,1,4,4,2,4,2,1,0,3,4,1,4,2,1,3,2,1,3,2,3,1,2,0,4,0,3,1,4,1,3,1,2,2,3,1,3,4,1,2,0,2,1,1,1,1,4,0,2,4,3,1,2,3,0,2,4,3,2,4,1,2,1,3,3,3,1,1,4,2,4,1,2,3,4,4,4,1,2,3,1,3,0,0,3,0,2,2,1,3,1,2,2,2,4,0,1,1,2,4,1,1,4,2,4,0,1,0,1,0,1,2,3,4,1,4,1,3,2,2,4,3,4,2,0,4,1,2,1,3,2,2,4,4,1,4,0,2,3,2,1,4,2,4,1,4,3,1,2,2,3,0,4,2,3,4,1,3,1,1,1,4,0,1,2,4,4,1,2,3,4,1,1,0,0,3,3,3,3,1,1,1,2,3,2,4,4,1,4,1,3,2,1,0,0,3,2,1,3,2,0,1,2,4,1,4,3,2,2,2,2,1,4,4,3,3,2,0,0,2,4,3,1,0,3,0,4,4,2,2,0,0,3,2,4,3,3,1,4,3,1,2,4,2,1,4,0,0,0,3,0,3,3,1,0,4,3,1,3,4,4,0,3,4,2,4,4,3,4,1,4,2,4,0,3,2,1,4,4,1,4,0,2,4,1,1,2,0,2,4,0,0,1,0,4,4,4,3,0,0,4,1,0,3,0
143,2,3,1,3,3,0,3,4,3,0,4,1,2,3,4,4,1,1,2,2,0,2,2,4,3,3,2,0,0,3,1,4,2,4,2,2,3,4,4,1,1,4,1,1,2,3,2,1,2,2,0,2,2,3,4,0,0,0,0,3,4,3,0,4,3,4,3,4,3,0,0,0,3,4,4,1,2,0,0,0,1,1,1,0,4,0,1,1,2,3,2,2,0,3,3,0,4,0,4,4,3,0,0,3,2,0,1,1,0,4,3,4,1,1,3,1,2,1,4,4,2,4,4,4,0,2,2,1,2,3,2,3,4,3,0,4,3,4,0,4,4,2,1,3,1,0,0,4,1,3,3,4,3,2,1,0,3,3,3,4,0,1,3,2,4,1,3,1,4,2,3,2,4,2,4,2,1,1,4,1,2,2,3,4,1,4,1,3,2,2,0,4,1,0,4,1,3,4,1,2,4,1,2,2,0,1,0,0,3,0,0,3,3,4,0,2,3,1,4,4,0,2,3,1,0,2,0,0,4,1,1,1,1,3,3,1,2,3,3,2,1,0,3,0,0,2,1,0,1,4,1,2,2,4,2,1,1,1,2,1,3,4,3,1,2,4,3,1,2,1,3,3,4,2,0,1,2,0,2,1,1,4,3,3,3,4,3,2,3,3,1,4,4,3,0,1,3,0,2,1,4,0,3,0,4,2,0,3,0,2,0,2,2,1,1,3
144,3,3,2,2,1,2,1,0,3,3,4,1,4,3,4,0,4,0,3,2,1,4,0,3,3,2,3,3,2,3,0,4,4,0,4,3,4,4,3,4,3,2,2,4,2,4,2,4,1,0,2,3,0,4,0,3,3,4,2,2,1,3,1,3,1,2,3,2,0,2,3,0,1,4,3,4,4,0,1,2,0,1,2,2,1,2,3,3,0,2,2,1,3,4,0,3,1,0,4,0,3,4,1,0,3,1,4,0,2,3,3,2,1,3,1,4,2,1,4,0,3,2,0,0,0,1,3,2,3,3,3,4,4,4,4,3,3,2,2,2,2,2,4,3,2,1,2,2,3,4,0,3,4,1,0,4,4,3,4,2,4,0,4,1,2,0,0,3,3,2,0,1,4,4,4,3,0,0,1,3,1,0,4,3,3,3,4,3,2,3,4,3,2,2,3,0,0,1,2,0,1,0,3,2,0,3,1,3,1,0,4,3,4,2,4,2,0,0,3,4,2,2,4,0,0,2,3,0,1,2,4,4,2,2,0,2,2,1,4,0,3,0,4,3,2,1,1,4,4,1,3,3,0,2,3,2,4,3,3,3,0,4,1,0,0,3,0,1,0,0,3,4,1,3,0,1,2,0,4,0,4,2,3,3,3,1,4,0,1,1,0,2,3,2,2,3,2,1,0,1,1,4,3,3,1,3,4,0,2,3,1,3,1,2,3,2
145,1,4,4,0,1,1,1,4,4,4,3,3,4,2,3,3,3,3,0,3,2,0,3,1,0,3,2,4,3,1,2,0,2,3,1,2,2,4,4,3,0,0,1,3,0,2,3,2,1,3,1,4,1,4,3,2,2,2,1,3,3,4,3,2,3,4,3,3,2,3,1,4,4,4,3,1,4,0,2,0,0,4,0,0,1,2,3,4,4,0,3,3,3,4,4,1,4,4,1,4,0,0,1,1,0,3,4,2,2,1,2,3,2,0,1,2,4,1,3,0,2,0,3,2,1,1,4,3,2,0,0,2,3,3,0,2,2,0,2,2,1,1,4,4,3,1,1,1,1,3,0,3,0,4,1,0,3,0,2,4,4,1,1,3,0,2,4,0,2,0,1,4,2,1,3,3,1,2,2,4,1,3,1,0,2,0,3,2,3,3,3,4,3,3,0,0,0,2,4,2,4,4,1,1,1,4,4,2,4,3,3,4,3,4,1,4,1,0,3,0,3,0,4,0,3,2,3,2,4,3,0,4,3,4,2,4,0,3,2,4,1,2,2,0,0,4,1,2,4,1,4,2,4,0,0,3,1,2,1,0,2,3,0,0,1,4,1,0,1,4,3,2,0,1,0,2,1,3,2,4,4,0,4,1,4,3,1,0,0,4,4,0,1,2,0,3,1,2,2,1,0,2,3,1,4,0,1,3,2,0,0,1,1,3,4,1
146,1,1,3,2,4,3,1,2,1,3,0,1,2,4,0,1,1,2,0,0,0,1,0,1,1,0,3,4,4,3,0,1,2,3,4,4,1,4,4,1,0,4,0,2,0,1,1,1,4,3,4,0,2,2,2,2,3,2,4,2,1,0,4,3,4,1,2,2,3,0,2,3,2,4,3,3,3,2,3,4,0,0,1,4,4,3,1,4,4,4,2,4,2,4,0,2,2,3,4,1,1,1,1,0,1,3,1,3,2,4,1,3,3,4,2,1,3,1,0,3,2,4,3,0,4,2,1,1,3,4,0,0,2,4,4,1,2,2,2,4,1,2,1,2,4,1,3,2,4,1,0,4,4,0,0,3,3,3,4,4,4,3,1,4,4,4,3,2,3,2,3,1,1,4,3,2,2,1,4,2,3,4,3,3,1,3,0,4,0,3,3,1,1,1,1,2,1,3,3,4,0,2,2,4,4,1,4,2,0,0,2,1,0,0,1,0,3,2,0,0,1,0,1,2,3,4,2,0,3,4,4,0,4,4,2,2,4,1,0,1,1,4,0,1,2,2,0,1,3,3,0,0,3,1,1,4,0,1,3,3,2,1,4,4,0,2,3,3,0,4,4,3,0,1,2,4,4,4,1,1,2,4,3,4,2,2,3,1,3,2,3,4,2,1,1,3,3,3,4,1,2,2,1,3,0,3,1,4,3,2,4,1,0,3,4,4
147,2,3,0,4,2,3,3,0,2,0,4,1,1,0,0,1,4,0,4,4,2,4,3,1,1,0,0,2,2,3,0,1,3,0,3,4,4,3,0,4,4,3,4,1,4,3,4,4,2,3,3,2,2,1,4,0,0,2,3,3,1,0,3,1,1,2,0,1,1,1,0,2,4,3,0,0,0,4,3,3,1,1,2,0,2,0,3,2,3,1,3,4,2,0,3,2,0,2,2,4,3,4,1,2,3,1,1,4,1,0,0,0,1,2,3,0,0,0,4,4,0,0,4,3,2,3,2,1,1,3,4,0,1,4,4,2,1,3,4,3,3,1,3,3,0,3,0,1,3,4,3,0,4,1,2,2,0,1,1,3,2,3,1,0,0,4,0,2,4,2,3,3,0,4,2,2,1,0,3,1,3,3,2,3,4,3,4,3,1,2,1,2,1,0,3,3,0,0,4,1,3,4,3,0,4,4,4,1,4,3,1,3,4,4,3,2,4,4,1,3,4,3,1,3,3,1,4,3,2,4,1,0,2,4,1,2,4,0,4,0,0,3,1,3,0,1,1,1,2,4,0,1,2,2,0,3,2,0,2,0,1,3,2,2,2,4,4,1,2,3,4,0,0,0,1,2,2,4,0,1,3,2,2,1,4,1,4,2,4,4,4,4,0,0,0,0,1,3,4,1,0,4,3,4,2,2,1,3,1,4,3,1,4,0,4,1
148,3,3,0,1,0,2,4,2,2,0,0,4,0,0,0,0,0,2,2,4,3,4,1,4,4,0,0,0,3,0,1,2,1,3,0,4,2,3,1,0,3,3,4,4,4,1,4,3,3,3,2,2,1,4,3,4,3,2,3,1,0,3,1,2,2,0,4,4,3,2,1,0,4,3,3,2,1,1,4,3,2,1,3,1,0,1,1,3,1,1,0,1,1,3,2,0,1,2,3,0,3,2,0,1,2,3,0,2,2,3,3,1,1,2,3,2,4,3,4,4,3,1,2,0,0,3,1,1,1,0,4,0,1,0,0,2,3,4,2,3,1,2,3,2,0,0,2,2,4,1,0,2,3,1,3,1,3,0,2,2,4,2,0,1,1,2,3,2,1,4,1,3,3,4,3,2,2,1,0,2,2,4,2,1,4,2,1,4,0,1,2,4,0,1,0,1,2,1,2,1,4,1,1,3,3,1,3,2,3,1,0,0,1,1,0,4,3,4,2,0,0,4,2,4,2,1,1,0,1,4,2,0,1,0,0,2,4,4,3,4,1,3,3,3,3,4,3,1,1,0,1,0,1,3,2,3,4,0,2,1,3,0,0,1,0,1,1,3,0,4,4,3,3,1,4,0,4,3,3,1,0,3,0,4,1,4,3,3,0,3,0,2,3,4,4,0,2,3,1,1,4,3,1,0,3,4,2,0,0,3,2,0,2,4,0,1
149,4,4,0,1,2,1,4,0,1,1,4,2,1,1,3,4,3,4,4,3,2,2,4,3,1,4,4,0,2,3,1,1,4,1,1,4,2,0,2,2,0,4,2,3,3,0,3,4,1,4,0,1,3,2,3,4,4,0,2,2,1,1,4,0,4,2,2,4,2,1,2,1,3,0,0,2,0,3,2,1,3,3,0,1,4,3,0,3,1,1,2,4,4,0,4,1,4,0,3,4,4,1,1,3,2,4,1,2,4,4,2,1,3,4,0,0,0,3,4,1,1,3,4,2,2,4,4,1,3,3,1,0,2,4,2,2,3,1,0,0,1,2,1,1,4,4,2,3,0,4,2,1,4,1,1,4,2,0,2,3,3,0,3,1,3,4,1,2,0,4,4,0,3,0,0,3,2,0,3,4,0,0,2,2,4,2,4,0,3,2,4,2,2,1,0,2,3,1,4,4,3,3,0,3,4,0,3,3,4,0,1,1,0,3,3,0,1,2,4,0,2,4,2,2,4,2,1,0,1,1,4,4,4,2,2,0,2,0,1,0,0,4,2,3,3,4,1,1,1,0,2,1,3,0,1,1,2,2,0,3,4,3,2,2,4,3,3,4,2,0,3,1,3,3,3,2,1,3,0,1,4,0,4,3,2,3,3,4,3,0,2,4,1,3,4,3,3,4,0,1,3,0,3,3,0,3,1,4,0,2,3,4,1,1,2,1
150,4,2,0,2,0,1,4,3,2,1,4,3,2,4,1,2,2,0,0,2,4,1,3,0,1,2,1,1,1,2,0,3,4,0,3,2,3,2,3,0,2,1,2,2,3,2,3,0,2,1,1,0,1,3,2,4,2,2,4,1,1,2,1,3,3,4,2,3,0,1,2,3,4,3,0,3,2,4,4,0,2,0,0,0,3,1,3,2,0,0,1,4,0,3,0,2,1,4,2,3,2,0,1,0,1,3,2,1,2,1,0,1,1,4,3,0,0,2,1,1,1,0,4,2,1,4,3,0,3,0,2,3,2,2,2,3,3,3,1,2,1,0,3,4,0,2,2,1,3,3,0,0,0,4,4,2,2,2,3,2,1,0,3,4,0,2,4,4,4,0,3,0,1,2,3,3,2,1,4,2,4,2,0,1,1,2,1,4,1,1,1,3,2,0,0,3,3,0,4,0,0,2,0,0,1,3,0,0,4,0,2,4,0,2,3,0,3,0,4,4,2,1,2,0,3,3,0,1,1,1,0,4,4,0,4,1,4,0,4,4,4,4,0,2,4,2,0,3,2,0,3,4,0,1,3,1,4,4,2,4,2,3,1,3,1,0,3,0,1,2,3,3,2,2,4,4,1,3,2,2,0,4,0,2,3,3,0,4,1,3,1,4,0,4,2,4,0,0,4,0,2,1,4,0,1,2,4,0,1,2,3,0,2,1,4,1
