user,1,2,3,4,5,6,7,8,9,10,11,12,13,14,15,16,17,18,19,20,21,22,23,24,25,26,27,28,29,30,31,32,33,34,35,36,37,38,39,40,41,42,43,44,45,46,47,48,49,50,51,52,53,54,55,56,57,58,59,60,61,62,63,64,65,66,67,68,69,70,71,72,73,74,75,76,77,78,79,80,81,82,83,84,85,86,87,88,89,90,91,92,93,94,95,96,97,98,99,100,101,102,103,104,105,106,107,108,109,110,111,112,113,114,115,116,117,118,119,120,121,122,123,124,125,126,127,128,129,130,131,132,133,134,135,136,137,138,139,140,141,142,143,144,145,146,147,148,149,150,151,152,153,154,155,156,157,158,159,160,161
1,4,2,2,1,1,4,0,1,0,0,0,2,2,0,0,2,4,3,1,0,2,0,0,0,0,4,1,1,2,4,4,1,2,4,2,1,0,4,2,0,1,3,4,4,2,1,1,4,4,2,2,3,0,2,0,4,3,3,3,1,4,1,1,3,1,4,4,1,4,0,1,3,3,4,4,3,0,3,1,3,2,0,0,3,2,1,3,1,2,3,3,1,3,2,3,4,2,0,1,2,0,0,2,0,0,4,3,4,3,0,3,4,1,1,3,1,2,1,3,0,4,1,3,4,2,0,4,4,3,2,1,2,0,1,2,0,4,4,4,4,1,4,1,1,2,4,3,4,3,4,1,4,4,4,4,2,2,1,1,3,1
2,2,1,3,3,2,1,3,1,1,2,2,1,4,4,0,0,0,2,1,3,1,1,0,1,0,1,3,4,4,2,3,1,3,1,3,3,4,3,2,1,0,3,0,4,0,2,2,4,2,1,2,3,2,1,4,2,1,3,0,0,4,4,0,0,4,0,2,1,4,1,3,3,2,3,4,2,2,4,0,1,4,0,0,3,2,2,3,3,2,4,4,4,4,3,1,1,2,1,4,3,4,0,3,0,0,2,0,1,1,0,2,0,3,3,3,3,0,4,4,3,2,2,0,4,0,1,3,1,1,2,4,3,0,3,0,0,4,1,0,4,1,1,3,3,3,2,1,2,3,4,3,0,4,4,1,2,0,4,2,2,0
3,0,3,3,4,4,4,3,4,4,3,3,4,4,2,1,3,1,3,2,1,2,0,1,1,1,0,0,2,0,3,4,1,2,2,2,2,1,2,1,2,2,4,3,0,0,0,3,1,0,0,0,1,3,3,1,4,2,1,2,3,2,0,2,2,3,4,2,3,0,2,2,0,1,4,0,0,0,1,0,1,4,1,4,4,4,3,4,1,3,0,0,2,4,2,4,4,1,1,0,3,0,4,3,2,4,1,0,0,2,0,0,3,4,3,3,0,4,0,0,3,1,1,3,3,0,4,0,0,2,0,4,0,3,4,3,2,2,4,1,1,4,4,3,2,4,0,3,2,3,2,0,2,3,2,3,4,0,3,1,1,2
4,4,4,1,2,4,4,2,3,1,4,3,3,3,3,0,0,2,1,2,0,2,2,3,4,0,0,2,4,2,1,0,3,3,3,0,0,3,0,3,1,1,1,2,2,4,4,4,1,1,1,0,0,1,3,4,2,4,3,0,1,0,0,3,0,0,4,4,3,1,4,0,2,4,2,1,0,4,1,3,1,3,3,4,2,3,0,4,3,4,0,4,4,3,1,4,3,0,0,1,0,3,1,3,1,1,3,1,3,0,0,4,2,2,0,4,2,3,3,1,2,3,2,1,0,4,1,1,1,4,3,2,0,0,4,0,4,4,2,2,4,2,3,1,0,0,0,0,3,3,1,4,2,1,0,2,1,0,1,0,0,3
5,0,1,2,3,2,4,2,4,4,3,2,0,3,3,0,2,3,4,0,1,3,4,2,2,0,4,0,3,0,1,0,0,3,4,1,0,3,3,3,4,0,2,1,2,4,0,2,2,2,1,0,3,0,2,0,3,1,0,0,1,1,2,2,1,3,2,3,1,0,1,1,4,1,2,0,3,4,2,0,3,0,2,0,1,0,1,2,4,1,0,0,0,2,3,0,0,1,4,0,2,3,3,3,2,3,3,1,3,1,1,1,2,0,4,3,4,0,1,1,1,1,3,0,0,0,4,1,2,0,4,3,1,4,2,2,3,0,0,4,4,0,0,4,1,2,2,3,2,4,1,4,0,0,2,1,3,4,3,3,3,3
6,4,0,4,0,0,4,4,4,0,4,1,2,2,1,2,0,4,4,4,1,1,0,1,4,0,0,4,3,4,0,3,4,4,3,3,2,3,1,3,0,3,4,1,3,1,2,1,4,2,3,1,2,3,3,1,1,2,1,3,4,2,4,4,3,4,0,2,3,1,3,1,3,0,2,4,3,2,2,2,2,2,4,4,3,1,3,2,1,3,1,4,2,1,0,2,4,4,3,0,1,3,4,1,4,4,0,2,1,0,4,4,0,1,4,1,0,4,3,3,4,2,4,4,4,0,4,4,0,4,3,3,4,0,4,4,1,2,0,2,1,2,4,3,0,0,4,2,0,1,1,2,1,3,4,0,4,2,4,0,0,2
7,0,1,4,3,3,3,2,3,4,0,1,3,3,3,1,4,3,0,2,1,4,0,1,1,2,2,4,3,2,4,1,3,0,1,4,0,1,2,4,0,2,0,3,3,4,0,3,1,1,3,3,4,4,1,2,0,2,4,2,4,2,1,4,1,2,3,3,0,3,0,2,0,0,0,1,0,4,2,1,4,2,1,2,3,2,3,3,2,3,1,3,0,1,1,1,0,0,0,0,0,4,4,0,1,3,3,4,0,2,3,3,1,3,4,0,0,3,2,4,3,4,2,4,4,4,0,2,0,1,3,0,4,1,2,2,0,4,4,2,4,3,0,0,4,2,3,3,3,1,4,3,4,2,2,2,1,2,4,0,0,4
8,0,3,0,1,2,0,0,1,1,0,3,0,3,2,4,2,0,0,3,1,3,1,1,1,1,0,4,4,2,2,2,3,2,2,2,0,2,4,0,1,3,0,0,4,2,1,4,4,0,1,4,3,3,4,0,3,0,2,2,0,4,2,2,3,4,0,2,4,2,3,4,1,3,0,4,2,4,0,4,2,3,3,2,1,1,3,0,4,2,0,4,3,2,0,4,3,3,4,1,1,4,4,4,3,2,3,3,1,4,3,3,4,2,1,0,3,2,0,4,0,4,2,0,1,2,0,3,0,0,1,2,3,2,2,3,3,1,4,1,3,0,0,2,2,4,4,4,4,0,3,4,1,4,0,2,1,4,0,2,4,0
9,0,3,0,4,0,1,0,0,1,4,2,3,2,4,4,1,2,0,1,1,3,1,2,4,3,0,2,0,1,2,3,3,0,4,3,0,4,2,3,3,0,3,0,3,0,3,2,2,0,2,0,0,1,2,1,1,3,0,4,1,3,2,4,0,3,4,0,0,4,3,4,1,0,2,4,4,0,0,4,2,0,0,1,3,1,2,3,4,2,2,1,3,2,3,4,3,1,1,2,3,1,0,1,4,0,3,2,0,1,2,2,2,2,3,3,3,1,3,2,0,0,0,0,0,4,0,0,0,1,4,0,3,1,4,3,3,1,3,2,1,1,2,1,3,3,3,2,3,2,2,2,1,4,2,3,2,0,1,3,1,1
10,0,2,3,4,1,4,4,2,4,3,2,4,2,3,1,0,2,0,1,3,1,0,3,4,4,2,4,0,4,2,3,4,2,4,4,0,2,2,1,1,2,0,4,3,4,3,0,1,2,0,3,2,3,4,4,4,2,1,1,3,1,1,3,3,3,2,3,2,2,2,3,1,1,3,1,3,2,4,0,3,2,4,2,0,1,1,2,0,2,1,2,4,0,1,2,0,2,1,0,1,4,4,3,0,4,3,0,1,2,2,1,4,2,1,3,3,1,0,4,4,1,2,4,4,3,3,3,4,4,4,2,2,2,0,4,4,1,1,0,1,2,0,0,0,3,1,4,3,2,3,2,4,4,1,3,4,2,4,1,2,0
11,1,1,0,4,1,0,0,1,3,1,3,4,0,2,1,2,4,1,2,4,3,4,1,1,1,4,1,4,0,0,0,2,0,0,4,4,1,1,1,4,4,0,3,4,3,4,4,2,3,2,0,2,2,0,3,1,4,3,0,2,1,2,4,0,1,3,3,0,0,2,1,4,0,1,0,0,3,1,3,3,1,3,2,4,4,2,0,3,4,1,0,4,3,4,3,0,2,3,3,0,0,1,0,4,3,2,0,3,2,1,4,1,0,4,1,3,0,1,4,4,2,4,4,0,4,2,4,2,3,2,0,1,1,3,0,3,3,4,4,0,1,2,4,0,0,1,0,0,1,4,1,3,4,3,0,3,1,1,2,0,1
12,4,1,4,0,2,2,3,1,0,3,0,0,3,0,3,1,3,1,2,3,2,3,0,2,4,4,4,2,1,3,0,0,2,4,0,0,1,0,0,3,0,3,4,1,0,1,1,1,2,3,1,4,0,1,1,0,4,1,1,4,1,4,1,0,4,0,0,1,4,2,0,0,0,1,1,0,1,1,1,3,4,1,3,3,1,3,2,3,4,3,1,0,2,3,2,4,3,3,2,3,3,0,2,1,1,4,0,2,2,0,0,4,1,2,0,2,1,2,2,0,0,0,1,3,1,0,4,2,2,2,2,4,0,3,2,3,1,1,2,0,4,2,1,1,3,4,2,0,3,4,3,0,1,2,2,0,2,2,3,0,3
13,2,4,4,3,1,1,0,4,4,3,2,0,3,1,2,0,2,1,3,3,4,3,4,3,0,1,2,1,1,4,4,0,2,3,3,1,0,2,3,1,0,2,1,1,0,0,0,0,2,0,0,0,2,3,1,4,1,2,0,2,3,4,3,0,2,2,0,0,4,3,0,0,3,0,4,4,3,1,4,2,2,1,4,0,1,0,2,1,4,2,4,0,4,1,0,1,0,1,2,1,2,3,4,0,4,2,2,2,1,4,2,3,2,4,2,2,0,2,4,0,0,2,2,3,4,4,1,1,4,2,0,3,2,0,4,2,3,1,0,2,3,2,4,0,4,4,1,4,3,0,1,2,4,2,1,2,3,1,0,0,0
14,0,1,1,1,4,1,1,1,0,3,0,3,3,3,0,4,2,4,0,3,2,4,1,4,0,2,1,2,2,4,3,4,1,0,4,3,3,4,1,3,3,1,1,1,1,4,4,2,2,2,3,1,4,4,1,2,3,4,0,3,3,2,1,0,2,1,0,4,0,2,0,0,0,4,1,0,3,2,3,1,2,1,2,3,3,4,1,3,2,0,0,0,4,3,1,1,4,2,3,3,2,2,3,3,0,1,0,0,1,4,4,4,4,2,0,2,2,1,4,3,4,0,2,0,2,2,2,3,4,2,1,2,4,4,3,2,1,3,3,2,2,3,3,3,0,3,4,1,1,2,3,1,1,4,4,0,0,1,2,1,2
15,1,4,3,1,0,2,2,1,2,0,4,3,3,2,1,2,0,1,4,0,4,1,4,0,0,2,1,3,3,4,3,3,0,0,0,3,4,1,2,4,0,4,1,0,1,2,4,2,3,4,3,1,3,1,2,0,2,3,1,3,0,4,4,4,3,4,1,0,2,1,0,2,4,2,3,3,4,4,1,1,3,0,1,0,3,1,0,0,1,4,2,4,2,0,1,3,1,4,2,1,2,4,4,1,3,3,2,1,0,4,2,4,2,1,2,2,0,2,3,2,2,1,2,0,1,4,3,3,4,2,0,0,0,0,2,4,4,3,4,0,2,1,1,0,3,1,0,2,1,0,1,2,4,4,2,2,4,2,2,2,4
16,4,1,4,1,4,3,1,2,3,4,4,3,0,2,1,3,1,4,0,0,1,4,0,2,4,3,3,3,2,4,1,1,4,2,4,1,4,3,4,0,4,1,1,1,3,1,0,4,2,1,4,3,4,1,1,1,0,4,2,0,2,1,2,2,0,0,4,2,0,4,2,2,1,0,3,0,1,4,0,2,3,4,0,4,2,3,2,3,4,0,3,2,3,4,4,4,0,4,0,1,3,2,0,0,2,3,4,3,0,4,1,2,3,4,2,3,0,0,0,1,0,0,0,4,2,1,3,1,2,0,0,3,1,1,3,1,1,1,3,3,2,1,2,4,4,1,0,4,0,2,1,2,2,3,1,3,2,0,1,1,4
17,0,0,2,2,2,4,0,3,0,3,1,3,1,2,0,2,0,3,0,3,0,1,3,2,2,2,2,1,1,4,4,4,4,0,3,2,0,1,2,3,3,1,2,4,2,2,3,1,2,0,0,1,4,2,2,3,2,4,2,2,3,0,0,4,1,1,3,2,3,0,4,1,2,1,0,2,0,1,1,0,2,0,2,3,3,2,0,2,1,0,2,1,4,1,2,0,0,3,2,1,1,2,1,4,3,0,1,4,2,1,2,4,4,0,2,3,0,2,2,4,4,2,4,2,2,0,0,3,0,1,1,4,1,0,3,2,3,0,0,0,4,1,0,2,1,1,4,3,1,1,0,2,0,2,1,2,0,0,3,4,3
18,1,2,0,0,0,0,1,4,3,3,0,0,2,0,3,2,2,0,2,4,0,4,0,4,0,3,0,3,1,1,0,3,3,2,2,4,2,0,2,2,0,0,4,3,2,1,3,0,2,4,1,3,2,0,3,1,0,1,2,3,4,2,2,4,4,0,1,2,0,0,2,1,4,2,1,4,3,2,2,1,0,0,1,2,2,2,3,0,3,2,0,2,2,1,0,2,4,4,2,1,2,4,0,1,2,4,0,4,1,3,2,0,1,1,3,3,2,2,1,2,2,3,1,4,4,0,3,0,1,4,4,4,0,2,0,4,3,3,0,0,1,0,0,4,2,4,2,4,4,1,2,4,4,2,1,2,1,1,3,1,3
19,0,1,2,3,0,0,1,2,1,4,0,4,4,3,4,0,0,2,1,2,2,1,0,3,4,3,4,1,1,2,1,4,3,3,3,3,2,3,4,2,2,2,1,2,4,3,1,3,0,1,4,1,2,1,2,3,1,1,4,0,1,3,2,3,4,1,0,0,1,0,3,2,1,2,0,4,2,4,3,4,2,2,1,4,3,1,1,3,1,3,0,1,2,0,1,3,0,0,2,1,1,3,0,2,3,3,2,1,2,1,4,0,2,3,1,0,0,2,3,2,3,4,2,1,2,2,4,4,2,3,4,4,3,0,4,4,3,3,2,2,0,0,0,1,3,4,3,3,0,3,1,4,0,2,4,2,2,3,4,1,3
20,2,4,3,4,0,1,1,1,2,2,1,4,0,2,3,3,2,1,4,0,3,2,4,1,0,0,3,3,2,0,1,1,2,0,3,1,4,2,1,4,4,1,2,4,4,0,0,0,4,4,2,3,0,3,0,0,2,2,1,0,0,0,2,0,1,4,1,4,2,3,2,3,4,3,4,3,4,3,4,1,0,1,2,3,4,1,1,4,3,2,2,2,4,1,2,1,2,2,3,4,3,1,1,4,2,4,2,0,0,4,0,0,1,2,0,3,1,2,1,3,2,4,4,1,4,2,3,3,4,0,0,0,4,4,4,2,0,1,2,2,4,4,2,4,0,2,2,2,4,2,1,1,0,2,2,4,3,3,2,0,1
21,2,2,0,0,3,2,2,4,1,4,4,1,2,3,1,0,2,1,1,1,3,4,4,1,1,4,3,2,4,1,3,3,1,0,3,4,0,2,4,1,0,4,3,1,0,3,1,1,0,0,0,4,1,2,3,0,1,3,2,3,2,0,4,2,0,3,3,3,4,1,2,1,3,4,0,4,1,3,2,4,1,1,0,2,1,2,3,4,1,3,0,2,3,2,2,1,2,3,0,1,4,0,3,1,2,0,1,4,4,4,1,0,2,0,2,0,0,1,4,4,4,4,0,4,0,2,3,3,2,0,4,1,0,0,2,2,1,4,3,4,4,0,1,0,2,3,1,1,4,0,4,4,1,3,2,4,3,4,3,0,2
22,1,0,4,4,2,2,2,4,4,1,2,3,1,3,0,2,1,1,0,0,0,1,4,3,3,0,4,4,0,2,1,2,4,0,1,3,4,1,1,2,3,2,2,2,2,4,3,2,4,4,1,1,0,4,0,4,2,2,0,2,2,1,2,1,3,4,1,1,1,4,4,4,2,1,4,3,4,0,0,1,1,1,2,0,0,1,0,0,2,3,1,3,3,2,0,1,4,3,3,2,3,3,3,2,0,3,1,3,3,1,2,4,1,4,0,0,3,3,2,4,0,0,3,3,2,3,3,2,3,3,3,4,0,1,0,4,1,0,2,4,2,2,0,1,3,3,4,2,4,0,2,3,0,0,4,4,1,3,3,4,3
23,3,0,2,2,1,2,3,0,2,3,3,4,4,2,4,3,3,4,0,4,0,4,3,3,4,1,0,1,3,0,4,0,0,2,0,3,1,1,4,2,1,1,0,3,3,4,3,1,0,3,2,2,2,3,0,3,1,3,2,2,0,4,2,2,4,3,2,0,3,3,2,3,3,0,3,2,2,4,1,4,0,0,2,1,4,1,2,3,2,2,1,0,3,3,0,1,1,0,4,1,0,4,2,3,0,1,3,4,3,0,2,4,4,4,3,2,0,0,3,0,0,2,3,3,4,0,1,2,2,1,4,1,1,4,1,4,0,4,3,3,1,3,4,0,4,2,1,0,1,2,3,2,3,1,1,1,4,0,4,2,0
24,1,1,1,3,2,4,2,3,3,2,3,0,1,4,3,4,1,2,1,4,0,2,3,0,1,4,4,4,1,2,3,0,1,4,3,4,1,4,1,4,1,4,3,3,4,4,1,1,1,2,4,4,4,4,1,1,2,1,4,4,0,1,0,4,1,4,0,0,3,3,1,1,1,1,1,1,1,0,0,0,4,2,4,1,2,0,0,3,1,1,3,4,3,1,0,3,2,0,4,0,4,0,1,4,4,3,0,4,4,0,0,2,3,4,0,4,2,2,4,3,1,4,2,3,0,3,3,4,3,0,4,2,0,4,4,1,0,3,0,0,1,3,1,1,1,0,1,2,3,3,1,0,4,4,0,1,1,2,4,4,3
25,1,0,1,1,2,0,2,2,2,2,1,3,1,2,2,3,4,0,2,2,1,2,2,0,1,4,2,2,4,3,4,4,1,4,1,4,2,2,3,4,0,4,0,4,1,2,0,0,4,2,3,0,2,2,0,1,1,4,4,2,0,1,2,1,0,1,3,4,1,0,0,3,0,3,2,1,0,4,1,3,1,1,0,4,2,4,3,4,4,3,4,2,1,2,1,1,4,1,3,2,1,4,4,4,0,2,4,3,4,0,2,1,2,1,1,4,3,3,4,0,1,3,2,0,4,0,3,4,3,1,0,1,2,1,0,2,3,2,0,4,2,3,2,1,4,0,4,1,4,1,2,0,1,1,2,1,0,3,4,1,4
26,4,3,1,0,1,4,2,3,0,0,4,0,4,0,0,4,3,0,1,2,4,0,3,1,4,1,2,3,4,4,0,1,4,1,2,0,2,0,0,1,0,2,2,2,1,1,3,4,3,3,0,0,3,4,3,1,2,3,0,4,0,1,0,0,4,4,0,0,3,1,3,4,3,3,0,0,1,2,2,3,1,1,4,0,4,2,1,2,0,0,0,2,1,4,1,1,3,1,4,3,1,3,1,0,0,1,3,4,0,3,4,3,1,0,0,0,1,4,4,0,4,0,4,0,4,3,0,0,2,0,4,3,3,4,1,0,3,4,3,3,4,2,3,3,1,2,1,4,0,4,2,4,2,1,3,4,4,3,4,4,0
27,0,3,1,4,4,1,4,1,3,3,1,1,2,0,0,4,4,1,1,0,4,0,3,0,0,1,4,3,0,0,1,2,4,4,4,0,0,0,2,0,4,4,1,2,3,0,3,0,2,2,4,2,3,3,2,3,0,1,4,1,3,4,1,1,3,4,4,1,4,4,0,3,3,0,1,2,1,0,4,0,3,4,1,4,3,0,1,2,2,0,1,1,4,0,4,0,3,0,4,1,0,1,3,2,2,4,0,3,3,1,4,3,0,3,2,4,1,0,2,3,4,4,0,1,2,1,0,0,2,4,4,2,1,2,4,1,3,1,4,0,1,1,0,4,3,3,2,3,3,1,2,3,1,2,1,0,4,4,4,3,4
28,4,2,2,2,3,4,3,3,3,3,3,3,4,2,1,1,1,0,2,4,3,1,2,4,1,2,4,2,3,2,2,0,3,2,3,2,3,4,1,0,1,2,2,4,2,3,1,2,4,0,1,4,4,1,4,0,0,2,3,2,3,1,4,2,4,2,2,0,3,1,4,2,4,0,1,3,3,2,1,3,1,4,0,1,1,3,2,2,4,3,3,0,2,3,4,0,2,2,2,0,4,4,3,3,2,1,3,4,2,4,2,0,3,0,3,4,4,1,4,2,1,2,1,2,1,3,3,1,0,1,0,2,1,0,1,3,3,1,1,4,3,2,1,4,1,3,0,0,3,2,4,1,1,1,4,4,3,4,1,1,4
29,4,3,0,4,0,2,0,4,1,1,4,3,4,4,3,3,2,2,2,3,0,4,2,0,4,0,1,1,4,0,0,3,2,4,0,2,4,0,1,0,1,1,3,3,2,4,2,3,2,4,4,0,2,3,0,2,4,3,2,4,4,2,2,3,0,4,0,0,4,2,4,0,3,4,3,2,2,3,3,4,2,3,1,4,4,1,2,3,3,2,1,1,1,4,3,0,4,4,3,2,3,2,3,4,1,4,4,0,4,4,4,0,2,0,1,2,0,1,1,3,3,4,2,0,4,2,3,0,1,1,4,4,0,1,4,1,3,4,2,4,3,0,1,0,4,2,0,2,4,2,2,3,0,4,3,2,3,3,2,4,1
30,3,0,2,1,3,2,2,3,0,2,2,3,1,2,2,3,2,3,0,3,1,2,0,2,2,3,2,0,4,2,3,1,2,3,2,4,4,0,4,3,4,3,2,0,0,4,1,4,1,4,3,3,1,0,1,2,0,1,2,2,4,1,3,4,0,3,2,0,4,2,2,2,3,4,4,3,4,2,2,2,4,1,0,1,3,1,1,3,1,0,4,3,1,2,2,3,2,0,1,0,0,4,1,3,2,4,0,2,1,0,0,1,3,4,1,2,2,0,4,3,3,2,3,2,4,0,2,4,2,1,2,4,3,2,0,4,3,4,2,1,1,0,0,3,1,2,4,4,1,1,4,3,4,0,2,1,1,3,0,4,0
31,0,3,3,4,4,2,0,4,3,2,2,3,4,3,4,3,3,1,4,0,1,1,1,1,0,1,0,0,1,2,0,1,3,3,4,0,0,3,0,0,3,1,3,2,3,3,1,3,3,1,3,1,2,1,0,0,1,3,4,4,2,2,4,4,1,4,0,2,2,0,2,4,2,0,2,4,1,4,2,3,2,2,0,3,0,0,4,1,2,3,2,0,1,0,2,4,2,0,3,3,3,3,3,1,1,4,3,0,0,2,3,0,4,0,4,3,2,2,1,3,0,2,4,4,0,0,3,0,0,0,2,3,0,0,4,2,0,2,3,3,1,4,1,2,4,0,4,4,3,1,3,3,1,3,4,2,0,0,3,1,4
32,3,4,4,0,2,2,1,2,3,0,0,4,3,3,4,4,0,3,2,2,0,2,2,3,3,1,3,1,3,4,3,1,2,3,2,2,3,3,4,1,3,2,2,3,1,2,4,2,1,0,4,4,0,4,4,4,2,2,3,3,2,4,1,0,3,4,3,1,4,2,1,3,4,4,0,0,0,2,4,4,3,2,0,4,0,1,2,0,2,4,1,3,1,2,1,4,2,2,4,0,3,1,3,3,4,0,3,2,0,4,3,4,1,4,2,4,0,1,2,1,2,1,3,4,0,0,3,1,4,3,1,4,1,0,4,0,0,4,3,1,4,0,1,4,3,4,4,2,1,4,0,0,2,0,4,1,2,2,3,3,1
33,1,2,4,4,3,1,1,4,3,4,4,2,1,2,2,4,3,4,3,1,0,1,4,3,0,3,3,0,0,1,2,0,2,2,2,2,0,3,0,0,4,4,1,2,2,4,3,1,3,4,3,2,4,3,1,1,0,4,4,4,2,2,4,3,2,4,2,0,1,0,4,1,3,4,3,3,2,2,1,1,2,1,0,4,0,4,2,0,3,0,1,0,2,2,1,4,1,4,2,2,4,0,0,1,2,0,2,1,3,2,3,2,4,3,4,4,1,1,0,3,0,3,1,1,1,3,1,0,4,3,4,0,2,1,0,2,3,0,3,4,4,3,4,4,1,3,3,2,1,0,1,0,3,1,2,4,0,4,3,3,3
34,4,3,3,4,3,0,1,0,3,3,3,3,4,1,4,4,3,0,0,2,1,2,4,2,2,2,1,0,0,2,1,0,3,0,0,1,1,0,3,3,2,2,0,0,0,3,4,2,2,4,0,2,3,4,3,0,2,3,4,0,2,2,0,0,0,3,1,2,3,4,2,1,4,2,1,0,1,2,1,2,2,1,1,4,4,3,2,4,3,2,3,4,3,1,3,0,0,3,0,3,3,3,0,2,3,3,1,1,4,0,2,3,3,0,4,4,1,0,4,4,2,1,1,1,4,3,4,4,0,1,1,2,1,4,0,2,4,4,2,4,4,0,0,0,1,2,0,4,1,2,0,0,2,0,2,2,4,2,3,0,4
35,1,3,2,1,1,1,1,4,4,1,3,0,0,4,3,3,2,4,3,3,0,3,3,1,0,0,1,0,2,2,4,0,0,2,4,4,2,2,1,4,4,1,2,1,1,3,4,2,3,3,3,2,1,2,4,4,1,2,1,1,2,4,2,4,0,0,0,3,4,4,2,4,2,3,2,0,2,2,2,4,1,1,1,4,0,1,1,3,3,0,2,2,3,3,0,0,4,2,4,1,0,2,2,4,3,3,0,3,1,2,3,0,1,4,4,1,0,4,2,2,0,0,2,0,1,0,2,3,0,4,1,1,1,4,4,1,1,1,0,4,2,0,2,0,0,2,1,2,3,4,3,0,2,1,1,3,3,0,4,0,1
36,2,3,1,0,4,2,4,0,0,1,2,0,1,0,1,4,1,4,3,0,3,2,3,1,1,2,2,0,1,2,3,1,2,0,4,1,1,1,1,4,4,0,1,2,3,1,4,0,1,0,2,2,2,2,3,0,1,3,1,4,3,3,4,3,0,2,1,4,2,3,0,3,4,3,0,3,3,3,3,0,1,2,4,1,0,4,4,3,2,2,0,1,3,2,3,1,4,1,4,1,3,1,2,2,0,2,2,4,3,3,4,2,1,4,3,0,3,1,3,4,0,3,4,4,4,0,4,0,1,1,1,4,0,1,2,1,4,2,3,2,3,2,0,2,1,3,3,1,0,2,0,1,2,1,3,3,3,4,4,3,4
37,4,1,2,3,4,1,1,2,1,0,0,3,2,0,2,3,1,1,1,0,2,0,4,2,3,0,1,1,1,0,0,1,1,1,4,0,1,3,1,0,3,0,0,0,2,3,4,4,2,0,4,3,1,3,0,3,0,3,2,3,4,1,2,3,0,2,4,1,1,3,4,4,1,1,4,1,0,1,0,1,2,2,2,0,0,3,3,1,0,2,2,2,1,0,1,4,4,3,0,2,0,3,2,1,2,4,1,2,1,4,4,0,4,4,4,3,4,0,1,3,1,1,0,3,2,4,1,1,0,0,0,3,4,3,0,0,1,3,3,4,3,4,2,4,0,2,1,1,1,0,1,4,0,3,0,0,3,4,2,3,0
38,1,3,3,2,0,1,1,2,1,4,3,3,1,1,1,3,1,4,4,3,0,0,0,4,2,0,2,3,4,0,4,3,4,1,0,4,4,4,3,0,0,1,1,4,0,0,4,2,0,4,4,2,1,4,0,1,1,1,4,0,2,3,3,1,3,3,4,2,3,2,3,1,1,2,2,2,2,0,1,3,0,2,3,1,2,4,2,3,1,2,1,0,4,0,4,0,1,1,0,3,0,2,3,1,0,3,2,4,1,3,3,3,0,1,1,0,0,0,2,3,2,1,0,3,4,3,4,3,0,4,4,1,3,2,2,1,1,1,0,0,0,0,1,1,0,0,4,3,4,3,0,0,0,4,1,3,4,0,1,4,3
39,0,3,0,0,2,3,1,0,1,4,0,0,0,1,2,3,0,3,3,3,1,3,4,1,1,4,2,2,0,2,0,3,0,2,0,1,2,0,2,4,2,4,0,4,2,1,4,2,1,3,4,4,0,3,0,0,2,0,4,0,1,4,2,0,1,1,4,0,1,0,4,3,1,2,0,4,4,2,3,0,3,4,1,3,1,2,4,1,0,4,2,0,4,3,4,0,1,1,4,4,2,3,2,2,1,1,0,2,0,4,0,1,2,1,4,3,2,1,3,4,3,1,1,4,4,3,3,1,4,0,4,2,2,4,3,2,1,1,1,4,2,3,1,3,1,4,1,4,2,2,3,1,2,0,0,3,2,4,0,2,4
40,1,2,1,0,1,0,3,3,0,4,3,4,4,4,2,2,4,0,3,1,2,2,1,4,1,4,2,1,0,3,3,3,1,4,2,3,1,3,4,0,0,2,0,0,1,1,2,2,1,0,4,0,0,4,2,1,2,2,2,1,2,2,3,0,3,1,4,4,3,3,3,0,1,2,3,0,4,4,4,3,4,4,4,2,4,0,3,2,2,3,4,4,1,4,0,4,3,4,3,2,1,2,3,1,2,4,4,1,2,0,0,0,2,2,2,3,0,0,0,3,3,2,0,0,4,4,4,3,2,1,0,4,0,0,0,2,0,2,1,1,3,0,4,3,3,1,4,0,0,1,2,1,4,2,4,0,2,4,0,4,2
41,0,4,3,2,2,2,0,2,4,3,4,4,2,3,3,3,3,1,3,2,3,4,1,4,2,2,3,2,1,4,2,2,1,0,0,1,2,1,1,0,3,2,4,1,0,3,2,1,0,1,4,2,2,2,2,0,4,1,0,3,2,2,1,2,2,1,4,0,4,1,2,2,4,3,0,2,1,4,0,3,2,4,2,4,3,1,1,0,2,2,2,1,0,1,4,2,4,3,4,4,4,1,4,2,0,3,2,0,2,4,3,2,3,1,1,4,4,1,2,0,0,1,0,2,0,0,1,3,3,2,3,4,1,3,0,3,1,0,0,1,2,2,1,1,1,0,0,1,0,4,1,0,2,1,1,1,3,1,2,0,1
42,4,0,2,3,2,3,0,3,0,2,2,3,4,2,3,1,0,1,1,1,3,2,1,3,2,0,2,2,1,3,4,0,3,1,3,4,0,2,0,4,0,0,1,2,4,1,0,0,3,1,4,4,4,4,0,0,1,2,4,0,1,4,2,4,3,4,3,2,3,2,1,3,4,4,1,0,2,0,0,1,1,3,3,3,3,3,4,1,2,2,2,2,2,4,1,3,3,3,1,1,4,4,3,1,3,4,3,4,0,2,0,3,3,1,2,4,3,4,4,4,0,4,1,0,0,3,2,2,3,2,4,1,4,2,2,1,0,0,1,0,2,0,2,3,4,0,3,0,3,1,3,2,1,1,2,0,1,0,4,3,3
43,2,2,3,4,2,4,2,1,0,3,0,3,2,0,4,2,1,0,0,1,3,2,1,4,2,1,1,0,0,0,2,3,2,0,0,2,1,1,0,0,3,1,3,0,0,3,3,0,4,0,1,0,2,0,4,1,0,3,1,1,4,3,2,0,2,3,1,4,4,1,4,2,1,0,0,3,1,2,1,1,2,4,2,1,1,1,1,3,4,1,3,1,4,4,2,3,4,0,1,4,3,3,3,2,1,0,3,1,3,3,0,1,3,2,3,1,4,3,2,2,3,1,3,2,3,2,4,3,0,3,2,1,2,4,1,0,0,4,4,4,4,3,2,3,1,0,0,1,0,4,4,4,1,2,1,2,0,0,0,2,0
44,1,2,4,2,1,1,1,0,4,4,3,1,0,2,0,1,0,1,2,2,4,3,0,3,0,4,4,2,2,2,0,3,3,2,4,3,4,2,0,1,3,2,2,3,1,0,3,0,2,3,0,4,4,4,0,4,2,0,2,1,0,4,4,1,3,1,4,4,3,1,2,1,2,4,4,1,4,3,0,2,4,2,1,3,2,4,0,3,1,4,3,4,1,1,0,3,0,0,0,2,1,0,2,2,2,0,2,0,3,1,4,0,1,0,3,1,1,2,0,0,4,2,2,4,2,2,3,1,4,3,3,3,2,4,2,2,3,0,4,4,3,3,1,3,2,3,4,0,0,2,0,3,0,3,1,4,2,1,0,2,3
45,1,4,4,1,1,1,0,4,4,0,2,4,2,2,2,4,3,2,3,0,3,3,1,2,4,1,3,0,4,0,3,0,1,0,1,2,4,0,1,3,3,1,4,2,2,4,0,1,2,4,2,2,0,2,1,4,0,0,4,1,2,2,1,3,4,1,2,4,4,2,1,3,4,4,4,1,4,2,2,0,4,3,0,4,4,1,1,2,0,0,0,2,3,3,3,0,4,0,4,1,2,3,0,0,1,4,3,2,4,4,3,2,3,3,0,2,4,3,1,2,1,4,2,0,2,4,0,4,2,4,2,0,2,4,4,4,1,1,1,3,2,1,4,4,1,1,4,1,3,3,3,0,3,4,0,4,4,1,2,3,2
46,2,1,2,3,0,4,3,1,0,1,3,4,2,2,1,0,4,1,4,1,0,3,2,4,4,0,4,3,3,0,1,1,4,4,0,3,0,1,3,4,1,2,1,3,3,0,3,2,2,3,4,3,4,3,1,3,1,4,3,4,2,0,4,1,0,3,1,0,0,4,3,3,3,4,4,3,0,3,4,3,4,3,0,0,4,4,1,2,1,4,4,3,1,2,1,0,0,1,1,4,3,0,2,3,1,0,1,0,2,3,2,2,3,3,2,1,3,2,2,2,1,4,4,3,4,0,3,3,2,0,4,3,0,1,1,2,0,3,1,1,4,4,0,4,0,3,3,3,4,4,2,1,3,4,1,3,3,1,1,4,1
47,1,4,3,1,2,0,1,1,0,2,3,2,0,1,3,2,2,3,2,0,3,0,3,0,1,1,2,3,3,0,2,2,3,1,3,3,4,0,0,4,2,0,2,1,2,0,2,1,4,0,1,3,4,4,0,1,3,1,2,0,2,2,4,4,2,1,0,0,1,2,0,4,3,4,1,3,0,0,3,0,3,2,1,4,3,3,2,4,2,2,1,0,4,2,0,0,0,0,1,1,2,0,2,3,1,1,4,3,1,0,0,0,2,1,2,1,4,2,1,4,1,3,2,0,4,4,0,4,0,0,1,2,3,4,1,3,3,4,4,1,4,3,4,1,1,1,4,2,1,2,0,1,2,2,3,2,3,2,2,0,2
48,4,4,4,0,2,0,2,3,0,4,4,4,2,2,0,1,2,1,1,2,0,1,0,0,2,1,0,1,0,2,0,2,2,1,1,1,3,1,1,0,3,3,0,1,4,2,3,0,4,2,4,1,0,2,2,1,1,1,0,3,4,0,0,4,2,4,1,2,0,4,0,0,4,0,3,3,0,2,2,2,2,3,2,4,2,4,3,4,4,0,4,0,2,4,4,1,2,4,4,1,0,2,1,2,2,0,0,3,1,1,2,3,3,2,0,3,1,0,4,3,2,1,3,2,1,3,1,4,1,2,3,2,4,0,1,2,3,3,0,3,4,0,4,1,4,1,4,0,1,4,4,3,4,3,4,2,3,0,0,1,0
49,1,0,3,2,1,2,4,4,2,3,2,2,2,1,1,2,3,4,4,4,0,3,1,4,1,1,1,1,2,1,0,1,4,1,4,1,3,2,4,0,1,4,2,1,2,0,4,0,2,3,3,4,1,0,3,3,1,0,2,3,4,4,2,1,1,3,3,3,2,2,3,1,0,3,1,1,4,0,3,0,3,0,0,1,0,0,3,1,0,1,1,2,3,2,1,0,3,4,3,2,3,0,3,4,2,2,1,2,4,4,2,3,4,2,2,3,2,0,1,4,3,3,1,0,1,2,3,2,3,3,2,1,4,4,1,0,1,1,1,4,3,0,0,0,2,1,3,3,2,4,2,2,1,4,2,3,1,4,3,0,1
50,3,2,2,1,4,2,3,0,4,1,2,4,0,4,4,1,0,0,4,2,4,3,2,1,0,2,1,4,1,3,1,2,0,2,2,0,3,2,0,0,2,0,4,2,3,4,3,2,1,0,4,2,0,1,3,2,2,1,3,2,0,1,2,3,4,2,3,1,3,3,1,4,0,4,0,0,0,2,4,3,2,1,1,0,2,2,1,3,4,4,0,0,0,1,1,4,0,2,3,1,0,0,1,4,4,4,4,2,0,4,4,3,3,0,1,4,2,3,4,1,2,3,1,1,2,2,3,2,4,2,1,2,3,4,2,4,2,4,2,2,0,1,3,3,0,2,1,4,0,3,3,3,2,4,4,4,2,3,3,2,1
51,2,2,3,4,3,1,0,0,2,0,4,3,1,1,1,3,4,1,0,4,4,4,1,4,1,0,0,0,0,4,4,1,0,2,0,3,2,3,2,1,4,1,2,0,1,2,0,4,2,3,3,3,0,0,1,0,2,3,4,3,2,4,1,0,2,0,1,4,2,4,2,1,1,1,0,3,4,2,4,3,0,0,3,2,3,0,0,4,2,2,0,3,0,4,3,0,2,4,0,0,1,3,1,2,3,4,3,0,0,0,3,0,0,1,0,1,2,3,1,3,3,4,1,0,4,1,1,2,0,2,3,0,2,2,0,1,3,4,4,4,3,0,0,0,4,1,2,4,3,0,2,0,0,0,1,2,4,1,3,3,4
52,2,4,1,2,3,2,2,2,4,0,1,2,2,4,1,1,3,1,1,2,0,2,4,1,0,2,3,4,4,4,2,0,0,1,0,3,4,2,4,4,3,4,4,3,3,0,4,1,1,1,3,4,0,4,1,2,1,3,4,3,0,4,4,4,2,4,2,4,1,0,4,3,1,3,3,2,0,3,1,0,1,3,0,4,3,3,2,1,4,0,3,3,4,3,1,0,4,4,2,0,4,3,0,1,4,1,4,3,2,3,1,0,1,2,4,4,1,0,4,4,2,2,0,4,3,1,4,1,4,2,0,3,2,0,2,1,4,2,0,4,1,1,3,4,1,2,1,1,1,3,0,1,0,4,0,4,3,4,4,2,3
53,1,3,2,4,3,2,1,4,3,3,4,3,4,2,4,1,4,3,4,4,4,1,1,3,3,4,0,2,4,2,1,3,0,3,1,4,1,0,4,4,0,3,4,3,2,0,2,4,0,4,0,3,1,1,0,2,0,3,2,0,0,4,3,3,1,4,2,1,3,0,4,3,3,4,3,1,4,3,3,4,0,2,4,0,3,1,3,3,0,4,2,2,4,4,1,4,1,4,1,4,4,2,3,3,1,0,2,4,2,0,2,0,0,0,0,0,4,2,3,3,4,1,0,2,0,0,3,0,2,2,3,4,3,3,0,1,4,4,4,0,3,0,2,1,1,0,3,4,2,2,1,3,4,1,3,4,0,3,2,3,3
54,3,4,4,0,0,4,4,1,3,3,2,4,4,0,0,3,3,4,3,4,2,2,1,0,1,2,3,0,0,1,0,2,3,1,3,1,4,0,4,0,4,3,2,1,0,1,2,4,3,1,4,0,1,1,0,2,4,1,4,3,4,4,0,4,2,4,3,4,0,3,0,2,2,0,2,0,1,4,1,2,0,0,0,0,4,3,1,2,0,1,3,1,2,0,2,0,3,2,1,3,2,0,3,0,4,1,0,2,4,3,2,3,4,2,0,2,1,0,1,2,2,3,2,0,1,4,1,3,4,4,2,3,3,2,0,2,3,4,0,3,3,2,1,3,1,0,4,1,1,1,1,1,0,3,4,3,0,0,1,0,0
55,1,0,0,0,2,3,2,3,1,1,3,3,4,3,3,1,1,0,0,1,0,2,2,0,0,3,3,2,2,3,3,3,0,1,2,4,3,0,2,3,0,2,2,4,4,2,0,3,3,2,3,4,3,1,4,4,2,2,3,3,2,0,3,0,4,1,0,3,2,2,1,1,4,0,1,4,4,4,3,1,2,4,2,3,0,3,3,1,4,3,4,2,0,0,2,1,2,2,1,1,3,4,0,1,1,3,3,4,1,1,3,2,4,1,0,0,3,0,3,2,3,1,0,1,0,0,3,4,0,0,4,1,0,3,4,4,0,1,1,2,2,3,0,1,2,0,0,1,0,4,2,3,2,0,4,2,1,4,2,0,1
56,0,0,1,4,2,4,1,2,1,3,3,4,1,2,4,3,3,3,4,2,3,4,4,0,0,2,3,0,2,0,3,4,3,0,3,4,1,4,0,4,2,3,1,1,3,3,2,4,1,0,3,3,1,3,1,0,0,1,3,2,2,4,2,3,2,4,0,1,2,1,1,0,4,3,3,3,4,4,4,2,1,4,4,2,1,3,0,4,4,0,4,4,4,0,2,2,0,2,3,3,0,1,4,1,4,2,2,3,1,0,4,2,4,0,4,3,0,0,4,4,2,4,0,4,2,1,3,0,2,3,4,4,1,4,3,2,1,3,2,3,4,3,1,3,0,4,3,2,4,2,1,0,3,4,3,3,4,0,0,1,4
57,4,2,2,2,0,1,1,3,1,2,4,3,0,1,4,2,0,0,1,4,2,2,2,2,1,1,4,3,1,2,4,2,1,4,2,3,0,0,2,0,3,3,2,3,0,2,0,3,3,4,1,1,2,0,1,2,3,1,0,4,4,1,4,2,0,3,0,3,4,2,3,4,3,1,0,2,4,2,0,3,3,2,3,3,3,1,4,4,0,3,2,3,0,3,1,0,4,4,1,4,1,4,4,3,0,4,0,0,4,0,1,2,1,4,1,2,1,0,4,0,0,4,4,3,2,0,0,4,4,1,0,0,4,0,2,3,4,4,0,3,3,4,4,4,2,0,2,4,3,0,0,4,4,4,4,4,4,0,2,3,4
58,3,0,3,0,1,2,1,0,1,0,1,0,2,2,2,0,3,1,1,1,1,2,3,1,3,0,0,1,4,2,1,2,1,2,4,4,0,1,4,4,1,1,0,4,2,1,1,1,1,4,2,0,3,4,4,3,3,1,2,4,4,0,3,3,4,3,1,0,4,0,1,0,3,4,0,2,4,0,4,0,0,3,0,2,3,2,2,1,2,0,4,3,3,3,4,2,1,0,3,0,2,1,3,2,1,3,2,0,4,3,1,1,4,4,2,4,3,4,3,0,4,0,1,4,1,0,1,0,2,0,2,1,0,2,0,3,3,1,3,4,2,4,3,1,4,1,0,4,0,4,2,1,0,3,4,0,4,4,4,0,0
59,4,3,1,4,3,1,4,1,4,0,4,4,4,4,3,2,3,3,0,4,3,1,4,0,0,1,0,4,2,2,3,0,4,1,1,4,4,1,0,3,3,3,4,1,1,1,1,1,2,4,4,2,3,0,4,4,2,4,4,3,2,4,1,2,3,0,4,1,1,0,2,3,4,4,4,1,2,0,2,3,3,0,1,0,3,1,2,3,1,1,4,2,1,0,2,2,3,2,2,4,2,1,0,4,4,4,4,3,4,3,3,2,0,2,3,2,1,4,4,3,2,1,1,1,3,2,1,1,2,2,4,0,0,1,2,4,3,0,0,2,3,0,4,0,2,2,3,0,3,0,1,0,2,2,1,0,0,2,1,2,1
60,2,4,0,3,4,2,1,3,1,1,0,2,0,1,0,4,1,1,4,1,3,3,2,2,0,0,4,4,1,2,2,2,2,0,3,4,4,2,2,0,0,4,2,2,4,0,4,0,0,0,2,4,0,3,0,0,0,1,3,2,4,4,4,2,0,3,4,1,1,3,4,0,4,0,4,1,2,3,0,2,0,3,2,2,3,3,0,2,3,0,4,3,2,4,3,1,2,2,0,1,3,1,3,0,4,1,2,3,1,3,1,2,3,3,4,0,1,2,4,4,0,2,1,3,0,3,4,3,1,1,3,3,0,1,3,2,0,0,0,0,3,4,2,4,4,3,0,0,3,3,1,0,2,1,4,0,3,3,3,0,2
61,3,0,4,1,0,0,3,1,1,3,2,0,3,2,3,4,2,2,1,0,3,3,0,0,1,0,4,1,2,0,2,1,4,4,0,4,3,1,4,1,1,3,0,1,3,4,2,0,2,3,1,3,0,0,4,3,0,3,4,4,3,0,1,1,4,0,4,4,4,4,3,3,0,0,2,1,3,0,4,3,1,3,1,2,0,1,2,3,0,1,1,0,3,3,4,3,0,2,0,1,4,4,2,1,3,3,3,0,3,1,4,0,3,1,2,1,4,1,1,0,4,3,4,2,4,0,3,4,3,0,1,2,4,3,4,0,1,0,3,4,3,0,4,3,4,2,0,0,2,1,3,1,4,3,3,3,2,0,2,2,2
62,1,2,0,3,1,2,2,3,3,1,0,1,3,0,2,2,4,3,4,1,1,0,3,0,0,1,1,3,1,3,4,2,4,1,2,2,0,2,3,1,1,0,0,1,0,2,2,3,0,1,4,1,4,4,3,4,2,2,3,1,1,1,1,2,2,3,3,3,1,1,2,2,0,0,1,2,1,4,0,3,1,4,3,4,2,2,2,3,3,2,3,2,1,2,0,1,2,0,2,1,2,3,2,1,4,2,3,1,0,4,2,1,3,3,1,3,4,0,3,3,0,4,4,4,3,3,4,3,2,3,4,1,4,1,3,3,1,4,0,0,4,3,1,1,4,4,2,1,2,3,1,4,4,3,0,2,4,1,1,1,3
63,0,2,1,1,4,0,4,3,3,2,3,2,4,1,1,0,3,0,0,1,3,1,0,3,1,2,2,4,4,3,4,3,0,2,3,0,2,1,0,1,4,3,2,4,0,4,1,1,3,4,2,1,0,4,2,2,2,2,1,3,4,1,3,2,0,2,3,3,0,1,0,2,4,1,4,4,1,2,3,2,3,3,1,1,0,4,4,4,4,0,3,0,1,2,3,3,0,1,1,3,0,4,3,4,2,1,3,2,4,3,2,3,2,2,4,1,0,2,1,0,4,3,1,3,3,0,1,2,0,1,2,3,4,4,0,2,2,4,2,1,1,4,3,3,3,4,0,2,1,1,0,2,3,1,3,3,4,4,2,1,4
64,2,0,3,1,1,2,4,3,3,1,1,3,0,2,0,4,0,0,4,2,3,0,2,4,2,0,3,4,4,0,2,3,4,0,0,1,1,2,0,2,2,3,1,2,3,3,1,1,0,2,3,0,2,2,0,3,0,2,0,0,2,1,3,2,1,0,1,2,2,0,2,4,1,4,4,1,2,1,0,4,4,2,1,3,2,2,2,1,2,0,0,4,4,1,3,4,4,4,4,2,4,1,2,2,1,3,4,0,3,4,0,2,2,2,4,1,2,2,2,4,0,3,2,3,1,1,1,2,3,0,4,3,4,3,2,0,2,1,0,3,2,4,2,2,3,3,1,0,2,4,3,3,1,0,1,3,4,1,2,3,3
65,1,4,1,4,3,1,0,1,1,0,0,2,0,4,2,4,2,2,4,3,3,1,3,1,3,1,1,0,1,4,4,1,4,3,4,0,4,3,3,1,2,3,1,1,4,4,1,0,1,4,3,0,2,3,4,3,3,4,3,1,0,4,0,1,4,1,2,2,2,0,2,2,1,3,3,2,3,2,2,0,4,3,2,3,0,0,2,3,3,3,0,1,1,3,3,4,2,0,4,3,1,1,4,1,1,2,3,4,0,0,3,0,1,2,4,4,1,3,2,0,4,4,3,2,0,4,4,0,2,2,2,4,1,4,3,3,4,4,0,2,0,3,3,1,2,2,3,0,4,2,4,3,1,3,4,3,2,4,4,1,2
66,0,1,2,0,4,1,4,4,4,2,0,2,4,1,4,0,2,0,2,0,0,2,2,2,3,0,3,3,4,3,3,2,2,1,0,3,3,0,2,2,0,0,2,0,2,0,2,1,2,2,3,2,0,4,0,3,0,1,4,4,3,4,2,3,1,4,4,3,4,4,1,1,3,4,0,3,1,0,4,3,3,1,2,2,2,3,1,1,2,0,2,3,0,1,4,0,1,0,2,0,0,0,3,3,2,4,3,4,3,1,1,0,4,0,0,3,3,0,3,1,1,4,1,0,2,3,0,3,4,0,0,0,4,0,3,2,0,4,4,0,4,1,4,2,1,3,1,2,1,0,4,0,0,0,1,3,4,1,0,2,2
67,0,3,4,1,3,2,0,1,3,3,3,1,4,1,0,1,3,4,4,0,0,2,2,2,1,4,0,2,0,2,1,1,3,0,3,1,1,0,3,3,3,0,0,0,4,1,4,4,1,2,2,2,0,0,3,3,4,3,0,4,3,3,2,0,4,1,3,0,4,0,0,4,2,2,3,2,3,3,4,0,1,1,2,4,1,0,3,3,4,2,0,2,2,4,3,2,2,0,3,2,1,1,3,3,4,2,1,1,3,3,0,0,3,0,3,3,4,0,2,2,4,2,2,4,1,4,4,0,2,2,1,4,3,1,1,2,2,2,2,1,4,2,0,1,3,3,4,1,1,1,0,0,2,3,0,3,1,0,3,0,1
68,1,1,2,3,2,4,4,0,0,0,2,1,0,0,4,1,2,1,4,2,3,0,2,4,1,2,4,2,0,1,1,2,4,0,0,2,3,2,0,1,2,2,1,2,4,1,1,1,0,2,3,2,2,0,4,4,0,0,0,2,0,3,1,4,3,4,2,2,0,4,2,2,4,2,0,2,3,3,0,3,2,3,3,2,4,0,4,4,3,1,4,2,2,2,1,1,0,1,0,2,1,3,3,3,1,1,1,3,2,4,2,1,4,4,2,3,0,3,3,4,1,1,4,3,2,0,3,3,0,2,0,4,0,0,3,3,1,0,4,1,0,3,4,2,1,3,2,0,4,3,3,4,3,3,0,1,2,4,2,4,4
69,3,0,4,2,1,2,0,1,3,2,2,4,4,1,3,4,2,1,4,4,0,1,1,3,4,1,3,4,2,0,3,0,2,1,4,1,0,1,1,3,3,2,3,3,3,3,2,3,3,0,3,2,2,1,3,4,1,2,1,4,0,4,1,3,0,4,3,4,2,3,2,0,0,0,0,2,2,1,1,2,0,1,3,2,3,0,2,1,1,3,2,0,4,4,0,1,4,0,3,1,0,3,2,4,4,4,0,2,0,0,2,3,1,4,2,3,2,1,2,2,3,4,4,3,3,0,0,1,0,0,2,2,3,4,1,0,2,4,0,4,2,3,0,0,1,0,2,4,4,3,3,2,4,3,3,1,1,2,2,2,2
70,4,0,2,1,0,0,4,3,0,4,4,4,2,3,2,1,3,2,3,1,2,3,1,4,3,1,4,1,0,1,2,2,2,2,0,0,0,4,3,2,3,2,2,2,0,4,2,2,2,1,2,0,0,3,0,3,4,1,0,2,4,2,3,3,1,4,3,2,0,0,4,4,3,0,1,1,1,1,3,2,1,3,1,1,2,1,3,3,0,4,1,1,3,1,3,0,1,0,0,4,3,0,3,4,3,4,1,4,4,4,2,0,3,3,2,1,0,0,0,0,2,3,1,1,1,2,2,4,2,0,3,1,2,3,0,2,2,3,0,2,3,0,2,2,1,4,0,3,1,2,3,1,1,4,1,0,4,4,2,2,0
71,3,0,4,2,0,2,0,0,1,0,2,0,3,1,0,3,2,3,1,2,0,0,3,0,2,2,0,3,0,4,0,1,0,4,1,3,1,2,4,2,2,1,1,2,3,0,0,4,1,0,3,4,1,0,2,3,3,1,3,1,3,0,1,3,0,0,0,1,1,3,2,2,4,2,2,3,1,2,4,3,0,0,4,1,0,1,2,2,2,0,0,1,1,4,2,3,3,2,4,1,0,4,4,2,1,3,3,3,4,0,1,0,3,0,4,2,0,0,0,3,0,1,4,1,1,3,0,4,4,4,0,4,4,2,2,4,1,0,1,1,0,0,3,3,3,4,4,4,3,0,4,0,3,0,4,0,3,4,4,3,1
72,2,3,0,1,3,2,4,2,2,3,4,4,2,3,4,4,0,2,1,2,3,4,4,0,4,4,1,2,4,3,1,1,0,3,1,2,3,2,0,0,4,2,2,0,2,3,4,4,3,1,2,1,1,2,0,2,0,3,0,1,1,1,0,1,4,2,1,0,1,0,2,0,2,1,4,1,2,3,3,3,1,0,4,4,1,2,1,3,2,4,1,0,0,4,2,3,0,0,1,4,0,1,2,0,4,1,2,1,3,4,4,0,1,2,0,4,1,2,4,2,1,2,0,0,1,4,3,3,3,4,0,0,0,1,0,0,0,3,2,0,2,0,3,3,2,3,1,4,4,0,3,4,2,2,2,0,4,4,4,2,2
73,0,1,4,0,2,1,3,1,0,1,2,1,2,1,0,3,4,1,3,1,3,2,3,4,3,4,4,3,4,4,2,0,2,0,0,2,4,2,4,2,2,1,3,2,3,4,1,1,0,3,1,4,0,1,4,3,4,4,4,2,1,4,0,2,4,4,1,2,4,4,3,0,0,1,2,4,2,1,3,1,0,3,4,1,2,2,0,0,0,0,4,3,0,1,4,3,4,2,4,4,2,2,2,4,2,0,1,1,2,3,4,1,0,3,3,0,4,4,2,0,0,0,2,1,4,2,2,2,0,2,1,3,2,1,0,3,4,4,0,0,4,0,4,0,4,1,0,4,0,4,4,3,0,1,2,2,0,4,4,1,0
74,2,1,0,0,0,3,1,0,1,2,0,4,0,0,1,1,3,0,2,1,3,4,4,3,4,0,1,2,4,0,1,0,0,1,4,4,0,3,4,0,2,2,3,0,2,4,0,3,3,4,2,2,3,1,3,3,0,4,0,3,0,2,3,2,2,4,2,0,0,1,4,1,2,3,0,3,1,1,0,1,3,1,3,2,4,0,1,0,1,2,3,0,2,2,4,2,4,2,3,2,3,1,2,2,1,4,3,1,1,0,1,4,4,4,3,3,2,1,4,1,2,2,4,1,2,0,3,1,4,2,2,2,3,1,2,3,0,1,4,1,2,4,1,4,1,0,0,0,1,4,0,3,3,0,0,2,3,3,0,2,4
75,2,2,3,0,0,0,2,2,1,4,1,4,1,1,1,1,2,4,1,1,0,2,3,0,3,1,4,3,3,3,4,0,2,4,0,1,0,3,0,0,1,1,0,4,1,3,4,0,3,3,4,0,3,1,1,4,1,2,0,3,3,4,4,3,1,4,2,4,1,0,2,4,0,0,3,1,3,1,0,4,1,1,0,2,0,0,1,0,3,0,4,0,0,4,2,2,2,3,4,3,3,3,4,1,1,2,3,2,3,2,0,4,3,3,3,4,0,1,4,0,2,3,3,1,2,0,2,2,1,0,1,0,4,4,3,1,4,2,2,4,1,3,2,3,2,0,4,1,2,4,3,1,1,4,4,4,0,0,1,4,0
76,1,2,4,0,1,4,1,2,1,1,2,3,4,2,2,4,1,0,4,2,1,3,1,0,1,0,3,3,1,4,4,4,3,0,2,1,0,2,3,2,3,3,0,4,4,0,1,3,1,3,3,4,4,3,4,4,2,2,3,4,2,1,3,3,1,3,4,2,0,2,1,0,4,4,2,3,3,1,3,4,0,2,2,2,3,0,3,3,4,4,3,1,1,1,3,0,1,4,2,2,3,2,3,2,0,0,0,0,1,4,0,1,3,2,2,1,2,0,2,0,0,2,1,3,1,4,4,0,0,1,1,0,3,3,4,3,2,0,1,0,2,3,0,2,3,4,4,4,2,2,1,1,4,0,3,1,3,0,4,3,4
77,3,0,1,2,4,1,3,1,2,4,4,1,0,3,1,0,4,3,4,2,0,2,2,2,0,3,4,3,3,3,4,4,0,1,4,4,1,4,3,4,0,4,1,3,1,4,4,0,3,4,0,0,1,3,2,0,2,1,0,3,2,3,2,1,0,0,1,4,2,2,4,1,3,3,1,3,1,2,2,4,1,3,1,0,4,0,4,4,4,0,4,1,1,0,2,2,0,4,4,4,0,4,1,4,0,4,1,0,2,0,3,2,2,0,3,2,4,3,3,0,0,0,3,1,0,1,2,4,4,1,3,4,1,0,1,2,1,0,1,0,0,2,2,4,0,0,0,4,3,2,2,0,4,0,2,4,1,2,1,3,1
78,4,1,3,2,3,4,1,1,4,0,4,4,3,3,4,2,1,4,0,1,2,4,2,1,0,1,1,4,1,4,4,2,0,4,3,2,4,4,2,1,4,0,4,2,3,2,2,0,1,0,0,4,3,2,0,0,1,1,3,2,0,4,1,0,4,0,3,3,4,1,3,1,4,4,0,4,0,1,0,1,3,1,2,0,3,1,4,0,1,3,4,0,3,4,2,4,0,2,1,2,2,2,4,2,2,1,2,4,3,3,4,4,2,4,2,0,1,1,1,0,1,2,3,1,1,2,2,1,4,0,3,3,0,1,1,1,1,1,3,1,2,4,1,2,3,2,0,0,2,1,1,1,2,0,0,3,0,0,4,0,2
79,1,2,1,1,3,0,3,1,4,4,3,3,0,3,3,2,3,3,2,1,1,2,0,3,0,4,0,3,1,3,3,3,0,1,1,0,0,0,4,4,3,4,0,0,0,1,1,4,2,2,0,1,3,4,1,0,0,2,0,0,3,4,3,2,1,2,0,4,0,4,4,4,1,2,1,1,1,3,3,3,1,0,3,3,1,2,0,4,4,0,1,2,2,4,2,4,3,1,2,1,3,0,0,0,4,4,0,3,4,0,1,0,0,1,4,1,4,3,4,2,4,2,4,1,4,0,4,1,1,4,4,4,3,2,4,4,2,0,3,3,0,2,2,1,2,3,1,4,4,4,1,3,2,1,3,2,0,3,0,4,4
80,3,0,1,2,4,4,4,4,3,3,0,1,0,1,3,4,0,1,2,1,0,3,4,2,0,3,1,3,3,4,0,3,1,1,4,3,1,1,4,3,4,3,1,0,1,0,3,3,2,3,3,2,0,3,4,3,3,1,3,3,4,2,2,2,1,3,0,0,4,1,1,3,0,1,4,0,1,3,3,3,3,0,0,1,4,2,2,3,1,2,2,2,2,2,1,2,2,1,0,0,0,2,1,0,3,3,1,2,0,2,0,4,4,2,3,2,0,2,2,0,3,4,0,2,1,2,2,1,2,1,2,3,4,3,0,0,2,0,0,2,2,4,1,2,4,3,0,1,3,2,3,4,2,2,1,4,0,3,1,1,2
81,3,1,2,2,4,2,0,4,4,0,0,1,1,0,1,0,0,2,1,4,4,1,1,1,1,2,0,1,1,0,0,0,3,4,1,2,2,0,2,4,1,2,4,4,3,3,2,4,0,3,4,3,1,4,4,1,3,1,2,0,3,4,2,3,0,4,1,0,3,4,3,0,4,0,3,4,4,4,3,2,3,1,2,3,1,0,1,4,2,3,3,4,2,2,4,2,4,1,4,3,0,1,3,1,3,2,4,3,3,2,0,0,4,2,1,3,4,0,1,2,3,3,0,0,4,3,3,3,3,1,2,1,2,1,4,2,3,2,3,4,2,0,3,2,1,2,3,0,0,1,4,0,4,3,2,4,3,3,3,1,1
82,4,3,4,0,4,2,3,4,1,2,4,4,4,1,4,0,0,0,4,2,1,0,0,2,0,1,2,3,1,1,4,3,3,2,0,3,2,3,1,3,0,2,0,4,0,0,2,1,3,3,2,2,1,1,4,3,3,4,2,3,0,2,2,1,4,2,1,0,0,3,4,4,1,3,4,3,1,3,2,2,2,2,0,0,4,0,3,3,0,3,4,1,0,2,3,3,1,4,3,2,1,3,2,3,2,1,4,0,0,4,3,1,2,1,4,3,3,4,1,0,1,3,3,4,1,0,1,3,1,3,3,2,0,4,0,1,2,3,0,3,3,2,0,2,3,0,3,3,0,4,2,1,3,2,2,0,0,0,2,0,1
83,2,0,3,2,4,4,2,2,4,3,3,3,1,1,3,4,1,0,1,4,4,2,4,3,4,1,1,1,4,3,3,2,0,3,1,2,3,3,0,0,0,3,3,1,4,0,1,1,2,1,0,4,1,3,3,1,0,4,4,0,3,3,2,1,1,3,1,0,4,2,0,0,0,1,4,2,3,0,0,0,3,1,1,4,1,1,2,2,1,2,4,1,2,3,2,2,3,4,3,4,3,4,4,0,0,2,3,4,0,2,2,2,0,1,2,1,1,1,2,4,1,0,0,1,1,1,0,3,4,3,0,0,2,3,1,1,0,2,3,2,4,2,4,3,1,4,1,2,2,3,1,3,4,2,2,2,2,2,4,4,3
84,0,2,2,0,3,4,2,3,0,4,4,3,1,1,1,0,1,3,4,3,3,2,0,4,2,0,4,2,1,3,1,4,2,2,2,3,2,0,0,0,1,4,1,1,3,1,3,0,0,1,1,0,2,0,2,0,4,3,3,4,2,1,1,3,1,2,1,0,4,3,1,2,1,4,0,3,3,2,0,1,1,2,0,2,4,4,1,4,2,3,4,2,3,3,4,0,4,4,0,4,2,0,2,3,0,3,1,1,2,3,3,0,1,2,2,0,0,2,0,3,2,4,1,1,4,4,3,2,0,1,4,2,0,1,2,1,3,1,3,3,3,0,0,3,2,3,2,1,0,2,2,2,4,0,4,1,2,0,0,0,2
85,3,3,3,4,2,1,4,0,3,0,4,3,2,3,3,3,4,3,4,0,2,3,4,3,3,3,1,2,2,4,0,0,0,3,4,3,1,4,4,4,1,4,1,0,4,3,2,1,0,0,2,4,3,2,4,4,1,3,3,1,4,4,3,3,3,3,4,3,4,1,0,1,1,2,1,2,2,2,1,0,2,3,3,4,3,3,2,1,3,1,0,3,0,0,4,1,1,4,2,4,4,4,0,1,2,3,3,3,2,3,2,3,3,2,1,2,2,4,0,0,1,1,1,0,1,1,2,2,0,2,1,2,4,2,0,1,1,0,2,1,1,4,0,2,2,1,3,4,4,4,1,0,0,4,3,3,2,3,4,2,4
86,0,4,2,4,1,2,3,0,3,4,3,2,1,3,4,3,3,2,4,4,1,2,2,0,1,1,4,4,1,2,0,4,0,1,2,0,3,1,2,1,1,0,0,3,4,3,2,2,1,0,1,4,1,2,2,3,1,0,4,4,0,4,0,0,3,1,2,2,1,4,0,2,3,4,3,2,1,1,3,4,2,0,1,3,2,4,0,0,1,0,2,1,1,1,2,3,0,0,3,1,4,2,1,1,1,0,0,4,2,1,0,3,0,1,1,0,3,3,1,0,2,2,1,3,2,0,4,4,3,4,0,1,1,0,1,0,0,4,4,3,4,1,4,0,4,1,3,2,0,1,1,2,3,0,3,2,0,4,3,4,0
87,2,4,4,1,0,2,1,3,2,1,3,2,1,2,4,1,4,1,4,0,4,0,2,3,3,3,0,3,3,4,3,0,4,0,1,3,0,0,4,1,1,3,2,2,4,3,4,3,1,2,0,2,3,2,0,1,1,3,2,3,2,4,3,2,4,3,1,4,3,0,1,4,2,0,2,0,3,3,2,2,2,4,1,2,3,3,2,2,3,4,0,3,0,2,1,2,2,2,3,3,1,0,0,0,2,1,2,1,4,3,2,4,0,4,3,3,3,4,0,2,0,1,1,2,3,2,4,3,2,2,4,4,0,1,2,0,3,3,1,3,1,3,3,2,4,2,0,4,2,4,4,4,3,4,3,4,3,4,0,2,4
88,0,2,1,4,1,2,2,4,0,4,0,4,0,3,0,0,2,1,4,2,1,2,2,4,3,2,4,0,1,4,3,4,4,0,1,1,3,1,0,3,0,0,4,4,4,2,0,1,3,2,4,2,2,0,0,1,3,3,4,1,3,2,2,3,2,2,4,2,3,0,2,3,2,1,4,0,2,3,0,2,1,3,4,2,3,2,4,1,4,4,4,0,3,2,1,2,0,1,0,2,1,2,3,0,3,3,2,2,4,4,1,2,0,2,2,3,3,4,1,1,2,0,3,0,3,2,1,2,3,1,0,0,4,0,4,1,2,2,1,1,3,0,0,0,4,0,3,2,2,4,3,1,2,3,1,4,0,3,2,4,3
89,4,1,3,0,1,0,4,0,1,1,1,4,2,4,1,4,3,3,2,4,4,3,1,0,1,2,0,1,4,4,3,4,4,2,0,1,1,2,0,4,2,4,1,2,2,2,1,1,3,1,1,4,1,0,4,3,0,3,2,2,2,1,1,4,0,0,2,2,1,3,0,0,3,0,0,1,0,2,2,4,1,1,2,1,1,4,3,0,4,3,0,2,3,0,4,0,1,0,2,4,3,0,4,2,3,0,2,1,4,4,0,2,3,3,3,3,0,0,4,2,1,0,3,1,4,3,2,1,4,0,2,3,1,4,1,2,0,0,2,3,1,3,4,3,2,0,2,2,1,2,4,1,1,3,2,3,3,1,3,3,1
90,1,0,2,0,1,4,3,3,1,3,0,3,4,2,0,2,2,4,4,4,4,0,4,0,3,2,3,3,1,3,3,1,3,1,0,2,4,3,0,2,0,1,0,3,3,4,4,3,0,3,0,3,2,0,1,1,4,2,1,3,1,3,2,4,1,4,2,0,2,2,2,0,0,2,0,3,2,1,3,2,1,1,4,4,1,2,2,2,2,1,0,0,2,4,1,0,1,4,1,4,4,3,4,3,4,4,1,3,0,0,1,0,0,4,2,2,0,1,1,3,1,1,4,4,0,1,2,1,1,0,2,0,1,2,1,0,0,4,2,4,2,3,2,1,2,4,0,0,2,3,0,0,0,3,4,2,3,2,1,2,0
91,3,3,4,1,4,4,1,0,3,2,1,4,2,1,1,0,0,3,3,2,3,1,1,1,1,0,1,1,1,4,2,2,1,1,2,3,4,4,3,1,2,4,3,3,0,3,0,0,4,1,1,3,2,2,0,3,3,1,2,4,3,3,1,4,4,4,4,2,0,4,0,0,1,4,2,1,1,0,3,2,4,4,2,4,3,3,4,1,4,4,2,3,1,2,2,1,1,2,4,1,0,1,2,0,2,3,3,4,1,2,0,1,4,2,2,3,4,2,3,3,0,4,4,2,0,1,2,3,1,1,2,0,4,0,2,4,1,3,0,4,0,4,3,2,2,4,4,2,1,1,1,3,4,0,0,4,2,4,1,1,0
92,4,0,2,3,3,2,1,1,1,0,0,3,1,1,2,3,0,3,1,1,0,0,3,4,1,1,4,3,2,2,1,2,3,2,0,3,4,1,3,2,3,4,3,4,4,3,1,1,2,3,3,0,1,4,0,3,0,1,3,1,0,2,4,4,2,2,2,1,3,2,1,0,0,2,0,2,0,0,3,3,0,3,2,4,2,3,1,0,3,3,3,2,0,4,3,1,0,4,1,4,4,0,2,1,3,4,1,0,1,3,3,0,1,2,2,4,4,1,4,3,0,4,2,3,2,4,4,3,2,0,0,3,4,3,2,0,4,2,0,0,1,4,3,1,0,4,4,1,2,2,3,4,1,0,2,1,3,3,4,3,3
93,2,2,3,4,2,2,3,4,3,0,0,4,0,4,0,1,2,3,4,0,1,0,1,3,2,2,1,0,2,0,4,0,4,4,2,4,0,3,0,1,1,0,1,3,1,2,3,2,2,3,2,1,0,3,0,3,3,2,0,1,0,3,1,2,1,1,0,3,3,3,4,2,0,3,1,4,2,3,4,2,1,4,0,2,4,4,2,4,4,2,1,0,2,3,4,0,0,2,3,3,1,3,2,0,0,3,4,1,3,2,1,3,1,4,2,3,0,2,4,4,0,2,3,0,3,1,3,1,3,1,2,4,2,0,2,2,4,2,0,2,2,2,2,4,4,0,0,0,2,3,2,3,0,2,0,4,0,2,4,4,3
94,1,4,1,0,0,4,3,0,1,4,4,3,4,2,1,2,2,1,4,4,2,1,0,1,2,1,1,0,3,3,0,1,2,0,3,3,0,1,4,2,4,2,4,4,2,2,3,1,1,3,4,2,0,4,1,2,3,4,0,4,3,0,4,3,4,2,4,3,1,3,4,2,1,3,1,2,0,1,3,2,3,2,3,2,4,3,2,0,2,0,1,2,1,1,4,2,4,4,1,3,1,1,0,3,1,3,0,3,2,0,3,4,3,0,4,3,3,0,4,4,3,2,0,0,1,4,4,1,3,3,0,3,2,2,2,1,2,1,0,0,2,1,2,3,1,1,1,1,3,2,0,4,4,1,1,0,4,1,3,4,3
95,0,0,4,2,4,3,2,3,3,3,1,2,1,1,3,0,4,0,3,4,4,3,1,4,4,4,4,2,1,2,2,3,1,0,1,0,4,0,0,0,4,4,2,0,1,3,2,0,2,0,0,2,0,0,3,1,4,3,4,4,1,3,0,1,0,0,0,0,3,4,4,3,4,1,0,0,0,2,1,2,3,2,4,4,1,2,2,0,1,0,1,1,2,0,3,0,3,4,1,0,1,0,4,0,4,1,2,3,1,2,1,1,0,4,4,0,0,1,4,1,2,2,0,4,2,4,4,3,2,2,1,1,4,0,1,1,4,2,1,0,4,2,3,0,2,4,3,0,1,1,0,1,4,0,0,1,0,3,0,1,1
96,1,1,4,1,3,0,2,2,4,2,1,2,3,1,2,1,4,3,0,1,3,4,4,3,2,3,2,2,3,4,0,0,3,1,3,0,3,4,0,0,0,4,0,1,0,3,1,2,0,2,2,4,3,3,2,4,1,0,1,0,2,4,4,3,3,1,3,0,4,4,2,2,1,2,0,3,3,1,3,4,3,2,4,2,2,1,1,4,3,0,3,4,0,2,2,0,2,3,1,3,2,1,3,2,3,2,4,0,2,3,2,2,3,3,1,2,4,0,2,3,1,2,4,3,4,4,0,0,2,0,2,2,3,3,1,0,1,4,2,2,3,4,2,2,4,4,2,4,0,4,1,1,2,2,3,4,1,3,2,0,4
97,3,0,2,1,3,3,2,2,1,1,1,0,0,2,3,0,2,0,1,2,1,4,3,1,3,2,4,3,0,2,4,0,0,4,1,4,4,4,3,1,2,0,3,1,4,3,3,0,2,1,1,1,4,4,3,2,0,0,2,1,2,0,4,2,3,4,3,3,2,3,1,2,0,1,4,2,0,0,2,1,0,2,2,3,2,0,3,0,1,1,0,4,4,4,0,2,3,2,0,2,1,3,0,3,4,4,1,0,4,3,3,1,4,2,4,1,4,0,1,2,3,4,3,1,3,0,1,1,4,1,0,4,0,2,4,1,1,1,2,0,1,3,1,4,4,3,2,4,2,2,3,4,1,2,2,4,4,3,0,0,0
98,2,3,0,4,2,2,4,3,3,0,4,1,3,0,2,3,1,2,2,4,4,3,1,4,0,2,0,2,0,2,4,0,3,3,1,1,1,0,2,1,4,3,3,4,3,0,4,0,3,4,4,4,3,3,3,1,1,2,4,3,4,0,0,3,1,2,1,4,1,3,1,0,3,3,3,1,0,1,4,2,2,2,4,4,4,0,3,4,2,2,1,3,4,3,4,2,3,3,4,4,3,4,3,1,3,0,3,1,1,2,2,0,4,4,1,1,2,1,3,3,0,3,0,2,3,0,4,0,3,0,2,1,4,2,4,4,0,1,0,0,3,0,1,2,0,1,0,4,0,3,4,1,0,4,4,2,4,1,0,4,1
99,2,0,3,4,4,2,1,2,1,0,4,3,2,3,3,4,4,3,0,3,1,1,1,1,2,0,2,2,1,0,0,3,2,0,4,2,0,4,4,4,1,3,3,0,0,3,4,0,1,1,3,0,0,4,0,3,0,0,1,3,2,3,3,2,2,1,4,3,3,3,3,1,3,2,2,0,1,0,3,1,1,4,4,0,0,2,2,2,1,3,0,2,1,4,3,4,4,3,1,4,1,4,2,3,0,3,4,4,2,2,3,0,3,0,1,4,1,3,0,0,1,2,2,1,2,0,3,2,0,3,0,4,3,4,2,2,0,1,0,4,3,1,0,4,4,2,0,0,4,0,2,1,4,2,2,3,1,2,3,3,0
100,2,4,0,1,4,4,3,2,3,3,2,2,2,3,2,2,4,3,2,3,1,0,4,4,3,2,3,0,4,4,0,3,4,2,3,2,1,0,4,0,0,2,4,1,0,2,2,4,3,3,1,2,3,0,1,0,3,2,3,1,1,0,0,1,0,4,1,0,3,2,4,4,2,2,3,2,4,3,2,3,3,0,2,0,4,3,4,3,2,1,2,3,1,1,2,4,2,3,4,3,4,0,4,0,3,2,3,2,0,2,3,3,3,4,3,4,1,0,1,1,4,4,0,0,0,3,3,0,4,1,0,0,1,2,0,0,3,1,0,0,2,1,0,2,0,4,2,4,0,2,1,3,0,2,4,2,1,2,4,0,4
101,4,4,3,0,3,2,0,0,2,2,4,0,1,4,0,2,2,1,0,3,4,0,3,2,2,3,3,1,0,2,4,2,0,3,1,2,1,3,0,2,0,4,0,3,3,4,0,3,3,3,3,1,2,1,3,0,1,4,2,0,1,2,1,4,3,4,3,2,1,1,4,0,2,3,2,4,1,3,3,3,3,2,2,4,1,1,2,4,0,3,1,3,1,0,1,0,1,2,3,4,4,1,4,3,2,2,0,4,3,4,3,0,4,2,0,4,2,2,3,2,1,4,4,3,2,3,1,3,4,3,4,0,1,1,4,0,2,3,2,0,1,2,0,1,2,1,4,1,1,0,0,3,0,4,4,1,0,3,0,3,1
102,4,0,0,4,4,2,2,2,4,2,0,4,0,4,1,0,4,3,4,1,4,1,2,0,1,3,0,4,4,1,3,1,3,1,2,2,2,1,0,4,0,4,3,2,2,4,2,0,1,2,2,3,1,4,1,1,4,1,3,0,1,0,3,3,1,2,1,0,3,0,0,4,3,3,0,3,1,4,1,2,2,0,2,1,2,0,3,4,0,0,0,1,3,0,3,0,1,0,2,1,0,0,0,2,2,0,2,0,2,3,0,0,4,4,1,3,3,1,4,1,4,0,1,2,4,0,2,2,3,4,0,4,0,4,2,3,1,4,2,1,1,1,2,0,1,3,0,2,1,2,2,1,2,3,3,4,1,1,1,4,3
103,3,1,2,0,0,1,1,3,3,2,3,0,0,3,0,0,0,0,4,1,2,4,2,4,4,2,1,3,4,1,3,2,4,3,1,3,2,3,0,4,1,1,4,4,0,0,1,3,4,0,0,0,3,1,1,0,3,3,1,4,0,3,4,2,0,2,1,1,1,3,3,4,2,1,1,3,3,3,0,2,2,0,1,4,4,1,4,3,2,3,4,4,2,3,2,4,2,2,4,2,3,4,2,1,3,3,3,0,4,0,2,4,3,3,3,3,2,1,4,1,4,3,0,2,4,3,0,3,2,0,4,4,4,4,0,2,0,4,2,1,1,0,4,1,1,3,3,2,2,4,1,0,0,3,2,4,3,3,4,4,1
104,4,4,3,3,0,0,0,4,1,3,2,1,2,4,2,0,3,1,0,3,0,1,4,2,4,2,2,1,1,4,3,3,4,2,1,4,3,2,3,2,3,0,2,2,2,0,0,3,1,3,2,2,3,4,1,0,1,4,3,3,2,3,4,3,3,4,0,1,3,1,1,2,0,1,2,4,4,4,4,4,2,0,0,2,2,3,1,4,1,3,0,4,0,2,1,0,3,0,4,4,1,2,4,3,1,4,3,0,3,1,4,2,2,3,3,3,4,2,2,1,1,0,4,3,1,0,0,2,4,4,3,4,3,4,2,0,4,4,2,1,3,1,0,1,0,3,2,0,3,2,1,1,0,4,4,2,1,3,2,0,0
105,2,3,1,1,3,1,4,4,3,4,2,1,2,3,4,2,2,0,2,4,1,1,1,4,1,1,3,3,0,0,2,2,2,0,1,2,1,1,0,3,3,4,3,2,0,1,0,4,4,4,1,4,4,4,1,4,2,0,4,4,0,4,4,2,3,1,1,0,2,1,0,0,0,1,3,0,4,3,3,4,1,1,2,1,2,0,1,1,4,0,2,0,3,4,3,2,1,1,1,2,3,2,2,3,1,4,2,2,3,4,2,0,4,2,4,0,0,4,1,4,3,1,0,1,0,0,0,3,3,2,3,0,4,1,4,0,4,1,2,2,3,4,3,3,4,4,1,4,4,3,2,0,2,4,0,4,1,4,0,1,0
106,1,3,0,3,3,4,2,1,0,3,4,0,4,0,4,4,2,3,1,1,0,0,2,0,1,3,2,0,2,2,2,0,4,0,0,0,0,0,2,2,0,3,3,4,3,1,1,3,0,3,1,3,2,4,2,2,4,0,4,0,1,3,1,1,1,3,0,4,0,0,2,3,0,0,1,2,4,2,1,1,1,3,1,0,3,1,3,0,1,1,0,1,0,1,1,2,3,4,2,2,3,2,0,2,4,0,3,3,3,0,3,3,4,1,1,1,3,0,3,1,4,3,3,3,0,4,4,4,4,1,3,4,2,2,1,2,2,2,1,3,1,0,0,2,2,3,2,0,2,3,0,2,3,3,0,0,0,3,0,0,3
107,3,0,0,0,3,4,1,2,1,3,4,3,0,2,1,3,4,0,4,2,4,4,0,4,0,2,3,0,3,1,4,3,4,0,4,2,3,4,3,3,2,0,4,1,3,0,1,3,1,4,4,3,3,4,0,1,3,3,2,1,4,3,3,4,1,0,4,0,3,0,0,4,3,1,2,0,3,2,1,2,1,2,1,0,2,1,3,4,2,2,2,2,4,2,0,0,3,4,3,0,2,2,1,4,1,4,4,2,2,3,0,0,2,0,4,0,3,0,0,3,3,2,3,2,4,1,0,3,0,4,1,3,2,2,3,3,4,1,3,2,1,3,1,4,3,3,1,3,1,1,3,2,4,1,2,1,2,3,4,2,0
108,1,2,4,4,4,2,2,3,0,2,3,1,0,4,0,1,2,2,3,2,2,0,1,4,4,3,1,0,4,3,2,2,0,4,2,3,3,4,0,3,1,3,0,3,2,0,2,2,4,0,2,4,4,2,2,1,0,4,0,4,3,3,4,1,3,0,2,0,0,0,4,4,0,2,1,1,3,3,2,0,4,3,0,1,2,4,4,3,0,4,1,1,2,2,1,1,0,4,0,2,2,2,4,3,2,2,0,0,3,3,3,3,0,2,0,1,1,2,3,2,1,2,3,0,3,0,1,4,2,4,3,0,3,3,1,3,2,1,4,3,4,2,2,2,4,4,0,1,3,1,2,3,0,1,2,3,3,2,4,1,3
109,4,0,3,3,0,0,3,2,0,4,0,3,3,1,4,1,0,1,3,2,0,3,0,1,1,0,0,1,0,1,0,2,0,0,3,2,1,1,4,2,2,0,3,1,1,3,3,2,3,3,0,2,4,4,1,3,0,3,1,3,4,2,3,4,4,1,2,1,0,2,0,2,4,0,2,2,0,2,1,1,0,4,3,0,0,0,0,1,0,4,3,3,4,0,3,1,3,4,3,4,0,3,4,1,1,2,3,0,2,3,1,0,1,3,0,0,2,0,3,4,4,0,4,3,2,1,1,3,2,3,0,2,4,0,4,0,0,0,0,2,2,0,3,0,0,3,3,0,1,1,3,0,4,4,0,0,0,4,4,3,2
110,3,3,1,3,3,3,3,2,1,4,0,4,1,3,4,3,2,2,1,4,2,1,1,1,4,4,1,0,4,4,0,4,4,2,0,2,0,0,0,4,1,3,1,4,4,3,4,0,2,2,0,1,2,0,1,2,0,2,2,2,3,1,2,0,3,4,4,1,0,3,0,3,3,4,1,1,0,3,3,2,1,3,0,4,4,1,1,2,1,3,3,3,3,2,1,1,1,2,2,3,2,2,0,3,3,0,1,0,0,0,2,0,4,0,1,1,1,0,3,1,0,1,2,2,0,1,1,4,1,3,2,1,3,0,2,0,1,0,2,0,0,0,3,3,1,0,3,2,2,0,1,3,3,3,1,4,3,0,3,3,4
111,0,0,0,3,3,2,4,0,0,2,3,2,2,3,1,4,1,1,4,1,3,1,1,1,3,2,0,4,4,3,0,1,4,1,3,3,3,2,3,1,2,1,3,2,0,3,2,2,2,4,2,0,3,3,3,2,3,0,4,0,4,3,1,4,0,0,1,4,4,0,4,1,4,4,1,3,4,0,2,0,0,3,3,0,4,0,4,1,1,3,2,2,3,1,3,1,4,1,1,1,2,1,0,4,2,0,2,2,0,3,3,1,0,1,3,0,0,0,1,2,2,2,0,3,1,1,3,2,4,3,2,0,3,2,1,4,4,4,2,2,0,4,1,4,3,3,1,2,4,3,1,0,3,3,4,2,3,3,4,2,0
112,0,0,0,2,0,4,4,4,0,4,4,1,0,4,2,4,1,2,2,3,1,1,4,1,2,2,4,2,4,3,1,1,1,3,1,3,3,4,0,0,4,4,4,1,2,4,3,0,1,2,0,0,0,3,3,3,2,0,4,2,3,3,3,1,0,4,0,2,1,2,3,3,4,0,2,3,4,4,2,0,1,4,2,3,1,1,0,2,0,4,4,2,3,4,4,3,1,2,1,0,3,2,3,3,1,1,0,2,3,0,3,0,3,1,4,0,0,4,1,0,1,3,3,4,2,1,2,2,1,2,0,3,4,1,4,3,4,1,4,2,2,3,2,4,0,4,0,4,0,0,1,1,4,2,1,0,4,2,4,0,1
113,1,3,3,4,4,2,1,1,3,0,0,3,4,1,1,1,0,4,0,4,3,4,0,1,0,3,1,0,1,3,4,4,2,1,3,0,0,2,0,3,3,4,1,1,0,1,2,1,0,1,3,3,4,4,4,4,1,0,1,0,0,0,0,3,0,1,0,3,1,2,1,3,3,4,2,0,3,4,4,0,1,2,0,0,1,1,3,1,1,2,2,2,0,2,2,4,2,0,4,0,0,4,4,4,4,0,4,1,2,2,1,0,0,2,3,1,1,2,4,3,0,0,0,0,1,1,4,1,4,4,0,0,1,1,4,2,0,3,2,0,0,1,3,3,0,4,3,2,4,1,0,0,2,2,1,1,3,4,0,3,1
114,2,3,2,4,2,0,4,2,3,0,0,1,1,3,1,2,1,0,3,2,0,0,4,1,2,3,3,3,4,2,0,4,1,0,3,1,2,2,4,2,3,4,4,3,2,1,4,1,1,1,1,3,0,2,0,0,4,0,0,3,1,0,0,4,2,4,2,2,2,3,3,1,2,3,3,0,2,4,0,3,3,3,3,4,1,1,2,3,2,4,2,1,1,1,2,3,0,1,2,0,1,1,4,1,0,0,3,0,2,2,1,3,1,3,4,3,4,4,1,2,3,1,4,4,0,0,3,2,0,4,1,2,3,1,3,1,1,2,3,0,1,1,0,2,2,2,4,4,2,2,0,4,3,2,2,2,1,4,3,1,1
115,3,3,3,3,3,2,3,3,4,2,1,2,0,3,1,0,1,2,0,3,3,0,2,0,2,1,2,0,0,1,0,4,0,4,0,0,1,4,1,4,4,3,4,1,1,2,0,3,0,1,3,4,1,1,1,1,3,0,0,4,1,1,0,4,2,3,0,3,0,4,1,2,3,2,1,0,4,1,2,2,2,0,2,0,2,3,3,1,1,4,2,2,0,1,3,0,3,0,1,2,2,1,3,4,4,1,0,2,3,4,2,1,2,4,3,0,0,2,0,4,3,0,0,1,0,0,4,0,1,1,1,0,2,2,4,2,4,4,1,3,4,0,1,0,0,2,0,4,0,0,2,0,4,4,0,4,4,2,1,1,3
116,1,0,4,1,2,3,0,1,4,2,1,4,1,0,3,4,3,3,2,4,2,3,0,0,1,1,4,0,3,0,4,1,1,2,1,3,4,1,1,3,1,3,1,3,1,4,2,2,0,2,3,3,2,3,4,3,4,4,4,1,0,3,1,0,1,3,4,1,0,0,0,1,0,2,0,0,1,3,1,1,2,3,1,2,1,2,4,0,0,1,2,4,0,1,1,2,3,1,4,4,3,4,2,1,2,3,3,2,0,3,1,3,2,2,4,0,2,4,4,1,4,0,1,2,2,4,3,0,0,4,0,1,4,3,2,0,2,3,3,1,3,3,0,2,0,0,4,4,1,1,3,1,1,3,2,3,3,2,3,4,1
117,3,0,1,4,4,3,2,0,3,2,4,1,4,3,2,3,4,0,4,3,2,3,1,1,2,4,3,1,0,1,4,2,0,3,3,2,0,0,0,2,2,3,1,4,3,0,1,4,0,2,1,2,4,4,0,2,3,3,2,4,1,2,0,3,0,1,3,3,3,0,4,0,4,2,3,0,1,1,4,4,3,4,1,0,0,4,4,1,2,0,4,3,4,4,0,4,3,3,3,1,3,0,2,4,4,4,3,3,3,2,2,2,2,2,4,4,2,4,2,2,2,4,1,1,1,0,1,1,1,3,2,4,3,2,1,1,3,4,3,3,2,0,4,4,3,3,1,3,2,1,0,2,4,4,2,3,3,3,4,2,3
118,1,4,2,2,2,2,0,1,0,3,0,0,4,2,0,2,1,0,4,4,3,0,1,2,0,3,4,0,3,1,2,1,1,2,0,2,3,1,2,4,2,2,3,1,3,3,4,3,3,4,0,3,2,3,1,2,2,0,1,1,1,3,3,2,0,3,3,0,1,2,3,0,0,1,4,4,4,4,3,0,2,3,4,2,2,4,2,3,1,3,3,1,4,4,1,3,0,2,2,2,0,3,4,1,2,0,1,3,0,0,1,1,2,3,1,2,2,1,0,0,0,2,0,3,0,0,2,4,3,2,3,3,0,3,0,3,4,3,1,0,4,0,4,0,1,1,4,2,0,2,3,1,0,1,3,4,0,0,0,4,1
119,4,1,0,4,3,4,1,0,1,2,0,3,3,2,1,3,1,0,4,0,1,2,0,3,0,0,0,2,1,2,3,1,3,1,1,0,0,2,1,3,0,3,0,1,3,2,2,2,0,0,2,3,0,2,0,4,3,1,3,1,2,0,2,1,4,1,0,4,0,4,0,1,1,1,1,4,3,3,2,3,2,1,0,3,3,1,1,3,1,3,0,0,2,3,0,0,4,0,2,0,1,4,3,2,0,3,0,4,3,1,1,3,1,2,4,2,3,2,4,4,3,2,4,3,4,0,0,4,3,0,4,1,2,4,0,4,3,0,3,3,3,4,0,3,1,2,4,1,0,2,3,1,1,3,3,1,0,4,0,0,4
120,0,2,3,1,4,0,1,2,0,0,0,2,3,1,0,0,2,2,1,1,0,0,0,0,0,2,3,1,2,4,4,4,1,0,4,4,3,2,1,1,3,4,3,0,4,1,2,3,3,1,4,4,4,2,2,4,2,3,4,2,3,3,2,4,4,2,2,0,3,4,1,3,4,0,3,3,4,1,2,1,0,3,4,3,2,1,1,0,4,2,2,4,0,2,0,4,4,4,2,4,2,0,3,0,2,1,1,3,4,0,0,2,3,4,3,1,3,4,4,0,0,4,0,0,0,4,0,1,4,3,2,2,1,4,3,4,3,3,4,0,2,0,2,0,4,4,3,1,4,2,3,2,0,1,4,0,3,2,1,4,2
121,4,4,2,4,3,1,0,1,0,3,1,3,2,0,2,2,1,4,4,3,1,2,3,2,3,0,3,3,2,4,2,1,2,4,1,4,1,2,4,4,0,0,3,0,4,3,2,3,1,3,0,2,1,3,2,0,2,2,1,4,0,1,1,1,4,4,3,3,0,0,4,4,4,1,4,1,1,0,2,3,3,0,0,4,4,4,1,1,4,1,0,4,3,3,1,3,4,3,0,1,3,1,0,3,4,2,3,0,2,3,1,0,3,0,4,2,2,4,2,2,4,1,2,1,0,0,2,0,4,2,4,1,3,3,2,4,3,2,3,3,0,2,3,2,0,2,0,3,3,3,0,1,0,0,4,3,3,4,1,2,3
122,3,0,1,1,1,1,4,0,4,4,2,0,1,0,1,2,3,4,2,4,1,1,2,3,3,4,1,1,3,1,1,2,3,3,0,3,3,0,1,1,4,1,3,4,4,1,4,0,4,2,0,3,1,1,2,1,3,4,1,3,0,3,2,3,1,4,3,2,0,2,0,3,4,2,4,3,4,4,2,3,4,0,1,0,4,3,0,3,0,3,4,2,0,3,0,3,3,2,3,0,4,1,3,1,4,1,3,0,2,3,3,2,2,2,2,2,3,1,0,3,4,3,3,1,2,4,1,0,4,4,1,4,3,3,2,1,3,4,4,3,1,1,0,1,3,0,4,3,2,2,1,0,0,4,1,0,3,4,0,2,2
123,0,2,3,4,3,2,0,0,4,2,2,2,1,0,2,4,1,2,0,1,3,4,0,3,0,4,2,3,3,1,2,4,1,3,0,4,1,2,0,1,4,0,1,1,4,2,0,1,4,1,4,4,1,4,0,4,2,2,4,0,3,3,0,2,4,1,4,4,3,4,3,1,4,0,4,0,3,4,3,0,3,2,0,3,4,3,1,0,3,2,1,0,1,4,2,4,3,1,4,3,2,4,1,4,2,3,4,4,0,3,0,0,2,2,1,3,3,2,2,0,2,4,3,1,0,4,2,1,2,4,1,2,4,4,1,4,2,1,0,4,2,1,0,0,3,3,1,4,2,4,2,2,3,3,4,1,2,3,1,3,2
124,0,3,1,4,4,2,0,3,3,0,2,2,1,1,1,2,3,4,2,0,4,2,2,1,3,3,4,2,1,0,2,1,0,0,4,3,3,4,2,1,3,4,3,3,3,2,4,3,3,4,0,2,2,1,1,0,1,3,3,1,2,0,3,0,1,4,0,0,1,1,3,4,4,0,4,1,1,1,0,2,1,4,4,1,2,0,1,0,2,1,1,1,3,1,1,2,2,3,1,4,0,1,3,4,2,0,3,2,1,3,1,3,3,1,3,2,2,0,0,3,2,1,3,1,4,0,3,3,1,0,1,1,0,4,2,2,4,0,3,0,1,0,2,3,4,0,3,3,2,1,3,3,0,4,0,2,3,1,3,1,1
125,1,4,0,2,4,4,1,4,2,2,3,4,3,2,4,1,1,4,3,3,1,3,1,0,1,0,4,0,2,3,0,2,2,3,1,2,0,3,0,1,3,2,0,0,2,2,1,1,2,3,2,2,4,3,3,1,1,1,0,3,4,1,1,1,1,1,0,4,3,4,2,3,1,2,2,2,2,1,2,4,1,2,2,4,0,0,4,0,3,3,3,0,3,3,0,4,1,3,0,1,1,2,1,3,4,3,2,1,2,3,3,3,4,3,3,1,4,1,2,0,1,4,1,0,1,0,4,1,4,4,2,2,1,1,4,2,1,1,1,2,1,4,1,3,0,4,1,3,2,4,4,1,2,1,3,0,2,0,3,4,3
126,0,2,1,0,2,0,4,4,1,4,3,1,0,3,2,0,4,0,4,3,3,3,1,4,0,0,0,1,1,4,1,3,0,3,1,0,2,3,2,4,3,0,0,2,0,3,1,1,0,4,3,4,2,0,2,4,3,4,1,4,4,4,4,3,0,3,2,1,0,1,1,0,0,2,3,0,2,4,0,3,4,4,4,4,1,3,2,0,2,1,4,0,3,0,0,2,4,3,0,1,1,4,0,4,0,3,1,2,4,3,1,3,2,0,0,3,3,4,3,0,3,1,1,0,3,3,3,1,0,4,1,0,0,4,2,4,4,0,2,2,3,4,4,2,2,2,0,0,0,4,2,0,3,2,2,2,0,1,3,3,1
127,3,0,2,1,2,3,4,3,3,1,2,1,0,2,0,0,1,3,4,3,3,2,1,2,4,1,3,0,3,3,1,3,4,3,0,1,4,1,0,2,4,0,2,0,2,2,1,3,3,0,2,3,0,0,4,1,1,2,3,2,3,3,3,3,3,4,4,3,0,0,1,3,0,1,0,1,2,0,3,3,4,2,2,0,1,4,2,2,3,3,1,0,1,0,4,2,1,0,4,1,2,4,3,2,3,4,4,3,0,4,1,1,4,3,3,2,3,0,0,1,4,1,4,1,4,4,1,2,0,3,0,3,4,1,1,3,1,1,1,0,1,2,3,0,0,4,4,1,0,0,1,3,0,4,1,0,4,2,0,1,4
128,0,4,1,0,1,3,0,0,4,0,3,4,4,2,0,2,3,0,2,2,4,2,2,0,0,4,0,3,4,3,0,0,4,2,1,1,0,3,4,2,0,3,0,1,0,3,1,0,1,4,3,3,4,3,3,0,2,0,4,4,2,0,0,0,1,1,0,1,0,4,0,1,2,4,3,2,2,3,4,3,4,4,4,2,4,3,2,4,1,1,4,1,0,2,0,2,3,1,1,1,4,2,4,1,3,1,4,1,0,0,4,0,2,2,4,0,2,0,1,0,0,4,1,2,2,0,3,3,2,0,0,1,4,3,0,2,3,4,0,3,0,4,1,3,4,1,1,4,2,4,0,2,1,3,1,3,3,4,4,1,4
129,1,4,4,3,2,4,4,1,3,3,2,2,2,4,1,0,1,3,2,0,3,2,0,1,3,4,0,0,1,1,3,4,2,0,0,3,2,2,2,3,0,1,0,1,1,3,2,3,1,0,1,3,0,2,3,4,1,2,2,0,3,1,4,1,3,2,4,0,3,1,3,0,1,4,1,1,0,1,3,2,0,0,0,3,3,3,3,1,0,0,4,2,1,2,1,1,1,0,2,2,3,2,3,4,3,1,0,1,4,0,4,1,0,4,3,2,1,3,4,4,0,3,4,0,2,2,0,3,0,0,3,2,4,2,3,1,3,2,2,3,3,3,2,0,1,0,2,0,3,4,3,1,3,4,2,0,3,0,1,0,1
130,1,3,4,0,1,1,1,2,0,0,1,0,0,2,1,0,4,1,0,2,4,3,3,4,3,4,0,3,3,4,0,0,1,1,0,4,2,2,1,3,2,3,3,0,2,2,3,3,0,4,2,2,0,0,4,3,2,3,2,0,0,0,4,2,0,4,3,4,4,1,3,1,2,4,4,4,4,1,2,1,4,2,3,1,0,3,3,4,4,3,1,2,1,1,3,1,2,3,1,4,1,3,3,4,3,0,3,1,2,1,3,0,1,2,1,4,0,3,1,1,1,1,2,4,4,0,0,2,4,0,3,4,1,4,3,1,4,1,1,2,3,2,4,1,4,4,2,4,3,1,0,3,0,0,2,0,1,2,3,3,3
131,4,2,2,2,1,2,1,3,4,0,4,4,4,0,1,3,0,3,1,3,1,0,0,3,3,4,4,3,4,3,2,4,3,2,4,0,3,0,4,2,3,2,0,3,0,0,2,4,0,0,1,2,0,1,2,3,4,2,0,1,1,3,1,0,2,3,4,4,0,3,3,0,3,1,1,0,0,1,2,0,1,2,2,1,1,3,2,4,3,3,2,2,2,0,1,1,1,2,3,2,2,3,4,0,4,2,1,1,3,2,3,3,0,3,2,0,1,0,2,4,0,4,0,0,3,4,4,0,2,2,4,3,3,2,3,0,0,4,1,2,2,1,3,0,0,2,2,3,3,2,3,1,0,2,1,1,4,2,4,1,2
132,4,0,2,4,3,2,3,2,4,4,2,1,4,2,2,0,3,0,3,3,0,1,2,4,2,0,1,4,4,1,4,4,1,0,0,4,0,0,4,4,0,3,1,0,0,3,2,2,1,4,0,3,4,4,2,0,1,3,0,4,4,1,2,1,1,0,2,4,2,0,0,1,0,2,1,1,1,2,1,3,3,2,4,4,1,2,1,1,3,0,2,0,3,0,3,4,3,2,4,1,2,2,2,0,0,1,0,2,3,1,1,2,4,0,4,2,4,2,0,0,1,4,4,4,4,3,1,1,3,4,3,4,3,1,3,2,4,3,4,0,4,3,4,2,2,3,3,4,1,2,2,0,0,1,2,3,2,3,3,1,2
133,4,2,2,0,1,4,4,4,3,1,0,3,4,3,3,4,4,0,1,2,2,2,0,3,4,1,2,1,1,4,0,4,0,3,1,2,1,4,0,3,3,0,0,0,3,1,1,3,2,4,3,2,4,1,0,4,0,2,3,3,0,4,4,2,3,0,1,3,3,2,3,2,2,1,4,3,2,2,4,4,2,3,3,3,4,3,3,3,4,0,0,3,0,3,4,3,1,2,4,1,1,2,1,2,3,4,4,4,2,2,1,4,1,3,1,4,2,1,1,2,2,4,3,4,1,4,4,2,3,3,4,2,2,1,0,1,1,1,0,2,2,3,3,4,4,4,3,3,1,2,3,0,1,0,0,2,0,0,0,0,1
134,1,2,2,0,4,0,0,2,3,2,1,2,3,0,3,2,4,1,3,2,0,2,0,4,1,3,2,2,3,0,1,4,3,1,2,1,4,1,2,4,4,4,2,0,2,0,0,2,1,2,4,1,3,3,3,4,4,0,4,0,3,2,2,4,3,3,0,0,3,4,4,3,2,2,0,3,2,4,1,1,3,0,1,4,4,4,1,2,4,0,3,3,3,2,3,3,1,2,2,1,0,3,0,1,1,1,1,4,1,0,1,0,1,1,4,1,3,4,4,3,4,1,3,1,4,2,3,0,4,2,4,1,1,1,2,1,4,4,4,3,4,1,3,3,3,3,2,4,2,0,2,3,4,4,1,2,4,0,0,2,1
135,0,1,2,4,1,0,1,4,4,0,1,1,3,0,1,2,3,0,4,0,2,2,4,4,4,3,2,4,2,3,3,2,4,0,1,2,3,4,1,2,0,0,3,3,3,2,0,0,3,3,4,0,3,3,3,4,0,0,0,4,2,4,1,4,1,3,1,4,2,0,4,0,1,3,3,4,1,1,0,1,2,3,2,2,0,1,0,3,0,2,0,1,0,1,2,1,1,1,1,3,4,3,0,3,3,1,0,0,2,1,3,2,2,3,0,1,1,3,1,4,2,2,4,1,0,4,4,2,0,0,1,0,1,3,4,4,1,1,1,4,1,4,4,2,2,3,3,0,1,4,0,2,4,0,2,3,1,1,0,2,0
136,2,2,1,3,3,4,2,1,2,4,1,2,3,3,4,3,2,4,0,4,3,1,4,2,4,3,4,2,2,3,2,3,4,4,0,3,1,3,4,4,2,0,1,0,3,3,4,2,1,2,1,0,4,2,3,4,1,4,3,3,1,4,2,4,3,1,0,0,4,3,4,1,2,0,4,3,0,0,2,4,2,3,3,4,0,1,2,0,3,3,0,0,3,2,2,0,4,3,1,3,2,2,1,2,1,2,1,4,3,2,0,1,1,1,2,3,0,1,1,1,1,0,1,0,0,1,4,0,4,0,2,1,2,0,2,1,1,0,0,4,3,2,4,2,1,0,2,3,1,1,4,3,1,3,0,3,4,4,2,0,0
137,3,4,4,4,0,4,2,1,4,2,2,1,0,4,2,2,1,2,4,0,2,0,2,2,4,0,3,4,0,0,0,3,4,3,2,1,3,2,3,0,1,1,2,3,3,3,2,3,1,1,4,3,3,1,1,0,0,4,1,4,3,3,1,2,4,2,3,4,3,0,1,0,4,0,4,2,1,2,3,1,0,4,1,3,2,3,0,4,4,0,4,1,1,0,0,3,4,2,0,3,0,0,1,4,0,4,3,0,2,1,2,1,0,0,4,1,3,2,3,1,3,1,4,4,3,3,1,4,3,1,1,3,2,0,1,4,0,1,2,0,4,0,3,1,3,2,0,3,2,3,4,3,1,3,3,3,3,3,0,0,4
138,0,2,1,3,3,3,4,4,2,3,4,3,0,3,2,2,4,3,2,0,4,0,2,4,3,1,3,3,0,3,1,4,4,1,0,1,4,1,0,3,3,4,0,3,3,3,2,3,2,1,4,4,2,0,2,3,0,4,1,1,2,2,2,2,4,3,4,1,1,1,3,3,0,3,1,3,3,3,2,3,2,1,0,4,0,4,1,2,3,2,4,3,4,4,3,0,0,4,1,2,0,3,4,2,2,4,2,1,4,2,2,0,2,2,0,4,0,3,3,1,2,3,4,4,3,0,1,0,1,3,0,3,1,4,0,3,1,4,0,1,0,0,2,3,2,0,1,3,1,1,4,0,1,0,2,2,1,0,4,3,2
139,2,4,1,2,2,3,4,4,0,4,3,4,0,3,2,1,2,0,3,2,0,2,1,2,2,2,0,3,4,0,4,4,2,1,4,4,2,1,2,4,0,4,0,3,1,3,2,4,3,1,0,0,2,2,4,3,4,0,0,3,4,2,3,2,3,2,1,0,3,1,3,0,0,2,0,0,0,4,4,0,4,3,1,1,4,1,4,2,0,1,0,1,3,3,4,0,4,2,4,4,4,1,1,2,0,3,0,3,1,4,2,2,2,0,1,1,4,0,4,3,1,2,4,3,2,2,4,4,4,1,0,4,1,0,3,0,1,1,0,0,1,1,3,1,1,2,2,2,4,4,1,2,3,3,3,1,2,1,1,3,2
140,4,0,1,2,0,0,4,4,1,1,2,4,4,2,4,3,0,3,0,2,2,0,0,0,0,1,4,4,2,1,0,1,0,4,0,4,0,2,4,2,1,0,1,0,4,0,3,3,3,2,3,0,1,2,4,2,1,3,1,2,2,2,1,0,0,3,4,1,0,3,4,3,3,4,2,0,0,4,0,1,1,1,4,3,3,2,2,1,1,4,1,1,1,0,3,0,1,1,0,0,4,4,1,0,4,2,0,3,2,2,0,1,3,4,4,1,3,3,2,2,3,0,0,0,3,4,0,4,0,3,0,4,1,4,1,4,0,0,4,0,0,3,2,2,4,2,1,4,4,1,2,1,0,4,3,1,4,4,1,3,4
141,0,0,0,3,2,0,1,2,1,3,0,4,0,3,0,0,0,3,0,4,4,2,2,2,2,4,2,1,3,3,4,3,3,0,2,2,0,4,1,4,1,1,0,4,2,4,4,1,1,2,2,1,4,1,3,3,1,2,1,4,3,0,2,0,2,0,0,1,2,3,0,1,4,2,2,3,0,1,0,1,3,0,4,3,3,2,1,0,1,3,0,4,1,1,4,3,1,2,2,0,4,3,2,0,0,1,3,2,4,1,2,0,4,0,1,4,4,1,0,4,3,3,0,4,0,3,4,4,0,4,0,2,2,3,3,1,2,2,1,0,2,2,3,1,1,3,2,4,1,2,0,1,3,1,3,0,2,3,3,0,4
142,1,4,1,0,0,4,0,2,4,3,3,0,0,1,4,4,2,3,3,2,1,2,1,1,1,0,0,1,2,2,2,0,1,3,2,0,4,1,2,0,4,1,3,1,1,2,1,4,4,1,1,4,4,2,3,4,3,3,4,2,1,0,1,0,4,1,1,0,2,4,4,4,1,3,0,1,2,2,1,0,4,4,3,1,3,2,4,4,3,1,3,2,1,2,1,3,0,3,1,2,3,1,2,2,2,1,2,2,3,2,0,1,2,2,4,3,2,3,3,0,1,0,1,4,0,3,2,4,1,0,4,0,3,0,1,1,2,2,1,1,1,4,0,4,3,2,0,2,3,1,2,1,2,3,2,3,0,4,3,2,0
143,3,2,3,3,1,2,4,3,0,2,4,2,4,4,3,1,2,0,0,1,0,2,0,2,4,3,1,1,0,2,3,0,3,2,0,0,3,0,3,2,3,2,2,4,3,1,4,4,3,4,4,0,2,1,3,0,1,1,0,3,2,0,4,1,4,3,2,2,2,4,3,4,1,2,3,4,4,4,4,4,1,2,4,1,3,3,1,1,1,3,4,2,4,0,1,4,2,4,0,0,4,2,4,1,2,3,2,4,4,3,0,4,0,0,1,0,2,0,1,4,4,3,0,2,3,3,1,4,0,0,4,1,1,1,2,0,1,1,4,3,3,3,0,2,0,4,1,0,3,2,4,1,2,0,0,2,2,1,3,2,1
144,2,2,3,1,0,1,1,1,3,3,4,0,3,3,1,1,2,2,2,3,2,0,2,4,4,1,3,4,0,1,4,2,4,4,1,3,2,2,2,2,3,2,3,1,0,3,2,1,1,4,4,0,0,4,4,1,3,4,2,3,3,2,2,2,1,4,4,1,3,1,4,0,1,0,0,2,2,2,0,4,2,2,3,0,0,2,3,3,1,1,2,0,3,3,3,0,1,2,1,3,3,0,0,0,2,4,4,2,2,2,1,2,1,0,3,4,3,4,0,4,0,3,1,4,2,1,1,0,3,2,3,3,1,2,4,2,0,1,2,0,4,3,3,0,1,3,1,1,3,4,2,3,2,1,4,1,4,0,4,4,1
145,3,3,2,0,4,2,4,4,0,0,2,3,4,1,2,4,0,0,0,0,3,3,4,4,2,0,0,1,1,0,1,1,0,3,3,4,3,0,1,0,2,1,0,4,4,1,3,4,2,1,2,1,3,0,1,0,1,3,2,0,2,1,1,3,1,3,1,2,1,0,4,0,0,3,1,2,1,4,1,4,4,0,4,4,2,3,1,2,3,0,2,2,0,4,0,1,0,2,0,1,4,4,3,3,1,3,4,4,3,0,4,3,3,1,1,4,2,3,0,2,3,2,3,3,2,1,3,4,2,1,0,3,3,4,1,3,1,3,0,4,0,0,2,0,4,4,3,0,1,2,2,2,4,4,3,0,4,2,4,0,4
146,0,3,4,0,0,1,3,4,1,4,2,2,0,1,0,0,0,2,0,0,0,0,1,4,1,3,1,3,2,4,0,3,2,4,3,2,0,2,2,0,3,2,0,3,0,1,3,1,2,2,2,3,4,3,3,4,3,1,4,4,1,4,4,1,0,0,0,1,2,3,4,1,3,1,4,2,1,3,3,4,0,4,4,0,2,1,3,1,1,3,0,3,0,0,4,2,4,2,0,4,1,3,3,3,2,3,2,2,2,1,0,1,0,1,2,0,3,1,0,3,4,2,1,1,4,0,1,1,1,1,4,2,1,4,3,1,0,4,0,2,3,0,1,4,3,4,3,0,2,4,1,4,2,0,1,1,0,4,1,4,4
147,0,2,2,4,0,2,4,1,1,3,3,3,2,1,1,2,1,1,4,1,4,3,0,4,1,3,0,0,3,3,0,0,1,4,4,0,0,2,0,4,1,2,4,1,2,2,2,2,2,2,3,1,4,0,4,3,3,2,3,4,3,4,2,2,3,0,2,1,1,2,3,2,3,4,0,0,4,4,4,0,2,1,3,1,3,0,2,1,4,4,4,1,2,2,4,1,4,3,3,1,3,0,0,0,3,2,0,4,2,1,3,4,1,3,3,4,3,3,3,2,0,4,2,4,2,3,3,2,3,0,4,3,1,2,2,3,2,1,2,1,2,2,1,4,0,1,0,2,4,1,4,1,3,1,0,3,2,1,0,2,0
148,2,1,4,2,4,2,4,1,0,1,2,3,0,4,0,0,1,2,1,2,3,1,3,2,0,3,3,2,2,1,1,2,3,4,1,2,4,4,4,4,0,1,4,4,2,2,0,4,0,2,1,3,3,0,2,3,4,1,2,0,2,1,2,0,4,2,0,4,3,2,4,3,2,2,1,2,2,4,0,1,2,4,4,0,3,2,3,0,4,3,0,3,4,2,1,4,3,2,1,0,2,4,3,1,2,1,1,2,3,0,2,0,1,1,3,2,2,4,3,2,1,3,4,4,1,2,1,4,3,2,1,2,3,4,1,4,1,2,0,1,1,4,0,0,0,0,3,2,1,2,2,2,2,3,4,3,1,0,4,1,0
149,3,2,1,2,2,2,4,0,2,1,4,0,1,4,4,0,2,1,3,2,3,1,3,3,0,0,0,3,3,4,4,0,4,2,4,4,2,2,1,3,3,0,1,1,1,1,4,1,0,3,1,3,2,0,2,1,4,4,0,1,1,1,1,0,0,0,4,1,2,3,0,0,4,4,3,4,0,1,1,4,3,1,0,1,3,4,2,1,0,3,1,2,4,1,3,1,4,3,2,0,4,1,2,3,3,3,1,4,2,3,0,4,2,2,3,0,3,4,1,4,0,1,2,3,4,3,4,3,1,3,0,0,3,2,0,4,3,3,0,2,4,0,0,1,0,4,1,2,2,0,4,2,4,4,1,0,4,4,4,0,1
150,4,3,1,0,2,4,3,2,2,4,4,2,3,1,4,4,0,4,0,2,3,0,0,1,2,0,0,2,4,3,2,1,1,3,1,2,4,1,2,1,0,0,4,0,0,1,1,3,4,0,3,1,3,0,3,2,4,0,2,3,0,3,4,4,1,2,4,2,3,2,0,1,2,2,4,0,4,2,3,4,4,0,4,4,1,2,0,4,2,0,4,3,1,0,3,0,0,1,3,4,2,3,0,3,2,3,2,1,0,4,3,1,3,1,2,1,2,1,3,4,0,4,1,2,3,0,0,3,1,0,3,1,3,0,4,0,0,4,1,3,1,1,3,1,2,0,2,3,4,4,3,3,1,0,2,3,4,0,0,1,4
