DataSeries,2023Sep,2023Oct,2023Nov,2023May,2023Mar,2023Jun,2023Jul,2023Jan,2023Feb,2023Aug,2023Apr,2022Sep,2022Oct,2022Nov,2022May,2022Mar,2022Jun,2022Jul,2022Jan,2022Feb,2022Dec,2022Aug,2022Apr,2021Sep,2021Oct,2021Nov,2021May,2021Mar,2021Jun,2021Jul,2021Jan,2021Feb,2021Dec,2021Aug,2021Apr,2020Sep,2020Oct,2020Nov,2020May,2020Mar,2020Jun,2020Jul,2020Jan,2020Feb,2020Dec,2020Aug,2020Apr,2019Sep,2019Oct,2019Nov,2019May,2019Mar,2019Jun,2019Jul,2019Jan,2019Feb,2019Dec,2019Aug,2019Apr,2018Sep,2018Oct,2018Nov,2018May,2018Mar,2018Jun,2018Jul,2018Jan,2018Feb,2018Dec,2018Aug,2018Apr,2017Sep,2017Oct,2017Nov,2017May,2017Mar,2017Jun,2017Jul,2017Jan,2017Feb,2017Dec,2017Aug,2017Apr,2016Sep,2016Oct,2016Nov,2016May,2016Mar,2016Jun,2016Jul,2016Jan,2016Feb,2016Dec,2016Aug,2016Apr,2015Sep,2015Oct,2015Nov,2015May,2015Mar,2015Jun,2015Jul,2015Jan,2015Feb,2015Dec,2015Aug,2015Apr,2014Sep,2014Oct,2014Nov,2014May,2014Mar,2014Jun,2014Jul,2014Jan,2014Feb,2014Dec,2014Aug,2014Apr,2013Sep,2013Oct,2013Nov,2013May,2013Mar,2013Jun,2013Jul,2013Jan,2013Feb,2013Dec,2013Aug,2013Apr,2012Sep,2012Oct,2012Nov,2012May,2012Mar,2012Jun,2012Jul,2012Jan,2012Feb,2012Dec,2012Aug,2012Apr,2011Sep,2011Oct,2011Nov,2011May,2011Mar,2011Jun,2011Jul,2011Jan,2011Feb,2011Dec,2011Aug,2011Apr,2010Sep,2010Oct,2010Nov,2010May,2010Mar,2010Jun,2010Jul,2010Jan,2010Feb,2010Dec,2010Aug,2010Apr,2009Sep,2009Oct,2009Nov,2009May,2009Mar,2009Jun,2009Jul,2009Jan,2009Feb,2009Dec,2009Aug,2009Apr,2008Sep,2008Oct,2008Nov,2008May,2008Mar,2008Jun,2008Jul,2008Jan,2008Feb,2008Dec,2008Aug,2008Apr,2007Sep,2007Oct,2007Nov,2007May,2007Mar,2007Jun,2007Jul,2007Jan,2007Feb,2007Dec,2007Aug,2007Apr,2006Sep,2006Oct,2006Nov,2006May,2006Mar,2006Jun,2006Jul,2006Jan,2006Feb,2006Dec,2006Aug,2006Apr,2005Sep,2005Oct,2005Nov,2005May,2005Mar,2005Jun,2005Jul,2005Jan,2005Feb,2005Dec,2005Aug,2005Apr,2004Sep,2004Oct,2004Nov,2004May,2004Mar,2004Jun,2004Jul,2004Jan,2004Feb,2004Dec,2004Aug,2004Apr,2003Sep,2003Oct,2003Nov,2003May,2003Mar,2003Jun,2003Jul,2003Jan,2003Feb,2003Dec,2003Aug,2003Apr,2002Sep,2002Oct,2002Nov,2002May,2002Mar,2002Jun,2002Jul,2002Jan,2002Feb,2002Dec,2002Aug,2002Apr,2001Sep,2001Oct,2001Nov,2001May,2001Mar,2001Jun,2001Jul,2001Jan,2001Feb,2001Dec,2001Aug,2001Apr,2000Sep,2000Oct,2000Nov,2000May,2000Mar,2000Jun,2000Jul,2000Jan,2000Feb,2000Dec,2000Aug,2000Apr,1999Sep,1999Oct,1999Nov,1999May,1999Mar,1999Jun,1999Jul,1999Jan,1999Feb,1999Dec,1999Aug,1999Apr,1998Sep,1998Oct,1998Nov,1998May,1998Mar,1998Jun,1998Jul,1998Jan,1998Feb,1998Dec,1998Aug,1998Apr,1997Sep,1997Oct,1997Nov,1997May,1997Mar,1997Jun,1997Jul,1997Jan,1997Feb,1997Dec,1997Aug,1997Apr,1996Sep,1996Oct,1996Nov,1996May,1996Mar,1996Jun,1996Jul,1996Jan,1996Feb,1996Dec,1996Aug,1996Apr,1995Sep,1995Oct,1995Nov,1995May,1995Mar,1995Jun,1995Jul,1995Jan,1995Feb,1995Dec,1995Aug,1995Apr,1994Sep,1994Oct,1994Nov,1994May,1994Mar,1994Jun,1994Jul,1994Jan,1994Feb,1994Dec,1994Aug,1994Apr,1993Sep,1993Oct,1993Nov,1993May,1993Mar,1993Jun,1993Jul,1993Jan,1993Feb,1993Dec,1993Aug,1993Apr,1992Sep,1992Oct,1992Nov,1992May,1992Mar,1992Jun,1992Jul,1992Jan,1992Feb,1992Dec,1992Aug,1992Apr,1991Sep,1991Oct,1991Nov,1991May,1991Mar,1991Jun,1991Jul,1991Jan,1991Feb,1991Dec,1991Aug,1991Apr,1990Sep,1990Oct,1990Nov,1990May,1990Mar,1990Jun,1990Jul,1990Jan,1990Feb,1990Dec,1990Aug,1990Apr,1989Sep,1989Oct,1989Nov,1989May,1989Mar,1989Jun,1989Jul,1989Jan,1989Feb,1989Dec,1989Aug,1989Apr,1988Sep,1988Oct,1988Nov,1988May,1988Mar,1988Jun,1988Jul,1988Jan,1988Feb,1988Dec,1988Aug,1988Apr,1987Sep,1987Oct,1987Nov,1987May,1987Mar,1987Jun,1987Jul,1987Jan,1987Feb,1987Dec,1987Aug,1987Apr,1986Sep,1986Oct,1986Nov,1986May,1986Mar,1986Jun,1986Jul,1986Jan,1986Feb,1986Dec,1986Aug,1986Apr,1985Sep,1985Oct,1985Nov,1985May,1985Mar,1985Jun,1985Jul,1985Jan,1985Feb,1985Dec,1985Aug,1985Apr,1984Sep,1984Oct,1984Nov,1984May,1984Mar,1984Jun,1984Jul,1984Jan,1984Feb,1984Dec,1984Aug,1984Apr,1983Sep,1983Oct,1983Nov,1983May,1983Mar,1983Jun,1983Jul,1983Jan,1983Feb,1983Dec,1983Aug,1983Apr,1982Sep,1982Oct,1982Nov,1982May,1982Mar,1982Jun,1982Jul,1982Jan,1982Feb,1982Dec,1982Aug,1982Apr,1981Sep,1981Oct,1981Nov,1981May,1981Mar,1981Jun,1981Jul,1981Jan,1981Feb,1981Dec,1981Aug,1981Apr,1980Sep,1980Oct,1980Nov,1980May,1980Mar,1980Jun,1980Jul,1980Jan,1980Feb,1980Dec,1980Aug,1980Apr,1979Sep,1979Oct,1979Nov,1979May,1979Mar,1979Jun,1979Jul,1979Jan,1979Feb,1979Dec,1979Aug,1979Apr,1978Sep,1978Oct,1978Nov,1978May,1978Mar,1978Jun,1978Jul,1978Jan,1978Feb,1978Dec,1978Aug,1978Apr
Total International Visitor Arrivals By Inbound Tourism Markets,1223646,1172007,1178876,1212782,984692,1206704,1239749,878934,1004825,1258740,1098294,847573,849838,873776,435286,117461,584241,637166,56055,69759,890311,699692,299981,21023,25099,44100,13998,26500,10436,16060,23667,18415,89401,15160,26322,10563,14042,15899,895,228446,2376,6049,1611457,745593,23292,8403,759,1614497,1607937,1651530,1577799,1511290,1577902,1588965,1569879,1537471,1648317,1634151,1597773,1573709,1547638,1523257,1545401,1538752,1575001,1535424,1510123,1533976,1526888,1569038,1536354,1483202,1480571,1521685,1417352,1442872,1423648,1439800,1417106,1415489,1489287,1444309,1463004,1294333,1306178,1351795,1398086,1369557,1350768,1377685,1360917,1371008,1424028,1368250,1395060,1284695,1314831,1318343,1258352,1164016,1255957,1299084,1208231,1231040,1339381,1337198,1214339,1248672,1266636,1252184,1243084,1254799,1240038,1233182,1306244,1288727,1273272,1242860,1253961,1330918,1260651,1295120,1321424,1329608,1338453,1282484,1264145,1275141,1274663,1324539,1283182,1179738,1242969,1322260,1178438,1205496,1195056,1160544,1168061,1202790,1264563,1186471,1205333,1117773,1122544,1110889,1085316,1041277,1109017,1151230,1048238,1052479,1127772,1111892,1105830,1005612,1006118,1034760,977640,901503,978276,989231,905860,919579,1041740,958697,943534,848931,859688,880918,756319,768005,775990,797661,765742,752907,895135,811949,784939,827119,823438,804973,867450,884824,843825,831012,895458,882959,818283,815351,839796,850504,889695,882677,853518,834985,867536,853136,836381,826679,877244,872833,831941,788127,836133,833021,797871,801261,803498,814180,775706,800653,837095,827035,831852,769693,764462,782047,739292,716208,761978,781166,674241,684560,772961,764724,718260,709893,720646,751366,686517,610952,702681,715828,656453,644048,751432,697735,668784,596487,610194,640144,188003,543811,326675,484163,651237,660009,646656,559884,207479,633248,664165,617938,636633,636889,622379,611245,602782,640581,641893,622333,637627,627405,588792,561395,639032,647823,633715,647144,649733,636338,609347,640638,626991,650609,656219,654132,630767,623932,633140,642163,615927,633680,640164,641302,653028,594877,620771,618949,592982,563598,595730,574126,551675,548226,584476,579072,540879,517393,510067,523002,588522,504121,506066,508257,506743,513057,543371,521174,508727,608497,509142,552381,629561,637686,629186,629902,622901,638673,542388,585991,621906,590579,619876,617374,601296,623688,608241,591454,610772,597164,634453,589993,613995,625652,606875,606917,586406,577979,571641,611697,584960,590157,583790,615660,576740,587356,578718,583944,559862,590263,552198,583947,555335,557442,582072,593865,569760,531188,546893,548831,539068,519138,547227,533168,516207,517213,556075,544294,528663,508913,499380,507226,492856,476315,494926,502978,492943,523712,512419,491295,490117,479255,482307,481682,450958,399620,467435,456618,436565,383942,485537,469461,422661,442411,439617,456178,444007,440251,432891,439278,432822,450964,457259,447813,438408,420655,425345,433468,381448,398344,393058,403362,379641,374513,421996,402435,392558,356052,365035,367515,331868,340975,343094,352519,327148,329223,370190,350839,346824,316218,315088,313059,305610,289711,296288,320680,284058,294556,321280,317835,301048,271558,275697,272016,260968,258023,261790,259798,263956,256856,278928,273342,258101,251792,249030,255275,252951,261773,250227,249869,252061,252344,258995,250211,249887,252351,256589,251542,256270,240769,250656,238720,238408,241816,253801,252398,258611,245213,237533,237859,243559,245256,238876,226427,236996,233000,236984,236194,238693,248202,250562,257458,240155,239285,255185,250852,241756,249514,236282,252468,237186,223258,239309,242710,229357,229351,238127,239972,231214,236726,244097,237066,235480,215404,219568,220424,214286,207505,207450,213347,202601,206592,230520,213679,206534,193863,194234,194477,183529,179428,189985,188037,178325,177044,194771,184833,185088,174444,176668,177189,169193,166723,159737,164655,165704,163342,177118,181228,167129
    Southeast Asia,434665,424310,435822,452938,425390,490396,480856,384153,461800,453017,436843,366355,366871,373484,175898,42133,277262,307053,18757,22793,358654,333615,141152,2993,6342,13502,3863,7403,1605,1816,7247,6905,24546,2048,7402,4091,6330,6747,497,89266,1128,2130,565312,295689,7235,3014,507,560132,559009,592397,534120,535114,548662,571143,525085,539669,542499,557843,552162,551538,543794,540676,527271,548134,567516,542165,528558,541375,526214,548449,549038,521915,516307,531602,488548,540295,500182,514140,510183,513229,522062,517465,546339,471664,488931,493474,519035,506473,485456,496497,503197,518141,518312,485005,508562,478355,483035,483613,485323,457751,479842,478268,476752,460882,497317,479998,472851,506939,503753,494131,521051,517562,525668,499586,531401,523171,504677,484373,506813,516252,532075,541681,511294,529658,522967,488765,494962,485549,512912,539906,492356,467190,483575,522192,476105,491160,468515,454842,466843,511436,488579,475165,488410,457945,455672,448585,440013,439446,456999,465685,433471,453431,461217,456366,451629,430603,429005,425679,402109,359004,404497,421301,364456,367080,439669,381697,387127,322409,329221,350412,288481,287385,299176,299960,267934,279858,357695,302725,291201,302377,286048,290767,296877,317300,289466,291952,305515,311006,301276,290150,297068,298047,334276,300638,311305,302686,319784,312382,307768,302397,305236,323915,301441,286117,325539,300796,293907,286307,291048,294956,283938,286358,310527,310445,299892,280054,280757,283200,278648,287597,281867,289392,262932,267139,277378,272941,277136,262648,265384,279312,250975,236803,257569,264072,245118,247070,268301,255698,246664,224064,221905,242020,89817,194542,148871,206017,226841,220010,234716,222946,69824,211189,218242,212362,209793,213005,205099,207212,196726,205329,222840,205935,210863,215084,211924,202737,211891,210556,206994,212419,199864,205104,208351,217700,203411,204816,200393,202875,194308,196031,196983,201220,203797,196002,197244,198337,210202,187578,195362,187368,221954,168551,204517,179021,167700,167521,192953,181627,170027,155611,151183,156092,215748,150525,150644,145070,154187,146878,162494,156819,147659,201331,171017,185077,201854,197010,200584,223763,190527,220168,174576,189358,204469,186706,195393,187437,186115,179561,200449,191110,175418,197722,213079,187741,189286,191778,189912,188648,190199,186121,179140,188711,181196,183507,184257,187172,181389,183439,182527,184908,175423,183496,185801,189974,176207,172689,184108,188221,177218,158590,170261,172281,158666,160085,174508,156430,160285,154550,175358,169530,163252,155430,155925,152961,153297,144708,151216,154644,155579,165589,154320,150775,151942,148647,148321,151978,142056,136154,148314,142742,126931,134080,147885,144619,133346,123829,121753,130164,121669,115751,120120,119729,116399,121574,127310,125231,119207,111946,113952,118171,94937,103469,104449,105466,100769,98967,106776,104667,108237,98857,102198,95142,89904,95364,95360,99352,95089,97020,102868,97020,99543,90913,92216,92773,92613,84910,84846,92715,84385,84893,96723,93853,89185,85066,83017,82122,84928,83585,84544,83237,87500,83863,83822,84763,82419,83149,79518,84944,82484,88151,82217,83009,87745,88336,87302,83835,84893,90025,90031,87460,90374,89676,90605,78286,85896,88786,87333,92466,94556,91734,86905,88777,92942,94323,89781,78335,91032,90070,86704,88527,92979,104503,105970,107611,97739,89497,102884,102652,95271,96505,91090,106275,89468,88542,94939,94388,92585,92802,96596,99496,92604,91793,94713,90175,92766,87148,88386,90313,85048,81971,81838,86260,81151,84878,92418,87556,83411,79312,78484,79844,73852,75196,76320,78485,71734,69692,78370,75583,74156,71449,72051,70811,70054,69010,65705,68628,70268,69548,71324,88920,71319
    Hong Kong SAR,29423,31389,27829,28205,26902,25519,19535,22018,34001,25557,29541,15528,19969,24032,8709,4315,10165,6986,1197,1903,24780,8295,6473,761,608,640,296,279,396,473,379,260,708,461,197,331,363,375,2,6051,74,218,32198,21233,487,258,11,40226,42957,48281,39627,38860,39490,34352,39717,39897,43939,38524,45547,40967,40984,38831,39990,47375,41769,36204,39928,36325,37092,40268,35500,37535,38631,39782,37428,37962,35981,37188,35664,42305,37688,38646,45568,36607,37201,37337,44326,66608,46551,47059,47143,48217,38346,49441,35443,49661,48938,45682,50952,47714,49649,55138,45939,45228,48108,62922,48259,49933,47816,47887,52955,49322,50844,53629,52763,49782,47915,62805,56210,41847,44308,47354,44705,57003,46443,45593,42797,46942,47165,45257,32459,42890,44648,44385,35790,39723,38731,34477,32172,46553,45041,36006,38430,37685,34835,37721,40694,36588,39660,40544,37892,36538,38794,37095,43443,33641,36172,35421,34031,29290,33510,34133,24922,23701,35385,35541,29972,24854,27767,24033,22521,23737,22453,25150,20168,27477,22999,27722,24396,23690,21739,22313,23726,30841,23859,21712,25400,25347,24620,20421,17386,25930,25276,26235,25872,25016,26367,25250,25545,23600,23153,24442,25365,23198,23913,26592,24562,24547,24971,22382,25716,24608,24460,23072,24965,27035,25188,24096,25683,34982,24864,28055,23547,24929,24219,29006,20737,22431,23854,22927,24852,20528,22713,21758,19524,23206,25579,23044,21514,20477,20881,21916,5797,17762,17081,23712,23753,20535,22488,25883,4348,21658,22796,20698,25541,25480,23801,21293,22722,22018,20549,20032,19861,23056,20957,21855,22065,28021,24527,20231,23971,23801,22743,21641,23611,23833,23480,25111,23954,22049,22904,24788,22356,22695,22641,23806,26672,22689,23809,23310,19828,19715,20845,23719,20373,21373,21801,21927,19356,21176,23897,20740,23612,25202,22765,21937,24665,22053,21489,21241,25441,22552,16187,21904,22891,27686,20888,20318,22597,23150,24573,22822,17777,23454,25616,23817,23837,23199,26317,23322,22363,23862,22678,24446,23661,23266,22261,24072,22720,19583,21771,24178,26196,22767,23691,23841,24451,22814,21908,22397,22037,21427,24092,23109,18617,23126,23408,23426,20934,19528,21141,20225,19485,26594,19568,21204,23390,18591,20853,20089,22146,19824,18991,21770,19935,15610,18936,19254,18221,21162,20986,18797,17762,18576,17372,17119,17043,21729,19088,17428,14940,17367,18325,19178,13017,16449,18201,17622,16783,13621,15239,16789,14539,14445,18088,16999,15761,13071,13000,13767,11443,13640,11916,12269,11079,11464,13654,12323,9451,10811,11134,11052,10099,10125,10752,10257,9851,9760,10515,9842,9816,10234,10004,10031,10563,9017,10007,10475,13057,10171,9951,10682,10819,9177,9604,9430,8391,8543,8361,8687,8439,8105,9805,9049,6773,7996,8056,7925,8134,8178,8295,8303,7920,8503,8213,7935,7529,8165,7974,8311,9230,7525,8217,8149,9110,7658,8034,8215,8088,7954,7618,7847,7582,8115,8096,7308,7706,7871,7342,7475,7743,7831,7889,7583,7524,7046,7391,7947,8950,6895,8028,7995,7452,6848,6263,7363,7004,7068,7133,6793,7087,7635,7113,7117,7537,7002,6907,6732,6871,6520,6750,7272,5859,6737,7405,7049,6442,5626,5899,5692,5064,4818,4810,5049,5636,4532,6069,5072,4918,4320,4461,4858,4184,5211,4419,4371,4203,3948,4539,4511,3091
    Taiwan,29766,31380,29186,31337,16926,34298,34475,22839,22100,38495,23146,9132,11709,17170,2521,536,3880,4800,366,400,14200,7311,969,509,424,385,228,295,34,60,278,174,454,434,281,147,173,203,5,1396,38,85,31358,14876,293,103,2,37672,39928,39984,35464,30311,37592,39332,35214,32189,26173,39327,31954,36611,35551,35748,34609,33598,36507,36511,31215,35767,32039,37766,35749,33170,39379,35958,37667,32264,32288,32608,30153,32041,30069,32827,30498,34153,31302,29604,34393,32546,38259,30865,33998,32228,31045,31996,34206,31491,33041,32736,29967,29627,31821,32906,28036,30717,32585,33956,30449,28983,29252,28630,30885,26612,26803,28654,28435,26235,27039,28912,27126,31421,28103,29504,25272,26770,30857,30571,29779,31325,27575,30903,25461,21520,24510,26324,23011,24753,21854,21817,21530,26368,29472,21471,24251,22561,20819,20113,20532,17073,21415,22232,17033,16269,20511,20700,19882,16046,15837,16246,18559,16746,14234,16232,14788,15452,15877,16439,15415,12449,14750,14346,12588,13618,12134,11957,13525,12953,12562,13787,12787,14630,14810,14916,15656,14959,13908,13441,15982,15989,14473,13339,14998,19275,15669,16293,16517,17544,17819,17217,16883,20937,16630,16637,16516,17994,18589,19114,17166,17891,18258,18679,18323,16972,18885,18518,18949,18257,19524,17125,17896,17471,17410,19016,16529,16972,17590,18012,17423,15760,15478,15710,15627,14714,15663,15105,14398,14315,16321,15341,14192,15361,17172,15243,1428,13105,5506,12693,15904,15571,14097,15120,2619,15748,18583,14865,18514,18481,17152,17687,19409,18491,14485,17252,17871,17840,17320,18658,18249,19209,18805,17883,18045,20143,19551,17163,19960,23270,21892,20743,26157,26953,24936,25590,20573,25878,20818,24273,28003,28288,26634,32605,23358,25023,26366,26512,28899,23796,26560,26389,24601,25049,27677,31763,33322,29318,30985,23954,38514,36908,29767,29213,27469,43605,29158,32453,48782,48443,48568,43627,38797,43645,36695,37452,44669,39299,45985,50660,45494,48622,41779,39908,44687,42792,43936,42865,45924,52301,47277,40691,39991,42377,46144,51661,46299,50046,41342,50709,46991,46796,46868,41814,37094,40317,38764,43525,36799,39011,45525,47267,44248,33225,36486,37432,35443,33625,35328,36501,37701,34903,38494,35960,33965,33716,31692,33461,32184,31672,35771,35485,26943,29868,32365,31473,30960,24702,29325,25209,24518,20754,24229,22592,19417,20719,24697,25583,26509,16514,17866,18771,19971,21432,18394,16866,18159,20468,20436,17215,20094,21941,22282,21856,17263,15310,17387,18756,14889,15466,23867,18285,16941,13620,12838,13488,11575,12470,11749,11781,12706,11337,14598,13655,11891,10092,12572,13200,11198,11607,11411,13515,10707,13742,11992,14043,12127,8804,9880,9236,7781,6869,7730,9568,7032,7120,10513,8315,7019,8074,6583,6582,6778,6966,7330,6328,6730,6941,6721,7179,6472,6700,6501,7116,6859,6446,7177,7222,5853,6190,6855,6506,6827,5204,5485,5798,6003,6033,5344,5448,5825,6150,5407,5385,5619,6056,5810,5626,4963,4844,5021,5194,6307,5300,5596,5562,5478,4296,4445,4570,3805,4481,4882,4582,4864,5600,4877,4724,3920,4615,5094,4943,4947,4706,4479,4545,4780,4324,5409,4348,4312,5163,4731,4998,4438,3874,4397,4569,2495,3342,4642,4889,4218,2840,3007,3597,2231,1972,2718,2080,2659,1438,3006,2842,2417
    Japan,41425,39406,36702,38179,25256,32387,45476,22531,32713,52211,27557,17438,18020,20283,8252,609,10705,13026,621,577,21262,14511,5422,706,798,390,364,428,154,314,620,383,613,254,1003,322,520,704,39,8480,175,592,69388,51596,759,372,32,74165,80667,68374,74905,63314,71671,74101,73257,72624,74429,77162,84715,71042,74268,70589,66775,64429,67025,69986,70519,70048,67663,70567,66586,64402,64750,72885,66857,65275,65874,64210,61643,70435,66592,66410,62258,63755,63079,62541,67962,63479,67931,65164,68436,66698,64477,65935,67394,68540,66894,65536,65705,64538,65181,67829,64282,63315,67328,66337,63178,69079,69335,66754,67496,69582,68302,69346,65852,69222,71073,69443,68098,68967,68922,69195,69297,71113,70238,69947,67943,69057,69186,68574,70447,62054,63178,66709,62440,61514,63584,60855,59108,62191,67503,62846,64199,59087,58051,57268,51484,49847,45960,55173,51333,59092,60496,55906,49415,42537,43285,48055,45235,43563,43775,44210,38948,41718,47112,45020,45204,49640,42749,36268,36184,39558,33439,45935,42252,41422,39017,40964,40429,45605,46956,45178,50988,48687,48292,46716,53801,50557,46140,43816,46048,49952,51148,51046,45963,50221,48317,47966,50924,51240,51893,47598,47732,46249,47329,50473,50350,53566,49998,50668,48458,47836,47012,50926,51650,50590,50085,49905,51360,45089,49501,47658,50009,45439,49656,48730,51847,54312,52660,48576,51352,46022,50368,53211,45126,45350,50537,51600,48309,41156,39871,38511,8374,47386,15973,26919,56266,56983,45839,32801,15637,67174,61456,55688,60980,59239,61914,62302,50061,55527,58777,64774,62109,60449,38459,32953,72214,73326,72317,71192,74796,73854,42389,69785,74319,77694,79993,82035,76894,78186,75257,78639,74669,79354,71698,77320,77328,73196,75126,77212,70531,72034,71658,68840,71309,68380,69749,73244,66785,70958,65076,64838,70631,68162,70889,79006,71760,68599,72302,70359,68912,87120,73691,80092,91474,97524,94322,96095,101056,105214,78833,86698,103131,92624,101055,98585,95737,102781,97122,93139,104875,92703,100667,90773,102130,99500,99895,104875,100473,93286,97458,103976,92453,90162,94780,105994,91572,94121,92390,95783,98306,98727,84777,87463,84984,91534,92161,93330,93893,85323,86030,85302,78849,75189,83861,84744,82798,82171,91034,86833,75599,83469,76715,77455,80906,86348,84249,81943,87501,92333,85568,79097,83491,82280,88860,84870,72885,41171,75057,76368,77265,41823,87925,80184,64629,73726,84242,84639,77750,80326,82866,80646,83966,82613,79429,80242,81464,75604,75664,75614,67147,64077,69500,72101,63243,59452,78989,72806,66193,61054,59491,63373,55121,52552,58111,60192,47702,49498,61234,56618,58415,49116,45524,46473,45221,41444,44350,49552,39121,42556,45608,50262,39713,33219,36312,32509,31211,32240,30935,31432,33284,34573,36958,36651,34183,30449,27150,31734,33143,32765,32787,32357,30543,29776,34092,30839,32193,30927,31895,30329,32042,29977,31020,30179,29060,28876,32600,31462,31333,31005,31719,30793,30905,33157,29614,29981,31353,32189,29412,29793,29630,31186,31742,31683,31194,31776,33696,31158,31716,30781,29430,32064,31166,29265,28555,32204,28478,28852,29160,29537,27500,28611,30762,31538,29159,25198,22518,24765,24687,23375,21041,24199,24105,22894,27431,23562,23601,22117,22777,23077,19782,18515,22175,21873,19255,19598,22669,19757,20081,14615,18967,20703,16811,17456,15825,16720,16717,17885,18704,17325,16938
    India,90311,97736,93287,87647,81385,89549,95011,67722,75510,92846,97197,96553,84872,76103,40917,29808,50372,76849,12639,20754,77875,84747,39889,764,3055,7690,58,4571,9,340,4366,4290,28885,106,3629,449,444,512,53,19707,102,651,119770,65386,2331,655,85,121488,119800,115826,117846,119337,116605,115068,116382,119653,118218,123685,117182,120002,116141,123475,124942,119968,125938,120805,120749,110722,119894,114875,118980,121670,120977,87703,109489,97646,111148,99927,93879,98696,116455,104196,106276,90266,94326,92186,90031,90413,89350,92994,91164,87886,94857,91693,92159,84719,86154,89754,82875,80233,81644,89016,82569,81080,87276,86974,82233,80219,88264,72820,75487,80508,76182,76675,74517,83761,80763,79877,78207,79027,71749,75450,77019,81004,80107,76631,80533,80426,80546,77579,75082,71746,71054,75778,78011,76463,74667,71776,70539,77722,75148,75223,75319,72531,74825,73318,71627,68080,71869,74264,72250,69911,74955,70798,73842,68180,72358,74088,72856,64346,65661,67374,65802,64361,70022,65716,73576,70060,63671,51039,57190,55341,61642,68322,57587,55570,66687,62432,56699,62638,65824,59044,66304,67118,65550,65320,67378,69128,59546,66479,64334,63883,58557,66478,63218,60723,62526,60249,60859,59496,66293,63083,61206,56472,57869,54983,52729,56046,52069,54056,52117,53904,58869,55052,55764,49642,51789,53560,47132,47604,50342,51891,39410,40290,51958,49330,46581,39517,38563,46105,39310,31399,40134,39358,37100,37717,43219,39347,37864,33092,33714,34130,8653,27487,15086,27413,32079,32410,36121,31590,13402,29903,32332,38291,32325,32042,31040,28608,29023,28935,31995,29923,29830,28890,24645,26962,27791,30118,28268,29007,30090,29374,28635,27884,29239,30457,27926,29354,30160,26333,30442,28279,26470,28207,28018,29683,29736,24109,26538,28023,22570,22079,23339,23815,21556,21983,27466,23627,23004,20944,21445,20084,19826,19294,19378,20412,20373,20797,21961,20135,19243,18622,19104,19340,19058,18726,18565,19791,17949,16902,19206,20544,18076,16477,17434,18605,16351,16998,17305,16620,16245,16180,16972,17141,17541,17211,15955,16088,15289,15013,15228,15598,14537,15464,17066,15981,15010,14237,12642,13814,13668,14479,14402,14157,15692,16465,15293,14945,14715,15395,14887,15212,14801,14569,14356,15382,14660,14029,15283,14890,15984,15486,15752,15451,16506,16818,17271,16813,16430,17439,14420,16199,16650,17607,17568,16681,18237,18057,17109,17133,17597,17329,16673,16718,18414,18249,16945,18949,17992,17655,17903,17907,17519,16589,20615,19027,17135,14705,15673,16507,16175,16638,16223,15699,16548,17149,16798,15581,16590,14178,16081,16639,17440,18294,17318,16003,18052,20140,16972,15826,17373,20369,17654,17723,21122,21742,21042,21090,21486,20328,18855,19744,22442,21258,20664,21133,16817,18032,19137,20116,19518,20064,20062,22799,17914,19997,21210,20871,15658,18277,16900,17584,18455,17479,18478,20053,14047,16260,16696,16590,15932,15182,15559,18357,14691,15778,17145,15388,15117,15159,12694,13881,13320,9880,14013,15525,9401,9139,13845,15970,10750,8898,9767,13197,10620,10441,9846,8290,10460,11139,9483,9508,9797,8693,10228,11044,9839,8319,9849,10039,8254,8221,11347,10479,10049,6898,7504,7086,8342,6155,8057,7279,6045,6065,8065,7102,6070,5803,5600,5898,5752,6471,5620,5782,6171,5966,5730,5310,6199,5540,5486,6400,4248,4102,4623,4718,3362,3909,5013,5148,3424
    Pakistan,1466,1477,1407,1507,2116,999,1285,2405,2766,1059,1389,1287,1504,1669,585,103,576,683,93,54,1578,1053,283,6,6,38,0,53,0,1,32,26,56,3,20,24,30,20,2,452,2,12,2449,1097,35,33,0,1596,1556,1720,1392,2067,1698,1295,2221,2120,1799,1266,1750,1972,1921,1780,2002,3243,1953,1941,2274,1997,2150,2130,2504,2187,1825,2271,1801,2645,1113,2124,1788,2129,2316,1817,1883,2174,2219,1845,2287,1735,873,2141,1702,1897,1842,2069,1889,1659,2149,1820,1558,1476,1220,1492,1636,1324,1719,1838,1484,1390,1334,1559,1600,1842,1759,898,1388,1667,1509,1583,1601,1837,1941,1648,1928,2015,1738,866,1929,1900,1656,1802,2011,2262,1605,1754,1751,1737,1965,1662,1902,1843,1748,1466,1609,1756,1865,1861,1946,1594,1739,1765,1781,1746,1878,1212,1827,1761,1715,1738,1843,1951,1900,1929,1828,1955,1815,1317,2079,1779,1671,1831,1711,1741,2022,1859,1661,1779,2241,1818,1773,1803,1468,2105,1935,2338,1786,1882,2008,1935,1959,1869,1858,1815,2117,1870,1807,1940,1781,1913,1950,1896,1779,2081,1789,1695,1695,1696,1834,1622,1762,1779,1212,1780,1765,1871,1511,1429,1798,1320,1320,1343,1349,1043,1253,1275,1374,1288,1401,1391,1201,1325,1109,1054,1190,1278,960,971,1257,1199,1160,877,1002,935,430,873,615,658,941,931,973,751,518,943,1116,995,940,839,912,872,788,607,847,759,835,3795,1504,440,4228,4127,4312,4288,3936,4083,564,3997,4335,3655,3772,4009,3339,3105,3318,3577,3177,3610,4092,3575,3412,3092,2832,2853,3179,3067,2890,3089,2880,2898,3200,3273,3025,2503,2590,2725,3266,3135,2904,2617,3969,3594,2632,2679,2564,3545,3331,3300,3573,3854,3495,3193,3107,3225,3446,3355,3124,3609,3466,3129,3723,4255,4105,3870,4334,4343,3250,3583,4149,4657,4638,5498,3708,3706,4021,4510,3604,3726,3932,4426,3976,3157,3264,3658,3057,3293,3013,3257,3123,2773,3695,3231,2980,2731,2880,2985,3092,2985,3237,2947,3759,2959,2725,2980,3018,3348,3379,3114,3353,3569,2944,3335,3439,4335,3379,3096,2886,3356,3292,3514,3331,2614,2850,3129,2475,3198,3387,3274,3125,2779,2710,2432,2768,2931,2760,2561,3081,3146,2610,2612,2748,2666,3048,2934,2537,2835,2929,2699,2549,2614,2885,2967,2970,2806,2621,2689,2837,3045,2901,3091,2593,2950,2390,3004,2599,2865,2767,3010,2779,2527,2973,2806,2699,2396,3218,2226,3008,2626,2619,2225,2070,1975,1872,2173,1859,1854,2685,2259,1791,1758,1860,1865,1764,1551,1752,1775,1721,1839,1723,1599,1633,1409,1826,1563,1486,1676,1629,1638,1458,1818,1401,1519,1628,1235,1280,1410,1360,1246,1247,1207,1250,1238,1489,1328,1362,1325,1236,1454,1111,1138,1151,1085,1207,1070,1338,1301,1067,1263,1191,1232,1260,1282,1365,1565,1362,1331,1156,1143,1228,1869,1519,1443,1135,1040,1078,1253,898,1018,1584,1163,1206,959,1108,827,1030,844,915,887,862,821,941,1026,783,634,815,680,684,652,668,672,621,661,716,656,698
    Sri Lanka,5211,4607,5259,4421,4469,5071,4789,4565,4392,4504,3503,4489,4836,4067,2872,1676,3151,3222,599,1110,3496,3144,2098,15,20,157,5,264,2,2,229,135,479,5,118,33,35,48,5,1865,4,19,8963,4190,73,29,1,8493,8289,10152,7334,8107,8826,7986,8239,8111,8832,7632,7325,9645,9494,8333,9630,9511,9939,10555,10296,9543,7243,9638,10480,9543,9501,9764,9594,8487,8748,8216,7836,7747,9936,9279,8458,7946,8035,9319,8007,8125,7496,8555,8173,8547,9437,8802,8619,7783,8382,7626,8345,9361,7548,7473,7423,7649,7446,7111,7452,7932,7294,7955,7754,7058,8127,6373,7783,7422,6272,7759,7462,7624,7272,6858,8007,9162,7734,7848,7996,7899,8086,8366,8415,6913,7585,7197,6157,6453,7380,6468,7062,7061,7483,6584,6865,7012,6766,7184,6674,6859,6344,8271,6895,7316,7849,6288,6541,6366,6566,6328,6977,6447,6788,6643,5817,5908,7229,6491,6819,6237,6539,6619,5167,5112,5761,6129,5736,5399,5603,6277,5451,5498,6320,6120,7050,6983,6561,6520,7645,7494,6522,6747,6621,6447,6267,6559,8165,7182,6627,6559,6175,6262,5993,6819,6494,5953,5880,6584,5847,6019,6391,6181,5883,5771,6370,5885,6182,5927,6209,5768,5714,5606,5788,5720,4362,5049,6057,5393,5818,5930,7946,6648,7806,4607,11081,5336,4763,4985,5196,4887,4811,4540,4601,4403,1857,4353,4722,6786,4878,4778,4823,5122,1298,4478,4597,4404,4662,4691,4410,4389,4985,4565,4487,4548,4502,4458,4371,4584,5013,5159,4677,4695,5241,4882,4194,4446,4784,5210,5092,5892,5154,4641,5662,5131,4726,5254,5137,5304,5893,4969,5167,4899,4949,4916,5151,5403,4540,4876,4898,5210,5094,4638,4636,4702,4204,4314,4019,4275,4409,4273,4910,4519,4163,4133,3975,4165,4069,3808,3979,3820,3951,3629,4181,3883,3560,3740,3775,3807,3943,4211,4141,3944,4009,3737,3791,3269,4119,3931,3860,4283,3890,3977,3911,4005,4074,4131,4113,4270,4238,3973,4214,4031,4054,3890,3820,3996,3949,4036,4131,3481,3967,3946,3913,3773,3937,3742,3891,4081,3772,3753,4044,4372,3833,4302,4375,3824,5871,5104,6595,4793,4906,5339,3889,4469,5209,5138,4915,5010,4503,4590,4978,4909,4354,4520,4552,5038,3580,3976,3927,4324,3651,4299,3630,3459,4615,4310,4297,3619,3681,4244,4993,4782,4271,4085,4259,3492,4185,3847,4590,3659,4203,3039,3726,3683,2994,2750,2842,3257,2386,2650,4024,3479,2948,2386,2234,2210,2194,2304,2431,2805,2426,2447,2242,2334,2440,2511,2417,2439,2463,1995,2243,2620,2063,1939,2641,2590,2020,1669,2027,2207,2129,2267,2175,1954,2028,2339,2141,1874,2393,2315,2320,1768,2089,2537,2120,2044,2242,2073,1951,2198,2040,1898,2107,1989,1975,1927,2166,1742,1809,1835,2073,1700,1871,1740,1589,1751,1707,1886,1570,1839,2007,1902,1640,1852,1775,1643,1979,2135,1659,1433,1730,1983,1280,1374,2100,1950,1562,1122,1407,1633,1300,1249,1287,1269,1115,1271,1410,1231,1139,1214,990,1086,1102,1130,1182,1103,1169,1069,1086,1155,1186,915,995,992,898,818,903,939,832,834,1092,944,906
    Americas,82336,70355,82271,75146,60394,67062,75681,57529,70729,73423,66534,60824,57706,62861,26980,5361,35064,43901,2355,4548,59688,51481,15984,1140,1261,2291,372,480,235,721,541,529,4037,1172,736,583,583,533,42,12908,148,411,84752,50377,574,594,14,84890,78692,84183,77472,75990,79076,82576,75554,74785,87629,84050,79676,73955,70834,76145,69975,71591,68607,71931,67170,72520,74952,71359,73289,63594,61428,74200,61154,60927,63350,62988,61717,62513,65530,62146,58900,56212,59270,60518,56836,53572,55171,56195,55814,55082,61117,55720,55695,55192,58304,55496,53620,54699,54014,53690,54742,54588,55276,56379,52114,54896,51879,53009,51464,56460,49210,51504,52321,56071,53757,53409,51604,55431,53190,52805,52701,52340,54401,53090,54024,52910,52488,54741,54939,52570,52697,53457,51407,51016,50856,51165,49095,51288,54811,50337,49303,47925,48879,48850,47388,48404,46416,48112,45281,44605,45939,45883,47311,44594,46142,44282,44064,40388,45239,44504,41719,41243,43467,46024,45062,39504,41305,43710,37361,36193,38439,39578,37225,35011,40838,41121,38597,40191,41744,39532,42765,44386,42049,42283,44325,44793,39745,40995,42629,43651,47068,43717,43245,44452,41941,43054,44096,42394,44288,43262,42999,44842,39514,44573,42273,41663,43134,42877,40712,42494,43733,42150,42028,40124,38835,42405,38911,37598,39351,39890,37767,36717,41616,40293,36418,35141,35994,34990,34951,32564,36267,35806,33251,35274,37325,35854,34651,31713,30719,32452,8811,28269,16018,24208,34903,32271,31658,31025,8945,34812,34938,32937,35375,34938,34927,35027,33614,35784,33837,35263,34932,33384,25796,29865,39294,39320,38273,38455,40613,38211,34146,36669,38732,40664,41409,40663,39391,40741,39172,40418,37524,43542,39434,40414,39757,37160,39430,36083,35513,39849,39274,36159,35995,35229,35693,37864,35441,33782,33928,37537,39308,35183,33585,34003,34720,36660,37326,33927,35475,39008,34261,36842,40097,38601,40619,37891,39702,38147,36280,38111,41195,38538,39126,39192,36552,37943,38233,38010,38376,38675,37486,38583,38733,36810,38388,35129,36024,34415,35554,36360,33880,33562,36587,35901,33351,34865,35177,34775,35649,37348,33149,35225,35331,36993,35397,38612,35689,32791,33160,33757,34383,31049,30416,31986,32319,30822,35868,32339,31343,29955,30254,31501,30747,27372,31344,30755,31009,32822,31213,31181,29912,29790,28232,29249,26396,23064,28453,30560,25161,21843,30519,29023,25411,29478,27386,27847,28356,27980,27750,27924,26752,28466,29709,28316,28153,27060,27367,27089,24478,26325,25810,26221,25546,25642,26669,25518,28619,23448,25199,26005,21028,22177,22341,23276,23397,22292,24951,24110,23407,22514,23167,21461,20720,22236,21178,22431,20520,21146,22463,22126,20448,22455,20040,21419,17674,17663,19151,18796,18372,17512,21131,19362,18365,17239,17765,18391,19295,18736,17545,19782,17843,18357,17187,18782,17878,18395,18401,17555,19063,17492,18028,16730,17124,17845,19047,16975,17285,17492,18056,17094,16872,16210,18029,16744,16386,15449,17149,17394,16969,15545,15632,14439,16015,15227,15091,15755,15135,15589,16419,15800,16279,14515,15163,15190,15585,14311,15683,15973,15674,16911,15301,15903,15319,15136,14904,15395,13701,13765,14143,14457,13317,14050,14838,14680,13507,12666,12955,13138,12366,11961,12361,12305,11441,11074,13251,12363,12404,12405,13641,12663,15876,11624,13368,13113,11834,10814,11684,12061,14128
    Canada,11621,11127,12167,13150,9350,9385,11157,8150,10929,11194,10721,9137,8945,8935,3778,643,5159,6013,342,444,7987,6919,2260,194,151,214,29,57,20,61,64,62,650,81,56,64,59,58,0,1776,14,56,11069,7323,62,44,0,11516,11110,10713,11939,11763,10714,11653,11061,10926,12278,12523,12401,11274,11068,11395,10315,10567,10013,10372,9997,10513,11584,11207,11465,8990,8994,9712,8523,8503,8881,8899,8345,8726,8826,8940,8229,8034,8523,8717,8165,7817,7561,8397,8362,8237,8463,7960,8088,8051,9111,8294,7576,7853,8238,7638,8207,7829,8372,7813,7442,7849,7580,7483,7797,8185,7576,7541,7937,8177,7778,7674,7066,7716,7938,7885,7679,7282,7796,7712,7749,7480,8059,7980,7857,7569,7613,7550,7078,7616,7165,7478,6904,7113,7591,7166,7284,7030,7276,7658,7045,7350,6783,7073,6554,6070,6488,6939,7162,6608,6472,6233,6329,5614,6531,6557,5743,5764,6484,6776,6821,5618,5991,6043,5792,5763,5907,5639,5936,5840,5715,5859,6087,6256,6969,6552,6713,6819,6703,6765,7178,6965,6379,6188,6453,7370,8306,7063,7025,7358,7009,6796,6815,7275,7188,7373,7171,6688,6273,7327,7044,7011,6747,6998,6978,7024,7318,6550,7123,6701,6631,7622,6219,5628,6438,6563,6269,5661,6703,6844,5625,6017,6280,6067,5360,4991,6091,5757,5300,5545,6257,5971,5403,4748,4462,4863,1643,4839,2936,3583,6008,5413,4944,3989,1967,6011,5897,5638,5597,5551,5582,5996,5454,5542,5686,5719,5382,6079,5072,4952,6355,6053,6185,5978,5772,5868,5323,5942,5994,5637,6204,6126,5661,6305,5907,5780,5429,6405,5773,6046,6013,5915,6523,5772,5691,7609,5606,5427,6012,6100,5604,5649,6199,5754,5759,6511,5504,4805,5141,5080,5039,4719,6134,4933,5061,5172,4296,4862,5485,5176,5936,5303,5337,5255,5191,5409,5355,5416,5535,5455,5066,5653,5887,5705,5250,5542,5173,5723,5271,5131,5133,4924,5426,5086,5363,5511,4947,4935,5198,5366,5058,5101,5294,5780,5124,5758,5285,5252,5709,5744,5285,5136,5676,5596,5570,5480,5528,4970,5350,5191,5348,5134,5503,5218,5137,5042,5266,5402,5236,4927,5302,5117,5548,5482,5341,5474,5700,5189,4926,4958,4795,4395,5052,4927,4956,4451,5633,5108,4235,5325,4893,4993,5570,5479,4747,5139,4888,5228,5232,4831,4738,4668,4634,5236,4464,4323,4816,4850,3991,4379,4779,4615,4609,3582,3905,3933,3131,3299,3341,3839,3267,3265,4002,3763,3270,3290,3535,3129,3004,3042,2947,2858,2869,3046,2964,3019,2905,2561,3039,3533,2417,2705,2540,2492,2544,2390,2979,2703,2496,2669,2655,2541,2645,2541,2476,2629,2373,2763,2515,2638,2607,2265,2296,2235,2294,2155,2411,2229,2295,2132,2278,2241,2146,2395,2430,2517,2733,2012,2419,2130,2210,2108,2309,2403,2287,2176,2048,1723,2166,2046,2206,2206,1951,2148,2138,2116,2148,1842,2074,2047,1867,2099,1961,2043,2003,1956,2189,1964,2074,1811,1824,1809,1709,1688,1694,1752,1479,1856,1878,1812,1587,1586,1440,1653,1579,1374,1488,1399,1394,1438,1606,1516,1453,1721,1497,1510,2030,1433,1491,1608,1228,1278,1431,1376,1557
    USA,57922,50825,59810,55692,50784,52417,56204,44274,51293,54524,50533,42948,42366,46415,21756,5083,27551,33929,1984,3671,47206,38876,13497,815,972,1916,283,390,184,595,422,397,3250,938,627,448,474,418,38,9469,117,314,63446,36381,449,455,14,62814,61316,63724,58385,58669,60412,62474,57702,55084,66383,62775,59322,54239,53649,56396,51777,54298,52160,53661,47683,55279,56315,52813,54993,47250,46428,52674,46177,45654,47884,47389,45887,46348,48415,46557,44138,42512,45665,45323,43219,40672,42111,42476,42551,41240,45941,42411,42727,41570,44264,42014,41355,42004,41035,41031,40069,42347,42113,42852,39248,41632,39806,40484,39062,43012,38005,39513,40773,41410,40593,41191,39682,42260,40436,40591,40491,40497,41886,40668,41496,40559,39888,41884,41999,40052,40174,41174,40178,39711,39672,39211,37570,40814,42552,39209,37739,37486,38152,37498,37190,37921,36324,37602,37147,33995,35737,35858,36472,35286,37341,34832,35037,32809,36019,35308,33025,33474,33875,35356,35821,31776,32998,34666,29289,28520,30293,31700,28738,27157,32717,33149,30487,31566,32199,30656,33677,34944,32985,33171,35243,34627,30891,32623,34044,34079,35759,34302,33807,34977,32561,33631,34191,33662,34622,33588,33596,35715,30974,34913,32963,32584,34031,33567,32249,32675,34152,33247,32684,31366,30255,32998,30700,30243,30917,31351,29942,29157,33017,31463,29353,27727,27970,27888,27682,26035,28050,28161,26074,28385,29528,28025,27348,26167,25340,26601,6718,22208,12324,19646,28856,23932,25865,25445,6386,27687,27143,26418,27618,27426,26875,26941,26926,28426,27140,27455,27675,26043,19778,24250,30847,31137,29982,30255,33075,30328,27855,28625,30734,33209,33128,33121,31593,32033,31288,32325,29047,33753,32485,32150,31781,29874,31347,29047,28068,29943,31217,28900,28005,27813,29023,30144,27762,26574,26950,29699,31891,28658,26984,27361,28505,29900,29628,27437,28911,31865,28650,30657,32580,31392,32641,30750,33115,30596,29472,30883,33792,31430,32341,32108,29755,30456,31127,30586,30653,32268,30526,30910,31809,30040,32243,29055,28642,27891,28569,29118,28251,26231,29918,28785,26990,27962,28513,27686,28552,30112,26266,28504,27815,29881,28580,31629,28597,25264,26083,26964,26920,25019,23849,25131,24780,25025,28667,25593,24707,23626,23941,24698,24126,21424,24646,24370,24511,25658,24269,24241,22863,23042,21911,23115,20707,17813,22135,24356,18262,16918,23326,22440,20251,23007,21314,21454,22254,21385,21843,21886,20138,22172,22697,22187,22018,21194,21614,20844,19495,21151,19887,20601,20576,19893,20291,19946,22617,18369,20233,21048,17295,18101,17828,18394,18683,18654,19697,19219,18969,18037,18516,17589,17061,18481,17052,17974,16640,16835,18381,18026,16514,18264,16168,17154,14532,14232,15799,15302,14941,14199,17097,15599,14996,13647,14241,15283,15671,15437,14002,15399,14285,15106,13855,15026,14117,15187,15045,14654,16009,14528,14817,13482,14615,14397,15862,14054,14281,14303,14822,13893,13792,13370,14657,13984,13169,12670,13908,14486,14133,12640,12907,12080,13158,12156,12021,12417,11848,12665,13270,12451,13075,11626,11746,12128,12008,11033,12245,12315,12168,12899,11931,12290,11421,12069,11387,12543,10510,11071,11181,11201,10369,11185,11804,11613,10787,9915,10282,9941,9943,9769,9787,9954,9412,8695,10561,10145,10228,10117,10972,10359,12815,9324,10896,10716,10288,8825,9385,10018,12018
    Europe,145493,140269,136987,170152,141929,141216,145710,104227,128149,149213,132688,107515,108655,106750,62748,12771,77169,84478,5453,8839,106037,94667,32687,2448,3658,5576,728,934,455,891,1293,950,9710,1299,1013,1095,1143,947,131,56974,425,864,181648,147559,1239,914,46,174688,176443,179618,173771,176842,173364,175042,177145,177926,191692,175925,181370,177500,173897,169598,173386,173388,172246,177987,163161,168197,173847,178135,167189,157485,158212,160071,151029,153669,154687,154063,145182,155633,149816,155289,162423,143073,154471,146381,143415,147192,132730,141993,145331,142756,148864,145683,143886,139272,145157,145231,135309,128185,135403,140353,129948,127398,145429,141120,129908,140948,134005,131594,135660,132429,131961,128375,134840,136538,134181,135818,143178,134028,134516,132738,135570,134746,138172,134589,129913,127550,134545,136108,125679,128706,127882,128454,120959,131272,126457,126314,130600,131883,126882,124103,126535,120884,118199,124806,114014,111885,114132,117705,111342,107643,126660,115747,122541,109752,113854,122955,118414,114691,116268,112095,111328,112066,115031,115848,115712,113625,115505,114014,107116,102765,110928,111797,104501,101045,110033,112298,109078,110842,110053,108330,111905,110620,110157,110663,108776,106593,114902,109128,108667,102777,105993,106661,102435,107356,102497,102390,111389,108572,106493,104340,101840,101009,103462,105014,99443,99551,97956,94006,96959,101267,107464,101048,102269,95948,94161,95872,95014,92027,96514,96164,92083,91081,96305,94843,87902,89517,91225,93827,85757,82536,89006,91363,87286,86220,98737,88866,86667,78085,81019,83794,35599,76661,47391,66605,92926,92326,87192,74552,42732,94444,92990,89749,93593,95095,91622,91198,89591,92626,91413,90315,92951,96880,87668,86821,95321,95643,95554,96606,96853,93770,88412,94427,90313,95386,99151,97831,91118,89242,94432,93613,85809,94406,97297,95120,93361,92139,95542,96742,80820,88997,85721,88827,84771,84183,78383,91020,84001,81534,80043,82072,85666,80870,80242,79391,79069,83691,84656,83150,84930,84393,69450,73277,90461,87880,91144,84190,85199,83054,76873,81835,85858,84159,85507,87067,82715,82499,85098,83121,80811,81663,86077,81168,83215,90522,83199,79543,79967,76633,80132,82965,79586,78643,75556,82642,78293,87380,85239,83870,82052,87517,79104,87960,86595,85588,80149,85095,84632,84761,86758,88592,86235,82419,84807,85387,82425,81432,85198,87299,85128,80431,80096,81051,80804,73159,81257,80729,78363,78167,80848,79854,80805,80291,77371,75689,74477,67232,77935,77656,75072,65542,79733,77679,71317,81872,78498,79181,80513,78542,73701,80662,76934,79301,81449,80143,77785,74098,76228,75932,73677,76596,73849,75114,72658,74280,76463,75585,74186,68087,71507,73360,62719,65972,66616,68105,62985,64260,67800,69999,65777,53908,54876,55118,48088,47837,50987,51101,47256,47862,58967,52619,51129,42374,44921,46468,42660,41766,42047,42666,42578,41624,47754,43982,41110,40103,40826,40123,39371,39135,39356,39236,36012,37563,40844,38253,39379,38003,38785,38324,37754,33906,36688,36943,35592,35849,37609,36887,38550,36714,34468,36287,35220,34266,35294,34952,34323,33573,35574,34490,33875,36041,34482,35066,34908,34942,36091,35668,36478,36499,34429,35642,35397,37355,38787,36689,36512,36018,36150,37775,37108,36508,37795,39008,37482,34923,35871,35116,35408,34198,35054,34658,32319,32904,36586,35080,30829,31005,31880,34484,29747,29828,33091,31851,30158,30601,31496,31087,31013,28804,27873,30262,25177,25946,23484,26669,24449,26952,27047,27844,24910
    United Kingdom,37886,37013,41597,48682,38799,37857,43745,30923,36314,42003,40741,29436,30988,32230,20075,4220,23218,26659,1934,2986,31519,27775,10504,387,993,2074,143,126,156,343,92,116,3523,369,130,253,212,265,26,15454,120,326,51669,38814,283,240,17,50502,50659,48540,51770,49468,51031,50757,50501,49196,53877,50596,51372,54675,50288,49270,49453,49285,48188,50961,44418,46782,46741,50538,49403,44211,43499,45719,43200,43393,43562,43119,40251,43674,43224,42688,43355,38429,45337,39916,39259,40788,37792,41537,42209,39233,40704,42357,41164,39556,41999,41870,39559,36811,39064,40956,39317,39627,40602,40293,36348,38267,37758,37240,38450,36913,37929,36148,37217,36199,38692,38073,40464,39117,36950,38123,38039,38799,43089,40489,38067,36910,38605,39938,36115,37721,38329,37591,36289,38479,38096,36186,35588,38903,37516,35355,36303,37363,36334,36614,38188,36528,36244,35982,36940,34075,35909,36522,42693,35662,37349,39973,39507,39403,38204,37525,39352,39327,38071,36796,39536,40130,40388,40101,39843,38817,39512,40647,36261,38344,37608,39484,39931,40522,39771,40036,40761,45025,41119,39390,40888,41623,40968,40757,40196,39823,41711,41182,40895,41435,41031,40325,44082,42215,40470,39869,41109,39425,41489,42510,39557,40652,38674,39113,38642,41353,43877,40761,40786,38553,37300,38703,38730,39670,40060,40286,40226,38035,38281,39724,37775,36779,38079,38386,38599,35964,37760,38927,37552,39087,40114,37748,39066,33603,34865,35889,17889,32621,22652,30664,41026,36818,36790,34551,21569,39083,38741,37815,38010,39274,39862,36843,38912,38287,38386,37389,36769,38330,36579,36947,38175,38967,39075,39548,40347,37735,37904,38081,38981,38320,40156,40114,36796,34101,36670,38012,30958,35106,40607,38191,37902,37730,38716,39575,31276,32180,32733,34470,29297,31257,27459,36448,31173,30512,30273,30561,31502,28630,29892,29440,27326,28879,31490,31190,29695,27054,24669,26992,30287,31565,29182,27778,28610,26124,26573,26870,28479,26812,27630,28575,25019,24127,26692,26027,24919,24066,28179,26154,25254,26067,25885,24662,23467,22840,23660,24667,23591,21673,23718,25488,23340,25946,26185,24066,24859,24646,24674,26486,25096,24566,24974,26211,24497,25733,26015,25682,26744,27643,26538,24294,25387,24777,24414,25653,27544,25199,24016,25887,26141,23743,26346,25463,24276,25815,25093,25341,26273,23822,22315,23735,23092,21396,23418,23913,23020,21647,25016,22752,20905,23772,23990,23967,25699,23322,23105,24736,24855,26327,25715,24886,25542,22942,24098,24606,22174,23183,23023,23052,22964,22362,25605,23515,22953,21959,23380,22295,19496,20842,20924,21500,19261,20096,21886,21522,20146,16435,17184,17063,15869,15997,15768,15953,14638,15239,18274,16674,16020,13045,14126,14769,14384,14577,13993,13744,14233,13740,15051,14277,13948,13699,13738,13720,13167,12866,13130,13348,12422,12546,13964,13059,13108,12760,12846,12781,12511,11431,12812,12393,13543,13081,11884,12173,12538,13005,12447,12809,12355,11613,12507,13197,12854,11888,12789,13178,12183,12625,12302,12744,12706,11540,12902,12929,12427,12306,12586,12899,12426,12003,12651,12362,12367,11660,12062,12057,10776,11129,12762,13181,12199,10908,11418,10468,10123,10499,10515,10817,10456,10747,10946,10873,10386,10004,10255,11170,9347,9241,10506,9455,9407,9459,9719,9481,9443,8465,8506,9280,8058,8461,7849,8136,7936,8213,8855,8008,7703
    France,14720,14612,12488,16390,14273,13543,15304,10364,13613,13851,12699,11197,11958,11035,6134,1907,7737,8911,1120,1723,10271,9468,3588,374,476,840,101,155,37,81,414,196,1435,189,167,216,238,128,2,5596,31,75,16901,17153,201,141,5,17809,18241,16456,17414,19018,17851,18111,18496,17916,16750,17332,16933,16534,17180,17562,17974,17168,16376,17975,16441,16371,15903,17025,17512,14496,15037,15688,14357,14203,14689,14854,13242,14891,14734,14547,14858,14126,15186,13963,13507,13642,13466,13814,13235,14673,14532,14564,15870,12394,13838,13599,13220,12123,13267,14116,12408,12389,13811,13632,12587,12887,12852,13061,13437,14747,13515,12155,13048,13310,12514,12711,13130,12986,12989,12522,13821,14945,13355,13227,13793,12186,13271,13766,12872,15395,12013,13748,12048,13124,13022,13250,11673,14345,13108,13362,13912,12808,11986,12030,11132,11347,10959,12039,11679,10748,13168,11424,11286,10275,10887,12496,11436,10451,11265,10211,10678,10668,11462,10456,10730,10345,10941,10848,9588,9629,10134,10157,8784,8872,10108,10744,9352,9504,9048,9165,9408,9006,9268,9592,9529,8833,9267,9180,9470,7913,7990,8680,7573,9112,7834,8002,9349,8696,8476,8064,7561,7708,7940,7977,7612,7272,7745,7478,6849,7203,7508,7545,7475,6921,6581,6706,6834,6512,6742,6957,6564,6224,7178,6940,6676,6658,6868,6723,6145,5547,6567,6562,6077,6793,7771,6430,5875,5090,5649,6131,1573,5856,2938,4440,5835,5761,6085,4727,1425,6050,6088,5535,6320,6491,5966,5622,6077,6472,5313,5672,6527,5857,5271,5383,6401,5859,6202,6424,5976,6044,5685,6152,5960,6145,6306,6401,5764,6068,6071,6351,6294,7166,6192,5924,6117,5877,7483,7355,5404,6399,5982,5707,6097,5911,6005,6028,5966,5537,5799,6053,6847,6302,5734,5764,6287,7657,6562,6385,6568,6853,5771,5681,6277,5962,6988,6626,6003,5186,6077,6329,5985,6378,6330,6169,6154,6767,6509,6138,5447,7497,6708,5914,6918,6230,7204,6044,6401,6074,6047,6293,6410,6302,5977,6049,5823,6334,6999,6454,6267,6379,5791,6263,6821,6671,5948,6150,7218,6207,6238,8899,6027,6206,6467,6314,5978,5747,6863,6612,5726,5756,6106,6616,6212,6242,5892,5898,6255,6466,6426,6087,6053,6664,6310,5960,5858,5062,5985,5862,5427,4715,6097,5909,5736,6425,5445,5594,6309,7763,5932,6182,5591,6207,6485,6060,5261,5594,6043,5219,5623,5806,5352,5766,6410,5404,5503,5693,6272,4796,5484,5884,4850,5223,5092,5400,5389,5387,5222,5442,4694,3877,4012,4352,3872,3777,4318,3728,3659,3744,4528,3948,3838,3543,3602,3965,3622,3353,3702,3586,3635,3724,3750,3813,3222,3552,3690,3429,3609,3745,3417,3465,2933,3397,3564,3126,3698,3794,3707,3571,3587,3332,3686,3556,3193,3488,3625,3399,3413,3067,2932,3011,2918,3177,3019,3123,3873,3155,3141,2546,3581,3452,3347,3315,3691,3421,3454,3556,2885,3568,3494,3479,3421,3682,4334,3834,3353,3694,3553,3690,3246,3350,3933,4066,3486,3578,3450,3767,3645,3440,3294,3029,3581,3054,3078,3342,3039,3295,3280,3189,3026,3518,3710,3986,3301,3643,3499,3527,3790,3243,2916,3141,2758,2697,2371,3280,2976,3217,2757,3605,3244
    Germany,24073,24354,28282,26419,31960,18855,19301,24971,32244,22072,24679,17252,17979,19232,8491,2176,11468,11511,1054,1704,19383,15345,5453,758,989,1118,72,115,58,146,162,145,1467,129,116,79,121,117,10,12082,28,76,32947,34832,155,128,2,28403,28747,37866,26925,34907,28122,26309,35253,35193,29678,27268,34054,30736,29500,29720,30015,26590,29570,29936,28880,30473,33595,30242,27008,28070,28667,28632,25926,31333,28444,26716,28692,30817,24443,27118,30873,25518,28188,28618,26170,28524,24007,24996,30609,29652,30131,25994,21773,25019,25498,28188,23342,21001,23456,24177,19847,20970,30435,26471,20426,24480,22457,21472,21810,21320,22101,21380,21193,20998,21364,24079,22303,22838,22085,20908,21936,21677,21622,22347,19555,19866,20070,21847,18413,21130,20744,19502,19720,21229,20297,21207,24025,23735,20957,20147,19048,18627,18508,21110,17051,16995,18132,18302,17827,17301,20713,18146,17845,17108,17487,20344,18588,17160,17242,16801,16625,16092,17431,17408,17532,15710,16285,18404,14201,14312,14792,15202,14186,13257,16133,15725,15670,14805,15355,14872,14667,13773,15332,15251,13824,14457,15013,14829,14041,14316,13795,14109,13672,13445,13521,13903,14320,13450,13859,13634,13099,12819,13177,13263,13366,14404,13025,12365,12756,13465,13096,12991,16087,12886,13278,13076,14332,12523,12872,13071,12481,12198,12869,13092,12584,12090,12261,12731,11393,11130,11717,12064,10778,11663,12766,12373,11403,10897,10754,11373,4646,11082,5648,9139,13093,13521,11565,11332,5768,13160,13545,12876,13297,13468,12450,12815,12987,12486,12423,12815,14535,13967,13078,12626,15373,14215,14877,14434,13754,14149,12943,13683,14165,13022,13623,14068,13942,12909,14607,13711,16026,15118,13996,13978,14731,13893,14555,14190,13541,14018,14239,14528,13738,13550,14165,13705,13683,13945,12984,13563,13270,12191,12471,12838,12521,12757,13440,14808,14537,13708,10482,11269,16410,15717,15378,14179,14749,14847,13036,14882,16029,15768,16384,15834,15437,16751,14969,14719,16303,17399,16132,14780,15473,18387,15930,15315,15294,15276,16033,16362,15745,15056,14631,16095,16453,15807,16228,16811,16004,18779,14095,16479,17187,16445,14746,15678,16361,14645,16809,17058,17095,14971,15419,15492,14719,15365,16683,15438,14576,14010,13554,14225,13446,11880,13998,13529,11560,12512,15069,13811,13352,12646,11938,11159,12840,11153,12098,12008,11769,11090,12152,12672,11260,12030,11702,12239,11259,11926,11389,11877,10969,11289,11720,11430,12711,11710,11429,11209,11947,13260,11267,11658,10934,11967,11643,11619,11360,9435,10665,10442,8417,9219,9520,9925,9817,11072,10603,9858,8874,7952,8054,8796,7601,6532,7917,7715,7028,6659,8726,7650,8942,6124,6341,6496,6010,6653,5795,6286,6872,6321,7834,7195,6146,6531,6243,6239,6403,6076,6396,6021,5371,6262,6378,6266,6004,6155,6403,6455,6205,5637,5672,5746,5301,5698,6419,6073,7006,5959,5729,5999,5841,5728,6238,5853,4998,5242,5628,5615,4892,5535,5528,5043,5401,5860,5753,5679,6778,6105,5065,5587,5735,6664,6523,6166,6341,6126,6180,7021,7806,6522,6401,7060,6807,6263,6230,6600,6255,5642,6319,6508,5225,5617,7213,6495,5049,4827,5438,5970,5145,5347,5428,4789,5297,5410,5153,4922,5539,5104,4815,5338,4486,4665,4060,4443,3744,4322,5009,4626,4282
    Italy,6174,4503,4538,6363,7268,4908,5851,5191,6876,6878,7272,4778,4138,4198,2143,684,2396,2861,239,506,3186,3162,1560,68,113,273,25,104,12,29,200,97,352,18,93,40,80,44,3,1639,12,41,10842,9127,64,12,2,7533,7135,7436,7574,8883,6885,7071,9884,12384,11422,7689,8890,8156,7530,7406,8309,9308,7940,7760,8698,10652,8785,8370,8550,7359,6881,7805,6657,6092,6409,7223,5862,6078,5360,7195,6706,6399,6865,6325,6446,5180,6658,6436,5803,5755,6001,6225,6946,5871,6333,5907,5713,5498,5927,5736,5209,4944,5194,6346,5786,5712,5424,5953,5227,5952,5432,5478,5167,5805,5601,5564,5549,5552,5627,5356,6014,5323,6070,5620,5814,5033,5300,5770,4765,5744,5279,5485,4796,5872,5200,5716,5257,5827,5380,5226,5811,4294,4643,4886,4509,4921,4289,4347,4557,4026,5190,3939,4321,4159,4037,4601,4314,3847,4306,4242,4173,4313,4427,4312,4307,4124,4443,3625,3852,3864,3964,3726,3436,3305,3960,4451,3506,3727,3635,3604,3276,3365,3093,4048,3493,3526,3894,3324,4387,3042,3175,3301,3168,3213,3057,3060,3876,3738,3206,3126,2827,3111,2884,3087,3096,2892,3129,2748,2631,2857,3365,2936,3143,2649,3363,2584,2486,2343,2647,2620,2275,2159,2598,2576,2379,2345,2454,2598,2370,2277,2209,2354,2090,2360,2368,2178,2222,1588,2086,2297,349,2306,843,1322,3160,2657,2293,1154,566,3115,2848,2786,3089,3276,3067,3200,2163,2771,3034,3090,4376,3019,2692,2173,3075,3043,3107,3216,3164,3475,2414,3077,2884,3401,3580,3704,3428,3251,3407,3206,3894,3692,3384,3461,3905,3472,3578,3438,2996,3877,3385,3495,5055,3690,2937,3913,3140,3149,3453,3483,3594,3715,3306,3209,3218,3518,3723,3213,3713,3639,3099,3280,3683,3349,4161,3464,3513,3193,3232,3389,3715,3346,3521,3691,3547,3643,3578,3422,3699,3714,3719,3169,3453,4058,3969,3689,4041,4011,3825,4418,3619,3995,3770,3886,3614,4329,4737,4460,4242,4396,4438,4427,5075,4581,4223,4363,4217,5446,5651,5387,5337,4941,5563,5590,4925,5096,5277,5497,5464,4976,4494,5374,4876,3936,4859,4812,4899,4710,4451,4803,3801,5047,4881,4538,4072,2800,5292,4788,3902,2152,4756,4859,3812,5340,4351,4216,4694,4816,4229,4440,5086,4928,4555,4768,4103,4016,4311,4416,4548,5325,4176,4812,4360,4786,4632,4441,4997,4137,4576,4615,4175,4540,4440,4079,4307,5556,4250,4241,4472,3443,3072,3055,2682,2936,2408,2906,2968,3194,4038,3318,2664,2471,2713,2851,2456,2529,2048,2545,2357,2160,3077,2650,2513,2201,2118,2181,2292,1908,2178,2242,2171,2254,2103,2178,2160,2121,2346,2172,2295,2025,2319,2339,1753,1624,2535,2072,2362,1878,1949,1939,2104,1612,1919,1855,1633,1492,1836,1680,1851,1936,1661,1735,2067,2123,2117,1740,2138,2279,1618,1808,1711,2017,2095,1989,2087,2115,1949,2096,2215,1914,2000,2109,2613,2002,2115,2079,2209,2232,1972,2263,1986,2174,3095,2217,1833,1838,1923,1983,1667,1888,1861,1846,2005,1804,2195,1869,1761,2071,1651,1959,1548,1626,1328,1478,1703,1844,1730,1719,2196
    Netherlands,8194,7214,7448,7993,7839,7467,7580,6202,7913,7544,7749,6538,6448,6099,4069,1053,4712,4979,462,793,6273,5420,2858,114,208,448,44,64,27,24,104,109,800,36,92,40,78,78,0,3177,14,32,7791,7234,100,27,1,8504,7795,8300,8068,8925,8072,8262,8064,7938,8047,8498,8565,8283,8141,7823,8454,8029,8520,8178,7510,8183,7896,8462,8637,7336,7430,7516,7066,6944,7261,7434,6969,7066,7317,7155,7124,6596,6848,6916,7508,6634,6626,6741,6856,6701,6963,6850,6884,6356,6777,6793,6905,6722,6535,6683,6115,6735,6897,6033,6588,6696,6211,6645,7021,7564,6965,5764,7282,7299,6975,6585,7304,6954,6844,6809,7108,6984,7754,6842,6845,7019,6705,6718,6696,6732,6890,6909,6458,6743,6984,7036,6810,7348,6700,6606,6449,6907,6979,6763,6656,6760,6502,6972,6568,6268,6756,7071,6886,6241,6095,6235,7227,6415,6418,6165,6494,6512,6410,6273,6495,6577,6614,6484,6037,5729,6035,7071,5600,5761,6762,7189,5997,5918,6080,6050,6843,5933,6372,5886,5849,5937,6024,5900,6887,5976,6002,5726,5722,5916,5798,5827,5844,5849,5975,6006,5579,5729,5831,5841,5479,5849,5417,5558,5819,5711,5561,5575,5724,5228,5159,5615,5942,5410,5718,5472,5989,5785,5516,5255,5573,5253,5138,5394,4706,5039,4462,5168,5060,5476,5436,5258,4770,4429,4880,5001,2835,5496,3637,4014,5896,5609,5107,4417,3444,6131,6304,5961,6263,5834,5969,5896,5757,5419,5789,5630,6995,6322,5629,5396,6543,6759,6652,6510,6196,6366,6014,6509,6230,6477,6907,6777,6014,6244,6285,6601,6061,6456,6426,6522,6301,5485,5892,5896,5145,5329,4937,5011,5571,5435,5061,5547,5158,4359,4789,5248,5623,4981,4617,4677,5132,5380,5609,4793,5120,5246,4575,4925,5534,5434,5698,5391,5577,5232,5247,5157,5499,5374,5391,5660,5561,5651,5898,5269,5557,5768,5491,5174,5759,6316,5824,5944,6035,5676,6210,6072,5937,5665,5396,6020,5595,6894,6345,5965,5766,6580,5676,6364,7411,6491,6201,6280,5976,6372,6652,6540,6611,5957,6504,6822,6114,6382,6704,6976,6781,6576,7062,6928,6680,6480,6521,6074,6223,5860,6465,6681,6614,6218,7237,5762,5560,5602,6882,5976,5825,5070,6177,5768,5690,6371,6157,6023,6593,6207,6000,6411,5570,6083,6254,5937,5872,6060,5518,6481,5849,5863,6096,5928,5403,5881,5829,6038,5629,5538,5610,5928,5089,4864,5117,5355,4800,4904,5286,5684,5230,4014,4343,3992,3897,3595,3953,4116,3730,3539,4352,4425,3857,3398,3552,3558,3403,3623,3796,3436,3721,3577,3946,3266,3598,3386,3338,3325,3343,3727,3595,3460,3316,3489,3288,2964,3383,3438,3377,3210,3588,3209,3027,3187,3493,3363,3448,3237,3709,3389,3373,3438,3818,3384,3344,3094,3281,3287,3513,3363,3536,3460,3329,3369,3400,3442,3370,3606,3514,3473,3452,3566,3345,4164,4025,3980,4258,4100,4163,4017,4514,4376,3650,4361,3984,3867,3874,4160,3815,4151,4801,3960,3727,3699,3844,3782,3478,3260,3558,3811,3467,3203,3941,3540,3253,3158,4152,3446,3488,3190,3435,3046,2979,2814,2875,3360,2565,2829,3188,3172,2907
    Switzerland,6816,6235,6434,6821,5180,6409,6769,4894,6538,6465,7059,4741,4836,4852,2728,628,3492,3793,359,593,4141,4412,1802,77,69,225,29,46,19,35,49,78,476,110,47,49,69,47,4,2048,20,38,8148,7231,58,50,0,7809,7813,8343,8066,7422,8400,7778,8628,8182,8408,7856,9172,8320,8251,8071,8698,8766,8313,8538,8479,8991,8392,8573,8725,8600,8939,8664,8452,7546,8572,8766,8392,9168,8267,8533,10525,8291,9496,8445,8350,8206,7776,8450,8341,8586,8381,8559,8203,8151,8348,9135,8388,8286,8325,8526,8691,8028,8339,8319,8262,8915,8654,8573,8326,8354,8506,8503,8526,8675,8596,8973,8852,8597,8231,8042,8184,7316,8724,8401,7313,6909,8917,7800,6547,6888,6895,7005,6629,7449,6913,6949,6722,7532,7013,7056,6744,6672,6820,7057,6363,6504,6551,6337,6452,6403,6870,6351,6616,5809,6287,6320,7523,5988,6226,6084,5775,6003,6128,6462,6038,5264,5608,5368,5066,5150,5299,5431,5165,5390,5569,5078,5409,5589,5313,5713,5771,5177,5461,5372,4719,4792,6144,5660,5333,4551,4548,4649,4591,4638,4633,4570,4802,4462,4626,4664,4467,4478,4678,4622,4393,4252,4023,3932,3874,4132,4490,4404,4543,3920,4408,3894,3790,3919,4014,4140,3808,3874,3880,3942,3513,3920,3816,3849,3489,3484,3791,3669,3423,3710,3997,3554,3533,2975,3096,3400,1020,3226,1709,2346,3813,3604,3411,2819,1224,3619,3477,3535,4058,4268,3707,3665,3965,3722,3807,3699,3749,4138,3973,3549,3771,3883,3996,3913,3760,3995,3963,3860,3814,3865,3956,3801,4182,3904,4250,4140,3875,4356,3801,4111,4267,3828,4211,3788,3892,4580,3877,3923,4226,4115,3600,3965,3834,3803,4022,4222,3929,4104,3639,4100,4054,4076,3972,3901,4259,4627,3214,3655,4887,4972,5315,4444,4763,4664,4035,4444,4805,5168,5213,5195,5241,4951,6047,4881,4370,4696,5291,4938,5019,5164,4548,4460,4320,4275,4380,4769,4680,4657,4083,4637,4317,4841,5039,5145,4921,5301,4750,4931,5431,4828,4549,4894,5149,5293,5348,5245,5566,5045,5308,5341,4975,5027,5356,5296,4681,4972,4833,4761,5311,5069,5215,4962,5193,5187,4698,5132,5337,5183,4925,5225,4369,4457,5237,4891,4790,3983,5414,4886,4228,5497,4940,4655,4849,5221,5062,4842,5055,5107,4870,5141,5133,5028,5035,4613,5712,5700,5150,5338,4966,5220,5169,5216,5369,4701,5161,5018,4484,4299,4981,4910,4093,4306,4827,4890,4755,3258,3367,3764,3286,3346,3215,3279,3144,3337,3760,3183,3247,3233,2879,3049,3205,2775,2890,3029,2961,2639,3295,2984,2741,2732,2869,2956,2662,2612,2797,2554,2482,2546,2886,2580,2631,2276,2435,2255,2337,2151,2144,2430,2110,2470,2516,2433,2331,2275,2092,2193,2084,2380,1986,1999,2111,1985,2120,2184,1982,2188,2123,2399,2096,2261,2103,1980,2263,2307,2012,2141,2251,2094,2238,2216,2042,2096,2096,2237,2144,1999,2253,1974,1998,1701,1971,1982,1521,2006,1905,1872,1566,1748,2175,1853,1600,1674,1472,1866,1662,1538,1631,1551,1475,1486,1592,1747,1695,1878,1751,1605,1447,1457,1174,1629,1748,1578,1492,1619,1515
    Oceania,109082,104263,111299,107739,97915,115074,98574,88036,133815,102139,97969,83352,84721,87164,40529,9517,59445,65401,2930,7574,88341,70008,26808,323,329,1858,339,372,269,309,487,432,4916,396,266,196,287,539,21,24704,70,135,113004,96658,870,195,13,112445,110402,114302,111359,96238,110592,107091,105954,112565,116922,108193,113636,109577,107183,97442,106614,110609,111626,106463,99419,103784,104340,105743,104107,102461,102176,107752,98447,108028,103163,102236,99768,114217,103972,95543,101842,94555,95502,97055,87975,98149,94217,100212,100077,95980,99702,99907,100844,99818,106089,101654,98112,91071,99244,94244,100217,100533,100190,104407,91203,99275,94527,95493,102233,95040,95877,100967,108495,106173,97614,102443,108693,106840,103831,102505,107483,110984,103831,106431,105336,104923,106761,98944,104072,104060,107054,108168,93345,92281,104826,99669,86820,98304,104296,99017,93727,89234,89882,91907,95363,85777,95986,92647,88776,87130,87537,91123,99292,84370,80653,82415,79372,82081,82272,82616,83536,83358,86041,83224,79702,78115,84656,88024,73541,70770,72681,76590,76111,77367,83226,80646,74896,78649,80881,78380,82306,81343,81023,78919,80687,80755,79967,79760,74775,77760,80836,80087,74418,69976,75451,75822,67804,63354,81753,76398,70370,66293,68005,67595,65191,71678,69845,68357,65535,66659,67364,70870,77356,66003,61458,64618,60227,60562,63122,62736,65386,62948,65454,61911,56750,59406,58387,59781,54372,51390,55866,57720,50213,57396,64671,57073,55561,44004,47018,51312,16028,44658,24105,37498,51342,49598,49473,45587,17910,53940,54290,49427,56092,57290,56427,53895,52113,54152,47137,53787,55383,54566,54374,51562,56355,55057,54623,55616,55715,56948,51040,54546,56115,52509,52136,57537,48858,49113,49461,50559,46033,48560,56528,52350,53270,49090,48384,46774,44726,50561,47331,47290,47676,45033,43566,47611,45252,42549,44698,45079,44794,42364,41468,43018,39261,45207,44650,43865,44027,39113,36002,38365,39335,39412,40308,38959,38260,37883,39153,39727,36359,35123,36667,37341,34206,38613,36334,35178,35939,34537,37114,35294,34989,36674,36175,37849,35941,34854,33140,35074,35922,35742,35111,35397,35034,35409,34913,33964,36673,38051,35646,37027,36340,36979,36245,35996,37660,36881,36704,37059,41087,34972,38283,35846,38102,39372,37532,35674,37214,39705,40004,38826,38979,36417,35807,40227,37082,42533,39182,39537,38849,35138,36684,39471,35589,38928,39820,35047,41962,39093,39133,35229,34044,44952,42437,42161,45870,46343,45337,46298,47910,48694,45236,46006,49673,47937,48599,49492,45165,47894,47030,48495,42219,43284,47363,45636,44558,38381,39462,38985,36750,38178,38816,38477,35893,35558,41659,38351,36690,36821,36946,34802,33402,33043,34428,39301,33301,33607,34501,35295,34026,33838,33039,33835,32851,32163,32501,30800,31827,29869,31620,34792,32447,30961,31008,29466,31692,30066,30269,30393,31240,31065,30759,31080,30776,30819,30129,31473,30910,26091,30462,30006,27400,27884,29730,32983,29910,27954,27904,24593,27902,28002,27473,26148,27158,26179,27893,27200,26420,27560,27938,29087,26066,31409,33741,30790,27618,30215,28845,29750,28627,24746,28075,29343,25049,26568,27309,27501,26301,30058,29077,25863,27044,25581,27127,26396,25202,24889,25697,26634,25142,25868,27129,25049,26823,24312,22240,18824,24138,21698,23137,21677,24684,23044,23038,24056,22930,23992,23574,20266,24542,25172,22723,23284,24839,23746,26994,23867,23268
    Australia,92416,86845,100516,96883,91024,93938,85271,69827,112744,92711,85507,73480,72643,78686,38085,9622,52261,59525,2602,6941,77154,65542,25111,246,258,1858,302,326,200,253,407,358,4762,347,222,137,219,502,19,22113,66,115,93731,80605,761,191,6,97054,95094,102583,97091,84958,91966,93971,90119,95417,101033,96644,98615,96121,93050,86279,93934,94992,95636,94147,85860,92185,90062,94825,91658,90281,89002,94861,85832,94417,90043,90598,87386,99767,90691,84447,88171,82855,83442,85226,75868,86962,82753,88766,88428,85646,87513,87849,89017,87627,93705,89171,86541,75287,87584,82806,87796,93192,88943,92071,80695,88440,84420,85283,90379,83739,85035,90247,96652,94198,86395,91538,97668,95408,92366,90916,96631,99055,93375,95074,93073,94543,94854,87941,93172,91836,94950,96712,82593,81760,93118,88966,74748,86152,92288,88053,81896,79029,79382,79990,81868,76656,83133,79914,79384,77321,75649,79272,85952,74575,71518,72814,71101,72958,72496,74278,73591,75346,77082,74225,71187,68877,75266,77729,65512,64425,63461,68101,66540,68064,74312,71958,66288,68392,69966,68394,72273,72412,70744,68684,69443,69943,69869,69535,64364,66498,69343,69023,64007,59025,63664,65066,57943,55645,69815,65826,59615,54681,57496,56892,55369,63164,57928,56763,54461,56028,57038,58515,64334,54705,50145,53141,49600,50300,52405,51511,54410,52226,54225,50920,45430,48334,48219,49683,44963,42882,45366,47298,40950,47324,54242,46815,44829,36277,38680,41906,12943,37058,19991,31535,42053,40473,41012,37876,14021,45069,45812,41019,47654,47352,46987,45474,43422,45633,38808,44591,46322,46360,45904,43413,47585,46216,45793,46943,46188,46844,42871,45545,46529,42350,43223,48059,40293,40600,41164,41588,38458,39814,48012,44097,43216,40656,39672,38135,36919,40585,38533,38787,39458,38231,36865,39956,37186,34206,36530,37377,37105,35114,34437,34839,32252,37235,37785,35774,36092,33153,29765,32099,32871,31745,33217,32269,31368,31072,32200,32850,28939,28681,30310,30916,28101,29862,29579,28755,29459,28689,30386,28970,27940,29746,29846,31655,29062,27824,26790,28642,29102,28477,28754,28920,28228,28472,27708,27266,28746,30226,28597,29880,29159,29488,29540,28449,30338,30078,29903,30431,34548,28582,31402,29055,30911,31507,30117,28797,30666,32939,32426,31690,32876,30633,29227,33517,30370,34281,31967,32880,32408,28018,30289,32250,28381,31315,32420,28643,34726,32656,32280,28520,28382,37600,35457,34924,38084,38017,37354,39074,38737,39112,37528,38414,42011,39043,39388,40192,35874,39832,38180,38174,33242,33880,37899,37494,36068,30231,31120,30651,28761,29817,30603,30820,28506,28258,32657,29514,29551,28822,29243,27431,25711,26427,26413,30982,26533,26062,27662,26648,26934,27306,26052,27117,27436,26403,26914,25549,25573,23379,24579,28385,26206,25180,25361,23878,25987,23506,24804,25245,25514,25957,24934,25488,24533,25249,24639,26758,25735,20905,24861,24246,21718,21682,24051,26650,23745,22110,22206,20482,22564,22592,21540,21087,21511,20504,21938,21635,20783,21902,20964,25497,20838,25652,28327,25236,21267,23633,22642,23916,23139,19142,21981,25424,20163,21292,21641,22388,20519,23738,22091,20373,20991,19189,21130,22235,19084,18998,19160,19803,19827,20299,20288,18632,20749,17927,15889,14987,18608,16896,17028,15149,19756,18178,15917,17691,17268,18588,18186,17226,19797,20817,18570,18053,20378,18856,19852,19127,18697
    New Zealand,12217,13411,12285,10670,9817,12794,11264,8724,11364,12202,11238,7454,8708,9215,2988,233,3659,5319,69,132,9157,6806,1466,63,58,33,31,40,53,54,51,52,63,49,41,52,63,49,1,3079,3,20,12919,9853,106,11,1,13410,13127,12224,12894,11377,12708,12873,11474,11555,13584,13177,14115,11602,11872,11270,11194,11354,11736,12096,10591,10700,11712,11842,11196,10320,11425,11841,10372,11871,10982,10716,9866,11774,10801,10350,12054,10409,10270,10514,9944,9233,9912,10094,9781,8980,10274,10669,9958,10935,11068,11178,9908,10948,10676,10438,11221,10787,10064,11056,9789,9577,8892,8872,10725,9345,9904,9998,10494,11752,10092,9722,9866,9912,10171,10003,10032,9734,9293,10343,11118,9891,10584,9811,9706,10210,10644,10389,9948,10594,10361,9795,10687,10979,10231,9990,10613,8786,9151,10310,12592,10022,11096,11099,7734,7637,10771,10470,12090,8295,7989,8516,7674,7981,8065,7723,8320,8104,7703,8311,7449,7817,8622,8835,7509,6987,7842,7766,8202,7904,7296,7842,7346,9054,9971,8368,9458,9594,8695,9346,9824,9528,8637,9209,9201,9671,10250,9829,9788,9417,10029,9710,8574,9198,10345,9746,9650,9968,9570,9288,9218,8984,10600,10094,10370,9816,8803,11294,11199,10068,9990,10312,10118,10507,9499,9694,9738,9864,10305,9690,9883,9593,8916,9057,8783,8475,9229,9278,8110,9060,9273,9189,9554,6768,7550,8217,2837,7264,3673,5429,8735,7743,7469,6756,3320,7904,7740,7383,8037,8314,8323,7427,7972,7614,7852,8109,7487,7303,7611,7254,8336,8039,7770,7939,8178,8762,7525,7969,8056,8838,8078,8453,7670,7240,7658,7877,6345,7246,8139,7384,8291,7555,7680,7732,6840,7228,7759,7472,6981,6685,6398,6869,6842,7291,7311,7008,6888,5764,6319,7186,6194,6689,6552,7042,6753,5319,5443,5527,5772,6108,6312,5965,5879,5564,6372,5932,6169,5533,5472,5806,5279,5905,5685,5540,5523,5710,6077,5503,5859,5653,5403,5410,5918,5433,5382,5221,5833,5704,5432,5525,5364,5621,5979,5648,6600,6065,5520,5406,5696,5819,5378,5701,5735,5261,5257,5255,5194,4862,5063,5213,5169,5402,5791,5361,5204,5108,6129,5593,4787,4370,4848,5197,5006,5430,5543,4954,5055,5547,4932,5339,5469,5319,5400,4909,5432,5096,5049,4911,4614,5732,5388,5542,6136,6796,6062,5791,6998,6676,5749,5990,6486,6897,7324,7187,7201,7008,7004,8903,7563,7559,6895,6382,6982,6671,6565,6746,6635,6703,6646,6634,5900,6024,7197,6795,6096,6618,6450,6067,6325,6118,6937,7517,5709,5899,5268,6640,6006,5616,5935,5891,4544,4853,4716,4687,5129,4980,5650,5279,5038,4804,4870,5010,5031,4801,4472,4676,4721,4851,4667,4630,5285,4656,4711,5181,4797,4789,4825,5331,4683,4477,4490,5427,5006,5022,4795,4499,4947,4549,5189,4533,4442,4558,4979,4724,4371,4773,5877,4689,4687,5474,4757,4999,5404,5202,4776,5063,4193,4638,5168,5070,4391,5046,5009,4409,5137,5054,5314,4573,4861,5357,4882,5325,5592,4988,5606,5582,5053,5190,4740,5205,5069,5080,5178,5014,5117,4679,5170,5295,4654,4248,5221,5279,5186,4566,4469,4247,4273,4182,3921,4168,4215,4272,4953,4278,4123
    Africa,5418,5477,4525,5323,5084,5254,6035,4139,5169,5636,5378,3603,3930,3890,1554,152,2514,2624,102,82,4041,2662,898,42,75,73,58,42,9,31,38,49,47,49,35,41,53,36,1,1595,10,19,9316,4354,38,50,3,8183,7262,7078,6859,6937,7959,7457,6378,6388,9970,7424,6896,6507,6679,5889,6169,7409,7014,7891,6641,6885,7831,7039,6817,5944,6096,6605,6012,6085,6269,6321,6626,6206,6859,6326,6544,5884,6511,6478,6141,6506,5437,5796,5610,5479,6331,5958,5638,5794,6318,5466,5753,5449,5214,5556,5613,5444,5359,5566,5693,5311,4501,5655,5332,5187,5511,5805,5103,6377,5648,5835,5599,6326,5244,5137,5636,5995,6464,5284,5564,5544,5683,5184,4560,5696,5177,5687,5617,6116,6021,5495,5934,6115,5309,5451,5710,5996,6272,5708,5746,5787,6102,6975,6806,5876,5826,5682,6140,6284,6115,6182,6317,6196,5883,5877,6351,6708,6257,7056,6171,6127,6439,6627,6265,5809,6527,6680,6517,6139,6550,6492,5828,7396,7433,6886,7276,7929,7501,7429,8322,7571,6750,8236,7625,7593,8404,7142,8253,8391,8272,8270,7958,7425,8313,8474,9335,7608,7507,7599,7710,7027,7319,7617,6845,7574,7580,7405,8320,7170,6648,6817,6822,6860,7631,6557,6322,6773,6817,6603,6848,6320,6048,6503,5540,5818,5959,6405,5950,5643,7123,6409,5512,4938,5655,5948,1707,5320,2798,4403,6316,7061,5297,6435,2081,6033,6165,5799,5972,6353,6979,5834,5978,6110,5753,6001,5757,7638,6674,5813,7880,7462,7181,7686,8129,7735,6620,7190,7974,7422,8322,8448,8953,8493,8698,8305,7079,8395,8372,8338,9389,7717,7976,7804,7056,7629,8000,7441,7241,7685,7390,7722,7174,6126,6443,7292,6270,6453,6478,6514,7169,6315,6833,6879,6428,5911,5391,5779,5829,6724,5839,6023,6063,5884,6191,5694,5229,6624,6545,6080,6828,6922,6557,6337,7110,6861,6572,6261,6743,6999,6686,7276,7147,7133,6924,7008,7888,8099,7256,6891,7566,8037,8902,7866,7103,10140,8198,9283,8573,8063,7641,8266,8577,8817,8684,7980,7917,7554,10476,8463,7311,7129,8338,8104,7131,6119,6324,7265,5215,4497,5431,5585,4715,5978,6856,5904,5167,4421,4797,4531,4782,4608,4749,4931,4594,4365,4725,4499,4601,4841,4726,5300,4428,4553,4459,4314,4570,4479,5001,4729,4546,4394,4479,4584,4754,5344,4509,4464,4424,4517,4532,4781,4118,3796,4034,4431,3772,3432,3731,3948,3553,3845,4162,3954,3702,3041,3267,3076,2281,2004,2481,2686,1562,1913,3310,2979,2429,1415,1359,1540,1689,1322,1327,1237,886,1315,1280,1292,1296,1262,1268,1247,1031,1089,1202,1203,771,852,904,1273,928,1094,999,968,1149,1105,1174,1150,1265,1239,1093,1094,1151,1024,1086,1097,1110,954,989,1008,1020,918,1250,944,940,1051,897,1113,925,1101,915,905,1313,1408,1051,941,1005,949,1023,892,1001,1054,962,1298,1146,982,1239,1003,866,850,919,896,821,864,870,912,799,885,856,953,878,705,769,738,762,597,729,712,623,610,856,729,779,765,646,718,561,517,830,665,479,504,652,623,641
